5 , 790 , 1,12,1,5,2,18,52,1,6,19,2,3,10,1,3,6,1,16,2,1,2,2,1,1,1,282,1,1,1,1,21,8,5,4,523,1,18,1,1
5 , 800 , 1,13,1,7,1,3,28,51,1,7,13,3,3,11,2,6,7,1,19,2,1,3,3,1,1,2,356,1,1,1,1,27,9,6,5,656,1,23,1,1,1,1,1,1,1,1,2
5 , 810 , 1,1,10,6,1,4,22,33,1,4,6,2,2,11,2,5,3,1,17,3,2,3,1,1,1,279,1,2,2,19,9,2,4,540,1,20,1,1,1,1,1,1,1,1
5 , 820 , 1,1,1,1,4,1,1,1,1,3,1,6,5,29,1,1,4,2,3,3,9,25,4,17,5,2,3,1,1,278,1,1,1,20,11,1,3,520,20,2,1,1,1,1,1
5 , 830 , 1,2,2,1,8,3,1,1,1,1,1,1,1,8,3,14,6,46,2,1,8,1,7,5,24,44,4,22,10,5,4,4,1,534,1,3,2,37,14,2,4,1007,36,3,2,3,1,1
5 , 840 , 2,2,2,5,4,3,1,2,1,1,8,10,3,32,12,4,4,11,36,8,17,6,5,2,4,1,420,3,2,32,8,3,7,791,33,3,2,1,1
5 , 850 , 2,4,2,3,5,6,1,3,1,1,10,1,1,1,1,1,1,1,14,3,9,16,4,4,1,12,42,8,20,8,5,3,4,2,508,4,2,38,12,5,8,943,43,3,4,1,2,1
5 , 860 , 2,5,2,1,6,4,1,2,2,9,1,1,1,1,7,1,1,18,2,16,3,2,1,9,2,2,1,21,3,4,2,3,2,418,3,3,27,15,1,11,751,35,5,2,1,1
5 , 870 , 1,4,1,3,5,1,2,2,7,1,1,2,6,1,14,1,1,1,1,12,2,1,9,2,2,10,3,5,2,1,1,313,2,1,18,15,8,564,26,4,2
5 , 880 , 3,9,2,7,7,1,2,5,12,3,2,1,2,10,1,21,1,2,2,1,1,1,1,1,1,18,1,4,1,18,3,4,18,4,7,2,2,2,589,3,2,29,29,11,1032,43,6,5
6 , 1080 , 3,3,72,43,1,9,6,15,6,2,17,5,4,14,2,1,41,4,41,2,1,7,37,7,1,8,19,14,3,6,15,1,74,3,32,2,13,1,1,7,67,5,7,1,55,5,4,1,154,2,3,9,87,9,40,4,23,4
6 , 1090 , 4,3,77,48,1,11,7,16,7,2,18,6,4,15,2,1,47,5,47,2,1,8,40,8,1,9,19,15,3,7,15,1,84,3,35,2,15,1,1,7,61,5,1,8,1,60,7,5,2,1,171,2,3,10,95,10,45,4,26,4
6 , 1100 , 5,4,98,57,1,12,8,17,9,2,24,8,5,20,4,1,59,6,61,2,2,8,52,9,1,9,23,19,3,7,18,1,100,1,3,42,2,18,1,1,8,59,7,1,9,1,71,7,6,2,1,218,3,1,3,13,120,11,65,5,34,6
6 , 1110 , 7,4,117,59,1,12,9,19,13,2,27,9,6,23,4,1,71,6,74,2,2,10,62,10,1,12,27,18,4,7,19,1,118,1,4,54,2,21,1,1,8,62,7,2,12,1,84,9,7,2,1,254,2,1,4,14,135,15,1,76,5,32,6
6 , 1120 , 8,6,135,63,1,13,10,20,15,3,29,9,8,24,4,1,85,6,81,2,2,11,69,10,1,15,28,15,6,8,23,2,139,1,4,57,2,25,1,1,11,50,8,2,14,1,95,10,8,2,1,285,1,1,6,1,14,153,18,1,83,5,25,7
6 , 1130 , 9,7,151,65,14,11,22,21,3,34,9,9,27,4,1,96,6,93,2,3,12,76,10,1,16,32,9,7,8,24,2,154,5,63,2,29,1,1,11,50,10,3,15,1,101,11,8,3,1,311,1,1,6,1,1,16,174,18,1,100,6,18,8
6 , 1140 , 9,7,151,57,14,12,20,22,3,36,9,9,28,4,1,97,7,94,3,3,12,77,10,1,17,33,8,7,8,24,2,157,5,65,2,29,1,1,11,32,10,3,15,1,104,11,8,3,1,313,1,1,6,1,1,16,175,18,102,6,6,8
6 , 1150 , 4,5,88,23,4,5,12,7,20,4,4,18,4,55,3,52,11,2,5,35,6,1,7,17,3,4,4,86,1,2,27,1,20,2,1,4,14,1,2,56,12,4,185,4,3,1,1,11,90,11,6,61,3,2,6
6 , 1160 , 6,5,111,20,6,9,13,1,9,28,4,6,26,5,70,3,71,15,2,8,51,10,1,9,23,2,5,5,118,2,2,37,2,30,3,3,4,15,1,2,69,16,9,268,4,3,2,1,1,1,16,135,12,7,86,4,2,10
6 , 1170 , 7,6,118,12,7,10,12,1,10,30,5,7,29,5,82,3,85,19,2,9,59,12,1,11,27,1,5,5,129,2,2,45,3,33,3,3,4,15,1,3,81,19,11,309,5,4,2,1,1,1,19,1,148,15,9,88,4,1,10
7 , 1830 , 29,7,12,2,39,2,49,1,1,14,6,25,2,5,2,3,30,5,3,6,13,1,1,3,50,4,1,33,4,10,9,27,4,2,31,5,3,25,6,4,5,4,1,1,2,1,5,7,2,152,31,1,1,2,4,1,1,1,14,36,5,15,19,7,13,35,8,7,14,52,10,4,7,8,6,33,9,37,5,15,54,16,15,4,16,120,2,1,24,15,2,12,38,2,9,3,2,31,60
7 , 1840 , 29,7,12,2,39,2,49,1,1,14,6,25,2,5,2,3,30,5,3,6,13,1,1,3,50,4,1,33,4,10,9,26,4,2,31,5,3,25,6,4,5,4,1,1,2,1,5,7,2,151,31,1,1,2,4,1,1,1,14,36,5,15,19,7,13,35,8,7,14,52,10,4,7,8,6,33,9,37,5,15,54,16,15,4,16,120,2,1,24,15,2,12,38,1,9,3,2,31,59
7 , 1850 , 29,7,12,2,42,2,54,1,1,15,7,29,3,5,2,3,33,5,3,6,13,1,1,1,54,5,1,38,5,12,9,28,6,2,34,6,3,28,6,4,5,5,1,1,2,1,5,8,2,168,33,1,1,2,4,1,1,1,14,41,6,18,21,7,16,40,10,7,15,62,10,5,8,9,6,34,10,45,5,17,60,18,16,4,18,142,2,1,24,17,2,12,44,1,10,3,2,33,65
7 , 1860 , 29,7,12,2,43,2,55,1,1,15,7,30,2,5,2,3,33,5,2,6,14,1,1,54,5,1,38,5,12,9,28,6,2,33,6,3,28,6,4,5,5,1,1,2,1,5,8,2,169,33,1,1,2,4,1,1,1,14,41,6,18,22,7,16,40,10,7,15,62,10,5,8,8,6,34,10,45,5,17,61,19,16,4,18,142,2,1,24,17,2,12,44,10,3,2,33,64
7 , 1870 , 29,7,12,2,43,2,55,1,1,15,7,30,2,5,2,3,33,5,2,6,14,1,1,54,5,1,38,5,11,9,28,6,1,33,6,3,28,6,4,5,5,1,1,2,1,5,8,2,169,33,1,1,2,4,1,1,14,41,6,18,22,7,16,40,10,7,15,62,10,5,8,8,6,34,10,45,5,17,61,19,16,4,18,142,2,1,24,17,2,12,46,10,3,1,33,63
7 , 1880 , 34,7,12,2,46,3,59,1,1,18,6,33,2,6,2,3,34,5,2,6,15,1,1,61,5,1,44,5,12,9,31,8,1,37,6,3,32,8,4,5,5,2,1,3,1,4,10,2,185,38,1,1,2,4,1,1,1,1,1,15,44,6,20,22,9,16,43,10,7,16,66,11,5,9,8,6,37,11,50,7,18,63,19,16,4,19,158,2,2,28,21,3,13,48,10,3,1,37,71
7 , 1890 , 34,7,12,2,46,3,59,1,1,18,6,33,2,6,2,3,35,5,2,6,15,1,1,62,5,1,44,5,12,9,32,8,1,37,6,3,33,9,5,5,6,2,1,3,1,4,10,2,187,38,1,1,2,4,1,1,1,1,1,1,15,45,6,21,22,9,16,45,10,7,16,66,11,5,9,8,6,37,11,49,7,18,64,19,16,5,19,159,2,2,28,21,3,13,49,10,3,1,37,71
7 , 1900 , 34,7,12,2,46,3,59,1,1,18,6,33,2,6,2,3,35,5,2,6,15,1,1,62,5,1,44,5,12,9,32,8,1,37,6,3,33,9,5,5,6,2,1,3,1,4,9,2,187,38,1,1,2,4,1,1,1,1,1,1,15,45,6,21,22,9,16,45,10,7,16,66,11,5,9,8,6,37,11,48,7,18,64,19,16,5,19,159,2,2,28,21,3,13,49,10,3,1,37,71
7 , 1910 , 34,7,12,2,46,3,59,1,1,18,6,33,2,6,2,3,35,5,2,6,15,1,1,62,5,1,44,5,12,9,32,8,1,37,6,3,33,9,5,5,6,2,1,3,1,4,9,2,187,38,1,1,2,4,1,1,1,1,1,1,15,45,6,21,22,9,16,45,10,7,16,66,11,5,9,8,6,37,11,48,7,18,64,19,16,5,19,159,2,2,28,21,3,13,49,10,3,1,37,71
7 , 1920 , 34,7,12,2,46,3,59,1,1,18,6,33,2,6,2,3,35,5,2,6,15,1,1,62,5,1,44,5,12,9,32,8,1,37,6,3,33,9,5,5,6,2,1,3,1,4,9,2,187,38,1,1,2,4,1,1,1,1,1,1,15,45,6,21,22,9,16,45,10,7,16,66,11,5,9,8,6,37,11,48,7,18,64,19,16,5,19,159,2,2,28,21,3,13,49,10,3,1,37,71
8 , 3750 , 7,46,1,2,1,25,3,112,19,1,10,6,3,1,5,4,2,2,63,1,1,1,1,1,1,1,1,1,2,91,3,49,23,32,62,5,10,41,34,1,4,102,3,4,9,6,1,1,5,3,75,24,1,2,94,18,25,6,1,1,29,46,62,5,94,6,7,5,86,3,22,1,5,6,1,7,2,9,7,20,3,139,1,3,5,2,124,15
8 , 3760 , 7,46,1,2,1,25,3,112,19,1,10,6,3,1,5,4,2,2,63,1,1,1,1,1,1,1,1,2,91,3,49,23,32,62,5,10,41,34,1,4,102,3,4,9,5,1,5,3,75,24,1,2,94,18,24,5,1,1,29,46,62,5,94,6,7,4,85,3,22,1,5,6,1,6,2,9,7,20,3,139,1,3,5,2,124,15
8 , 3770 , 7,46,1,2,1,24,3,111,19,1,10,6,3,1,5,4,2,2,63,1,1,1,1,1,1,1,1,2,91,3,49,23,32,62,5,10,41,34,1,4,102,3,4,9,5,1,5,3,75,24,1,2,94,18,24,4,1,1,29,46,62,5,94,6,7,2,85,3,22,1,5,6,1,6,2,9,5,20,3,139,1,3,5,2,124,14
8 , 3780 , 5,50,1,2,1,27,3,118,20,1,9,6,3,2,5,5,3,2,69,1,1,1,1,1,1,1,1,2,1,1,1,1,102,3,52,23,36,71,5,10,42,39,1,4,106,3,4,7,6,1,6,3,77,28,1,2,104,19,27,4,1,1,30,46,65,5,101,5,6,3,87,3,24,1,6,8,1,6,2,10,5,22,2,152,1,2,6,1,3,135,14
8 , 3790 , 5,46,1,2,1,28,3,116,19,1,9,6,3,2,5,5,3,2,69,1,1,1,1,1,1,1,1,2,1,1,1,1,102,3,52,23,36,71,5,10,42,39,1,4,106,3,4,7,5,1,6,3,78,28,1,1,100,19,26,4,1,1,30,46,64,5,101,5,6,2,85,3,23,1,5,8,1,6,2,10,5,22,2,151,1,2,6,1,3,135,14
8 , 3800 , 5,46,1,2,1,28,3,116,19,1,9,6,3,2,5,5,3,2,69,1,1,1,1,1,1,1,1,2,1,1,1,1,102,3,52,23,36,71,5,10,42,39,1,4,106,3,4,6,5,1,6,3,78,28,1,1,100,19,26,4,1,1,30,46,64,5,101,5,6,2,85,3,23,1,5,8,1,5,2,10,5,22,2,151,1,2,5,1,3,135,14
8 , 3810 , 5,46,1,2,1,28,3,116,19,1,9,6,3,2,5,5,3,2,69,1,1,1,1,1,1,1,1,2,1,1,1,1,102,3,52,23,36,71,4,10,42,39,1,4,106,3,4,5,5,1,6,3,78,28,1,1,100,19,26,4,1,1,30,46,64,5,101,5,6,2,85,3,23,1,5,8,1,5,2,10,5,22,2,151,1,2,5,1,3,135,14
8 , 3820 , 5,46,1,1,1,27,3,115,19,1,9,6,3,2,5,5,3,2,69,1,1,1,1,1,1,1,1,1,1,1,1,1,102,3,52,23,36,71,4,10,41,39,1,4,106,3,4,3,5,5,3,78,28,1,1,100,19,26,4,1,1,30,46,64,5,101,5,6,2,84,3,23,1,5,8,1,4,2,10,5,22,2,151,1,2,4,2,3,134,14
8 , 3830 , 5,46,1,1,1,27,3,115,19,1,9,6,3,2,5,5,3,2,69,1,1,1,1,1,1,1,1,1,1,1,1,1,102,3,52,23,36,71,4,10,41,39,1,4,106,3,4,3,5,5,3,78,28,1,1,100,19,26,4,1,1,30,46,64,5,101,5,6,2,83,3,23,1,5,8,1,4,2,10,5,22,2,151,1,2,4,2,3,134,14
8 , 3840 , 5,46,1,1,1,27,3,115,19,1,9,6,3,2,5,5,3,2,69,1,1,1,1,1,1,1,1,1,1,1,1,1,102,3,51,23,36,71,4,10,41,39,1,4,106,3,4,3,5,5,3,78,28,1,1,100,19,26,4,1,1,30,46,64,5,101,5,6,2,82,3,23,1,5,8,1,3,2,9,4,22,2,151,1,2,4,2,3,134,14
9 , 8680 , 1,25,13,4,2,3,3,3,18,2,7,2,4,30,6,5,2,1,2,3,36,1,4,78,34,21,3,27,1,1,1,1,1,28,38,2,47,66,17,3,5,28,5
9 , 8690 , 1,25,13,4,2,3,3,2,17,2,7,2,4,30,6,5,2,1,2,3,36,1,4,78,34,21,3,27,1,1,1,1,1,28,38,2,47,66,17,3,5,28,5
9 , 8700 , 1,25,13,4,1,3,3,2,17,2,7,2,4,30,6,5,2,1,2,3,36,1,4,76,34,21,3,27,1,1,1,1,28,38,2,47,66,17,3,5,28,5
9 , 8710 , 1,25,13,4,1,3,3,2,17,2,7,2,4,30,6,5,2,1,2,3,36,1,4,76,34,21,3,27,1,1,1,1,28,38,2,47,66,17,2,5,27,5
9 , 8720 , 1,25,13,4,1,3,3,2,17,2,7,2,4,30,6,5,2,1,2,3,36,1,4,76,34,21,3,27,1,1,1,1,28,38,2,47,66,17,2,5,27,5
9 , 8730 , 1,25,13,4,1,3,3,2,17,2,7,2,4,30,6,5,2,1,2,3,36,1,3,76,34,21,3,27,1,1,1,1,28,38,2,47,66,17,2,5,27,5
9 , 8740 , 1,25,13,4,1,3,3,2,17,2,7,2,4,30,6,5,2,1,2,3,36,1,3,76,34,21,3,27,1,1,1,1,28,38,2,47,66,17,2,5,27,5
9 , 8750 , 1,25,13,4,1,3,3,2,17,2,7,2,4,30,6,5,2,1,2,3,36,1,3,76,34,21,3,27,1,1,1,1,28,38,2,47,66,17,2,5,25,5
9 , 8760 , 1,25,13,4,1,3,3,2,16,2,7,2,4,30,6,5,2,1,2,3,36,1,3,76,34,21,3,27,1,1,1,1,28,38,2,47,66,17,2,5,24,5
9 , 8770 , 1,25,13,4,1,3,3,2,16,2,7,2,4,30,6,5,2,1,2,3,35,1,3,76,34,21,3,27,1,1,1,1,27,38,2,47,66,17,2,5,24,5
10 , 21330 , 3
10 , 21340 , 3
10 , 21350 , 3
10 , 21360 , 3
10 , 21370 , 3
10 , 21380 , 3
10 , 21390 , 3
10 , 21400 , 3
10 , 21410 , 3
10 , 21420 , 3
15 , 720 , 7
15 , 730 , 2
15 , 740 , 5
15 , 750 , 1
16 , 870 , 1,1,1,1,1,2,3,23,203,212,10,166,75,16,40,2,117,3,10,212,41,9,1,19,7,7,8,6,137,8,82,2,3,28,1,3,2,167,3,2,1,2,3,5
16 , 880 , 3,3,1,1,1,5,1,1,1,1,26,182,195,7,137,72,3,24,1,1,100,2,3,153,33,1,11,1,12,3,6,4,7,104,3,55,4,4,32,5,1,1,130,2,1,1,3,5
16 , 890 , 4,2,1,4,1,1,1,16,154,1,161,9,1,109,56,1,22,2,22,2,2,115,34,12,1,8,1,7,4,7,83,6,37,4,3,81,1,3,2,127,1,1,1
16 , 900 , 7,4,2,8,1,3,2,21,217,1,222,11,1,149,71,1,1,1,28,2,31,3,128,48,16,1,10,1,8,6,9,114,6,37,2,6,115,1,3,3,181,1,1,2
16 , 910 , 9,4,1,11,2,4,2,25,247,1,258,14,1,174,87,1,1,1,1,33,2,39,3,114,58,1,20,1,10,1,8,7,10,125,7,26,4,129,1,3,3,216,1,2,2
16 , 920 , 10,4,14,3,2,4,31,289,1,316,17,1,210,98,2,1,1,1,1,1,39,2,48,1,4,103,66,23,1,11,1,13,7,11,148,7,12,2,155,2,3,3,275,1,2,3
16 , 930 , 3,3,7,2,2,85,185,1,188,12,128,47,1,1,15,1,120,166,39,42,11,3,3,1,10,7,9,18,2,3,33,3,2,1,3,1,2,2
16 , 940 , 4,5,11,4,3,34,341,2,320,21,225,72,1,2,20,1,1,1,1,1,1,1,1,1,221,280,33,76,19,5,5,2,19,13,13,150,2,1,51,4,3,2,7,2,4,2
16 , 950 , 3,2,6,3,21,172,2,185,12,124,35,1,10,1,1,1,28,1,1,1,1,1,135,8,35,11,1,1,1,12,8,4,76,1,121,2,3,3,1,1,2
16 , 960 , 5,2,1,9,6,34,256,3,287,16,199,46,3,16,2,1,42,1,2,1,1,1,224,1,1,1,1,7,1,1,1,60,1,15,1,1,2,1,21,11,8,115,1,182,3,6,4,1,2,2
16 , 970 , 4,1,3,25,189,3,191,7,162,30,1,8,1,2,31,1,2,2,163,1,1,6,1,1,43,1,12,1,1,1,1,11,8,4,90,1,149,9,10,4
17 , 1220 , 11,11,7,117,106,78,4,1,10,6,45,1,14,1,80,4,10,3,2,10,13,1,30,20,58,28,5,1,3,1,1,39,1,2,3,2,35,1,10,1,74,6,1,5,6,1,3,1,2,1,20,37,69,2,1,1,9,27,22,21,1,1,1,1,1,2,123,7,10,3,52
17 , 1230 , 12,11,8,151,143,99,5,1,12,7,60,2,17,1,114,4,12,3,2,11,17,1,42,24,68,40,8,1,5,2,1,52,1,2,3,3,48,1,12,2,97,6,1,6,8,1,4,1,2,1,26,53,84,3,2,2,12,34,24,28,1,1,1,1,1,1,1,1,1,4,157,9,13,4,60
17 , 1240 , 13,12,9,154,151,101,5,1,12,7,64,2,19,1,120,4,13,3,1,11,15,1,42,25,63,41,9,1,5,2,1,55,1,2,4,3,50,1,13,2,101,6,1,7,9,1,4,2,2,1,27,54,87,3,2,2,13,36,25,30,1,1,1,1,1,1,1,1,1,1,4,161,9,14,5,62
17 , 1250 , 13,9,9,154,151,101,1,12,7,64,2,19,1,120,4,13,3,5,11,15,1,42,25,59,41,9,1,5,2,1,55,1,2,4,3,50,1,13,2,102,6,1,7,9,1,4,2,2,1,27,54,87,3,2,2,13,36,25,30,1,1,1,1,1,1,1,1,1,1,4,161,9,14,5,62
17 , 1260 , 13,8,9,171,169,104,1,14,7,1,73,2,22,1,138,4,15,4,5,12,14,1,46,26,60,45,9,2,5,2,1,64,1,2,5,4,55,1,17,3,112,7,1,7,10,1,4,3,2,1,31,60,91,4,2,2,16,37,28,30,1,1,1,1,1,1,1,1,1,1,4,172,9,15,8,75
17 , 1270 , 13,4,9,174,166,105,1,14,7,1,75,2,23,1,138,4,15,4,4,12,12,1,46,26,53,45,9,2,5,2,1,65,1,2,5,4,56,1,17,3,112,7,1,7,10,1,4,3,2,1,32,60,91,4,2,1,16,37,28,30,1,1,1,1,1,1,1,1,1,1,4,173,9,15,8,75
17 , 1280 , 14,2,9,188,172,110,1,17,7,1,77,3,24,2,147,4,17,4,3,12,12,1,47,29,52,46,11,2,5,2,1,67,1,2,6,5,58,1,18,3,121,8,1,7,10,1,4,4,2,1,32,62,98,1,2,16,39,30,31,1,2,1,1,1,1,1,1,1,1,4,1,190,9,16,8,78
17 , 1290 , 8,1,2,4,96,96,26,10,5,1,55,1,11,2,86,1,10,2,1,5,4,2,24,17,24,29,4,2,1,1,32,1,3,4,23,8,1,69,3,4,2,3,2,1,14,34,69,2,1,12,55,15,20,1,1,1,4,1,1,101,4,6,4,44
17 , 1300 , 8,1,1,4,96,87,26,10,5,1,55,1,11,2,86,1,10,2,1,5,1,2,24,17,19,30,4,2,1,1,32,1,3,4,23,8,1,70,3,4,2,3,2,1,14,34,71,1,12,55,15,20,1,1,1,4,1,1,101,4,6,4,45
17 , 1310 , 8,1,4,96,84,26,10,5,1,55,1,11,2,86,1,10,2,1,5,1,2,24,17,17,30,4,2,1,1,32,1,3,4,24,8,1,70,3,4,2,3,2,1,14,34,71,1,12,55,15,20,1,1,1,4,1,1,101,4,6,4,45
18 , 2020 , 77,11,6,9,124,13,22,17,124,85,21,27,2,1,2,2,45,1,1,5,6,24,9,19,18,1,5,9,3,3,159,2,14,17,10,3,13,8,5,102,19,13,5,6,30,4,9,1,3,2,1,7,4,2,3,2,1,1,3,2,1,22,1,1,1,1,1,1,1,1,1,49,7,6,11,49,74,63,3,8,4,4,8,4,11,52,7,11,1,16,8
18 , 2030 , 77,11,6,124,13,22,17,125,85,21,27,2,1,2,2,45,1,1,3,6,24,9,19,18,9,5,9,3,2,159,2,15,17,10,3,13,8,5,102,19,13,5,6,30,4,9,1,3,2,1,7,4,2,3,2,1,1,3,2,1,22,1,1,1,1,1,1,1,1,1,51,7,6,11,49,75,63,3,8,4,4,9,3,11,52,7,11,1,16,8
18 , 2040 , 78,11,6,124,13,22,17,127,85,21,27,1,1,2,2,45,1,1,3,6,24,9,19,18,9,5,9,3,2,159,2,15,17,10,3,13,8,5,102,19,13,5,6,30,4,9,1,3,2,1,7,4,2,3,2,1,1,3,2,1,22,1,1,1,1,1,1,1,1,1,51,7,6,11,49,75,63,3,8,4,3,9,3,11,51,7,11,1,16,8
18 , 2050 , 78,11,6,124,12,22,17,126,84,21,27,1,1,2,2,45,1,1,2,6,24,9,19,18,9,5,9,3,2,159,2,15,17,10,3,13,8,5,102,19,13,5,6,30,4,9,1,3,2,1,7,4,2,3,2,1,1,3,2,1,22,1,1,1,1,1,1,1,1,1,51,7,6,11,49,75,63,3,8,4,3,9,3,11,51,5,11,1,16,8
18 , 2060 , 78,11,6,123,12,22,17,126,84,21,27,1,1,2,2,45,1,1,1,6,24,9,19,18,9,5,9,3,2,159,2,15,17,10,3,13,8,5,102,19,13,5,6,30,4,9,1,3,2,1,7,4,2,3,2,1,1,3,2,1,22,1,1,1,1,1,1,1,1,1,51,7,6,11,49,75,63,3,8,4,3,9,3,11,49,2,10,1,16,8
18 , 2070 , 78,11,6,123,12,22,17,126,84,21,27,1,1,2,2,45,1,1,1,6,24,9,19,18,9,5,9,3,2,159,2,15,17,10,3,13,8,5,102,19,13,5,6,30,4,9,1,3,2,1,7,4,2,3,2,1,1,3,2,1,22,1,1,1,1,1,1,1,1,1,51,7,6,11,49,75,63,3,8,4,3,9,3,11,49,1,10,1,16,8
18 , 2080 , 78,11,6,123,12,22,17,125,82,21,27,1,1,2,2,45,1,1,6,24,9,19,18,9,5,9,3,2,159,2,15,17,10,3,13,8,5,102,19,13,5,6,30,4,9,1,3,2,1,7,4,2,3,2,1,1,3,2,1,22,1,1,1,1,1,1,1,1,1,51,7,6,11,49,75,63,3,8,4,2,9,3,11,48,10,1,16,7
18 , 2090 , 78,11,6,123,12,22,17,125,82,21,27,1,1,2,2,45,1,1,6,24,9,19,18,9,5,9,3,2,159,2,15,17,10,3,13,8,5,102,19,13,5,6,30,4,9,1,3,2,1,7,4,2,3,2,1,1,3,2,1,22,1,1,1,1,1,1,1,1,1,51,6,6,11,49,75,63,3,8,4,9,2,11,47,10,1,16,7
18 , 2100 , 78,11,6,123,12,22,17,124,81,20,27,1,1,2,2,45,1,1,6,24,8,19,18,9,5,9,3,2,159,2,15,17,10,3,13,8,5,102,19,13,5,6,30,4,9,1,3,2,1,7,4,2,3,2,1,1,3,2,1,22,1,1,1,1,1,1,1,1,1,51,6,6,11,49,75,63,3,8,4,9,2,11,47,10,1,16,6
18 , 2110 , 78,11,6,123,12,22,17,124,81,20,27,1,1,2,2,45,1,1,6,24,7,18,18,9,5,9,3,2,159,2,15,17,10,3,13,8,5,102,19,13,5,6,30,4,9,1,3,2,1,7,4,2,3,2,1,1,3,2,1,22,1,1,1,1,1,1,1,1,1,51,6,6,10,49,75,63,3,8,4,9,2,11,44,10,1,16,6
19 , 3830 , 1,3,3,4,8,41,72,29,1,36,2,1,11,10,1,2,5,1,4,11,6,61,1,1,5,13,1,2,5,9,3,1,4,18,18,1,1,5,1,5,3,1,8,10,14,1,8,1,5,7,9,2,1,4,11,7,2,3,4,11,1,1,5,1,1,13,2,4,2,7,1,1,2,2,17,4,7,1,3,1,4,1
19 , 3840 , 1,3,3,4,8,41,71,29,1,36,2,1,11,10,1,2,5,1,4,11,5,61,1,1,5,13,1,2,5,9,3,1,4,18,17,1,1,4,1,5,3,1,8,10,14,1,8,1,5,6,9,2,1,4,10,7,2,3,4,10,1,1,5,1,1,13,2,4,2,7,1,1,2,2,17,4,7,1,3,1,4,1
19 , 3850 , 1,2,3,4,8,40,69,29,1,36,2,1,10,9,1,2,5,1,4,11,4,60,1,1,5,12,1,2,5,9,2,1,4,18,17,1,1,3,1,5,3,1,8,10,14,1,8,1,5,6,9,2,1,4,10,7,2,3,4,10,1,1,5,1,1,13,2,4,2,7,1,1,2,2,17,4,7,1,3,1,4,1
19 , 3860 , 1,2,3,4,8,40,68,29,1,36,2,1,10,9,1,2,5,1,4,11,4,60,1,1,5,12,1,2,5,9,2,1,4,18,17,1,1,3,1,5,3,1,8,10,14,1,8,1,5,5,9,2,1,4,10,7,2,3,4,10,1,1,5,1,1,13,2,4,2,7,1,1,2,2,17,4,7,1,3,1,4,1
19 , 3870 , 1,2,3,4,7,40,66,29,1,36,2,1,10,9,1,2,5,1,4,11,4,60,1,1,5,11,1,2,5,9,2,1,4,18,17,1,1,3,1,5,3,1,8,10,14,1,8,1,5,5,9,2,1,4,10,7,2,3,4,10,1,1,5,1,1,13,2,4,1,7,1,1,2,2,17,4,7,1,3,1,4,1
19 , 3880 , 1,2,3,4,7,40,66,29,1,36,2,1,10,9,1,2,5,1,4,11,4,60,1,1,5,11,1,2,5,9,2,1,4,17,17,1,1,3,1,5,3,1,8,10,14,1,8,1,5,5,9,2,1,4,10,7,2,3,4,10,1,1,5,1,1,13,2,4,1,7,1,1,2,2,16,4,7,1,3,1,4,1
19 , 3890 , 1,2,3,4,7,40,66,29,1,36,2,1,10,9,1,2,5,1,4,11,4,60,1,1,5,11,1,2,5,9,2,1,4,17,17,1,1,3,1,5,3,1,8,10,14,1,8,1,5,4,9,2,1,4,10,7,2,3,4,10,1,1,5,1,1,13,1,3,1,7,1,1,2,2,16,4,7,1,3,1,4,1
19 , 3900 , 1,2,3,4,7,40,66,29,1,36,2,1,10,8,1,2,5,1,4,11,4,60,1,1,5,11,1,2,5,9,2,1,4,17,17,1,1,3,1,5,3,1,8,10,14,1,8,1,5,4,9,2,1,4,10,7,2,3,4,10,1,1,5,1,1,12,1,3,7,1,1,2,2,16,3,6,1,3,1,4,1
19 , 3910 , 1,2,3,4,7,40,66,28,1,36,2,1,10,8,1,2,5,1,4,11,4,60,1,1,5,11,1,2,5,9,2,1,4,17,17,1,1,3,1,5,3,1,8,10,14,1,7,1,5,4,9,2,1,4,10,7,2,3,4,10,1,1,5,1,1,12,1,3,7,1,1,2,2,16,3,6,1,3,1,4,1
19 , 3920 , 1,2,3,4,6,40,65,27,1,35,2,1,10,8,1,2,5,1,4,11,4,60,1,1,5,11,1,2,5,9,2,1,4,17,17,1,1,3,1,5,3,1,8,9,13,1,7,1,5,4,9,2,1,4,10,6,2,3,4,10,1,1,5,1,1,12,1,2,7,1,1,2,2,16,3,6,1,3,1,4,1
20 , 8000 , 7,33,19,24,71,20,32,57,10,4,24,89,1,8,44,24,1,6,9,50,26,2,146
20 , 8010 , 8,40,23,29,88,24,37,68,13,6,30,109,1,12,55,34,1,7,11,63,31,2,165
20 , 8020 , 8,41,24,31,91,24,36,68,13,5,30,113,1,12,59,36,1,7,13,64,32,2,163
20 , 8030 , 8,41,24,31,91,24,35,68,13,5,30,113,1,12,59,36,1,7,13,64,32,2,162
20 , 8040 , 8,41,24,31,91,24,35,68,13,5,30,113,1,12,59,36,1,7,13,64,32,2,162
20 , 8050 , 8,41,24,31,91,24,34,68,13,5,30,113,1,12,59,36,1,7,13,64,32,2,161
20 , 8060 , 8,41,24,30,91,24,34,67,13,5,30,112,1,12,59,36,1,7,13,62,32,2,161
20 , 8070 , 8,41,24,30,91,24,33,67,13,5,30,112,1,12,59,36,1,7,13,62,32,2,161
20 , 8080 , 8,41,24,30,91,24,33,67,13,5,30,112,1,12,59,36,1,7,13,62,32,2,161
20 , 8090 , 8,41,24,30,91,24,33,67,13,5,30,112,1,12,59,36,1,7,13,62,32,2,160
21 , 100 , 2
21 , 110 , 2
25 , 790 , 7,2,4,4,5,5,3,2,2,1,3,1,1,2,62,5,1,3,2,1,9,269,1,10,1,1,38,1,1,1,1,8,5,527,2,9
25 , 800 , 4,4,7,9,6,1,2,2,2,1,1,43,6,1,7,1,1,9,198,2,6,2,45,1,1,2,2,1,9,5,1,1,605,1,1,9,1
25 , 810 , 7,11,16,11,2,2,5,1,4,1,1,41,11,2,10,1,2,6,126,3,5,60,2,1,3,3,1,14,7,2,913,1,1,1,1,1,13,1
25 , 820 , 1,4,7,12,9,1,1,2,5,1,18,10,3,7,1,4,32,3,1,47,2,1,3,1,3,6,1,785,10,1,1,1,1,2,1,1,1,8,1,1
25 , 830 , 2,1,2,1,1,2,1,1,1,1,1,1,16,20,18,2,1,8,19,12,4,10,1,7,20,5,1,61,3,2,4,3,8,1097,8,2,3,2,2,4,11,1,3
25 , 840 , 2,2,1,1,3,1,1,1,11,1,15,15,2,1,2,15,9,2,8,1,6,1,5,1,47,2,9,4,2,6,804,8,2,2,2,1,3,1
25 , 850 , 4,2,3,2,5,2,1,1,2,21,1,1,25,1,1,26,1,5,1,1,1,2,14,14,3,13,1,6,8,2,71,4,15,7,3,12,1368,14,3,3,3,2,7,2
25 , 860 , 3,1,3,1,2,1,1,1,3,19,1,3,20,1,24,1,2,1,1,1,1,1,1,1,1,2,3,8,3,13,1,6,6,1,47,1,2,2,7,6,975,2,4,2,1,9,11
25 , 870 , 4,4,3,1,1,2,11,1,3,18,3,24,3,4,2,1,2,1,4,1,2,1,1,1,1,1,1,1,1,3,7,6,4,11,3,5,2,51,3,1,1,8,9,963,1,1,1,2,1,7,12
25 , 880 , 5,5,6,3,2,4,15,1,5,23,4,38,4,7,3,1,3,1,5,3,3,1,1,2,1,1,1,1,1,3,1,1,1,1,1,5,8,5,18,1,6,8,2,73,4,1,1,9,12,1399,1,1,2,2,2,12,15
26 , 1090 , 1,36,3,2,50,1,1,20,2,107,25,24,34,1,5,3,4,3,2,3,1,9,219,34,3,5,117,1,3,8,2,1,1,110,2,245,12,18,1,6,13,10,11,147,4,22,168,1,5,9,7,3,1,12,3,7,1,4,4,1,1,11,2,32,1,1,2,31,5,2,2,1,2
26 , 1100 , 1,41,3,2,61,1,1,22,2,115,25,28,37,1,5,1,4,3,3,3,2,1,9,246,31,3,7,131,1,4,9,2,1,1,120,2,276,13,18,1,6,13,13,11,176,4,24,184,1,5,9,11,2,1,13,4,8,1,4,6,1,1,13,2,32,1,1,2,36,5,2,2,1,2
26 , 1110 , 29,3,3,35,1,13,2,79,17,21,30,1,1,1,1,1,3,4,1,7,194,22,4,12,4,89,2,5,1,84,1,174,9,16,3,4,9,11,10,119,2,21,1,4,6,124,3,1,11,3,5,3,3,1,6,4,25,2,21,5,1,3,2
26 , 1120 , 29,3,5,37,1,16,3,87,21,23,34,1,1,2,1,1,3,4,1,1,1,8,219,22,4,12,1,99,3,6,1,1,93,1,200,9,18,3,4,11,1,12,9,134,2,23,1,4,6,132,4,2,13,3,6,4,4,1,6,4,29,2,25,5,1,3,2
26 , 1130 , 35,4,5,48,3,21,3,109,22,29,45,1,1,2,1,2,6,6,1,1,1,1,1,1,1,1,10,269,21,4,15,1,123,4,7,2,2,110,1,260,11,24,3,8,14,1,14,6,171,5,26,1,6,10,143,5,2,17,3,10,4,5,1,8,4,31,3,34,7,1,3,3
26 , 1140 , 36,4,5,52,3,22,3,115,24,29,47,1,1,3,1,2,6,7,1,1,1,1,1,1,1,1,11,293,17,4,16,141,5,7,2,2,123,1,276,11,25,3,9,15,1,14,8,182,6,31,2,6,11,146,5,2,18,3,10,4,5,1,9,4,34,4,35,4,1,3,3
26 , 1150 , 36,4,5,52,3,22,3,115,24,29,47,1,1,3,1,2,6,7,1,1,1,1,1,1,1,11,294,12,4,16,141,5,6,2,2,123,1,276,11,25,3,9,15,1,14,5,182,6,31,2,6,11,116,5,2,18,3,10,4,5,1,9,4,34,4,35,4,1,3,3
26 , 1160 , 43,5,5,54,3,26,4,128,25,30,51,1,1,4,1,2,6,7,1,2,1,1,1,1,1,1,13,323,7,5,18,150,5,6,2,1,2,135,1,298,13,28,3,9,16,1,15,3,206,6,34,2,6,12,93,5,3,18,3,12,5,5,1,10,5,35,4,37,1,2,3,3
26 , 1170 , 30,4,3,38,3,18,3,84,15,8,38,1,2,2,2,4,2,1,4,3,1,9,1,1,240,1,3,1,4,15,116,1,10,6,1,1,92,1,221,6,22,2,7,16,1,5,145,2,33,2,5,7,48,1,6,2,9,4,8,3,1,6,21,2,22,2,7,4,4
26 , 1180 , 25,4,2,18,4,11,1,61,12,5,29,5,10,1,3,1,3,2,1,3,1,5,188,1,2,1,4,1,1,1,81,7,3,1,60,177,6,12,3,1,1,7,5,109,2,27,2,3,4,24,1,5,5,7,2,7,16,2,16,1,8,3,1,2
27 , 1850 , 1,92,9,4,5,3,1,2,3,4,131,4,2,2,1,10,30,3,4,2,2,3,10,6,48,12,3,13,14,155,7,2,6,18,16,25,30,1,1,3,9,2,12,2,6,2,5,7,9,3,2,1,1,4,1,1,4,1,1,1,1,1,6,1,1,1,1,1,1,11,20,46,61,20,3,1,5,18,1,1,1,18,13,14,1,2,2,2
27 , 1860 , 1,92,9,4,5,3,1,2,3,4,131,4,2,2,1,10,30,3,4,2,2,3,10,6,48,12,3,13,14,155,7,2,6,18,16,25,30,1,1,3,9,2,12,2,6,2,5,7,9,3,2,1,1,4,1,1,4,1,1,1,1,1,6,1,1,1,1,1,1,11,20,46,61,20,3,1,5,18,1,1,1,18,13,14,1,2,2,2
27 , 1870 , 1,92,9,4,5,3,1,2,3,3,131,4,2,2,1,10,30,3,4,2,2,3,10,6,48,12,3,13,14,155,7,2,5,18,16,25,30,1,1,3,9,2,12,2,6,2,5,7,9,3,2,1,1,4,1,1,4,1,1,1,1,1,6,1,1,1,1,1,1,11,20,46,61,20,3,1,5,18,1,1,1,18,13,14,1,2,2,2
27 , 1880 , 1,92,9,4,5,3,1,2,3,3,131,4,2,2,1,9,30,3,4,2,2,3,10,6,48,12,3,13,14,155,7,2,5,18,16,25,30,1,1,2,9,2,12,2,6,2,5,7,9,3,2,1,1,4,1,1,4,1,1,1,1,1,6,1,1,1,1,1,1,11,20,46,61,20,3,1,5,18,1,1,1,18,13,14,1,2,2,2
27 , 1890 , 1,92,9,4,5,3,1,2,3,3,131,3,2,2,1,9,30,3,4,2,2,3,10,6,48,12,3,13,14,155,7,2,5,18,16,25,30,1,1,2,9,2,12,2,6,2,5,7,9,3,2,1,1,4,1,1,4,1,1,1,1,1,6,1,1,1,1,1,1,11,20,46,61,20,3,1,5,18,1,1,1,18,13,14,1,2,2,2
27 , 1900 , 1,111,10,4,6,4,2,2,4,3,150,3,2,1,1,10,36,3,4,3,2,4,12,8,50,12,2,16,16,183,8,2,5,24,19,29,32,1,2,10,3,15,3,6,3,5,9,7,4,3,1,4,1,2,4,1,1,1,1,1,9,1,1,1,1,1,1,1,1,12,22,54,70,22,3,1,6,19,1,1,1,18,14,14,1,2,2,1
27 , 1910 , 1,111,10,4,6,4,2,2,3,3,150,3,2,1,1,9,36,2,4,3,2,4,12,8,50,12,1,16,16,183,8,2,5,24,19,29,32,1,2,10,3,15,3,6,3,5,9,6,4,3,1,4,1,2,4,1,1,1,1,1,9,1,1,1,1,1,1,1,1,12,22,54,70,22,3,1,6,19,1,1,1,18,14,15,1,2,2,1
27 , 1920 , 1,111,10,4,6,4,2,2,3,3,150,3,2,1,9,36,2,4,3,2,4,12,8,50,12,1,16,16,183,8,2,5,24,19,28,32,1,2,10,3,15,3,6,3,5,9,6,4,3,1,4,1,2,4,1,1,1,1,1,9,1,1,1,1,1,1,1,1,12,22,54,70,22,3,1,6,19,1,1,18,14,15,1,2,1,1
27 , 1930 , 1,127,11,5,7,4,2,2,3,3,167,3,3,1,10,39,2,5,3,2,4,14,9,56,14,2,18,18,213,8,2,6,27,20,30,37,1,2,10,3,17,3,6,4,5,9,7,5,5,1,4,1,2,4,1,1,1,1,1,10,1,1,1,1,1,1,1,1,1,13,29,62,77,22,3,2,7,22,1,1,19,15,18,2,2,1,1
27 , 1940 , 1,127,11,5,7,4,2,2,3,3,168,3,3,1,10,39,2,5,3,2,4,15,9,56,14,2,18,18,214,8,2,6,28,20,30,37,1,2,10,3,17,3,6,4,5,9,7,5,5,1,4,1,2,4,1,1,1,1,1,10,1,1,1,1,1,1,1,1,1,13,29,62,78,22,3,2,7,22,1,1,20,15,18,2,2,1,1
28 , 3810 , 1,1,1,33,1,1,1,1,13,251,7,20,1,40,21,3,11,6,5,5,25,2,1,75,3,11,4,5,42,26,1,5,1,1,29,1,2,1,1,7,9,6,1,1,1,4,1,2,8,3,1,1,182,9,11,2,2,10,17,1,1,34,165,2,1,1,3,40,4,5,3,1,5,6,4,1,8
28 , 3820 , 1,1,1,32,1,1,1,1,13,250,6,19,1,39,20,3,11,6,5,4,25,2,1,73,3,11,4,5,42,25,1,5,1,1,29,1,2,1,1,7,9,6,1,1,1,4,1,2,8,2,1,1,182,9,11,2,2,10,16,1,1,33,162,2,1,1,3,38,4,5,3,1,5,6,4,1,8
28 , 3830 , 1,1,1,32,1,1,1,1,13,250,6,19,1,38,19,3,11,6,5,4,25,2,1,72,3,11,4,5,42,24,1,5,1,1,29,1,2,1,1,7,9,6,1,1,1,4,1,2,8,2,1,1,182,9,11,2,2,10,16,1,1,33,162,2,1,1,3,38,4,5,3,1,5,6,4,1,8
28 , 3840 , 1,1,1,32,1,1,1,1,13,250,6,18,1,38,19,3,11,6,5,4,25,2,1,72,3,11,3,5,42,24,1,5,1,1,29,1,2,1,1,7,9,6,1,1,1,3,1,2,8,2,1,1,182,8,11,2,2,10,15,1,1,33,160,2,1,1,3,38,4,5,3,1,4,6,4,1,8
28 , 3850 , 1,1,1,32,1,1,1,1,13,250,5,18,1,38,18,3,11,6,5,4,25,2,1,68,3,11,3,5,42,23,1,5,1,1,28,1,2,1,1,7,9,6,1,1,1,3,1,2,8,2,1,1,181,7,11,2,2,10,15,1,1,33,159,2,1,1,3,37,4,5,3,1,4,6,4,1,8
28 , 3860 , 1,1,1,31,1,1,1,1,13,250,5,18,1,38,17,3,11,6,5,4,25,2,65,3,11,3,5,42,23,1,5,1,1,28,1,2,1,1,7,9,6,1,1,1,3,1,2,8,2,1,1,180,7,11,2,2,10,15,1,1,32,156,2,1,1,3,36,4,5,3,1,4,6,4,1,8
28 , 3870 , 1,1,1,31,1,1,1,1,13,250,5,18,1,38,16,3,11,6,5,4,25,2,60,3,11,3,5,42,22,1,5,1,1,27,1,2,1,1,7,9,6,1,1,1,3,1,2,8,2,1,1,180,7,10,2,2,10,15,1,31,155,2,1,1,3,36,4,5,3,1,4,6,4,1,8
28 , 3880 , 1,1,1,31,1,1,1,1,13,250,5,17,1,38,14,3,11,6,5,4,25,2,58,3,10,2,5,42,21,1,4,1,1,26,1,2,1,1,7,9,6,1,1,1,3,1,2,8,2,1,1,180,7,10,2,2,10,15,1,29,153,2,1,1,3,36,4,5,3,1,4,6,4,1,8
28 , 3890 , 1,1,1,31,1,1,1,1,13,250,5,17,1,37,13,3,11,6,5,4,25,2,58,3,9,2,5,42,20,1,4,1,1,26,1,2,1,1,7,9,6,1,1,1,3,1,2,8,2,1,1,179,6,10,2,2,10,14,1,29,153,2,1,1,3,35,4,5,3,1,4,6,4,1,8
28 , 3900 , 1,1,1,31,1,1,1,1,13,250,5,17,1,35,12,3,11,6,5,4,25,2,55,3,9,2,5,42,18,1,4,1,1,24,1,2,1,1,7,9,6,1,1,1,3,1,2,8,2,1,1,179,6,9,2,2,10,13,1,27,153,2,1,1,3,34,4,5,3,1,4,6,4,1,8
29 , 8860 , 2,1,1,10,1,1,1,1,155,9,658,1,9,166,244,221,1
29 , 8870 , 2,1,1,10,1,1,1,1,155,9,657,1,9,166,243,221,1
29 , 8880 , 2,1,1,10,1,1,1,1,155,9,656,1,9,165,243,218,1
29 , 8890 , 2,1,1,10,1,1,1,1,154,9,655,1,9,164,243,216,1
29 , 8900 , 2,1,1,10,1,1,1,1,154,9,654,1,9,164,243,215,1
29 , 8910 , 2,1,1,10,1,1,1,1,153,9,652,1,9,163,243,210,1
29 , 8920 , 2,1,1,10,1,1,1,1,153,9,652,1,9,162,243,208,1
29 , 8930 , 2,1,1,10,1,1,1,1,152,9,652,1,9,162,243,204,1
29 , 8940 , 2,1,1,10,1,1,1,1,152,9,652,1,9,162,243,199,1
29 , 8950 , 2,1,1,10,1,1,1,1,152,9,650,1,9,161,243,192,1
35 , 800 , 2,2,1,1,11,1,1,1,1,1,1,3,2,5,153,1,46,5,48,3,6,3,4,3,15,73,7,1,2,2,6,1,861,5,1,3
35 , 810 , 6,1,18,1,1,2,2,2,2,2,1,1,1,1,1,1,1,1,1,4,5,192,2,63,2,4,2,12,4,4,6,23,91,9,1,4,6,6,1151,71,4,6
35 , 820 , 5,2,4,2,1,2,2,1,1,1,1,1,4,6,137,15,41,2,4,1,9,3,3,5,16,61,4,2,5,897,64,1,2
35 , 830 , 4,2,9,1,1,2,1,1,1,1,1,1,1,1,1,3,4,107,6,36,2,5,7,3,2,2,12,47,4,2,5,722,48,2,1
35 , 840 , 7,3,11,1,2,2,1,1,1,2,1,1,1,1,1,1,1,5,5,149,7,51,2,6,9,3,3,2,14,63,7,2,9,986,68,2,2
35 , 850 , 7,1,3,6,1,2,5,1,1,3,1,2,3,1,1,1,1,1,3,1,1,5,1,90,5,34,3,1,7,4,1,1,13,41,5,2,6,671,59,3,2
35 , 860 , 11,2,6,14,1,2,8,1,3,5,1,3,3,1,1,1,2,1,8,1,2,11,1,1,1,2,1,1,152,7,51,5,1,1,13,8,1,2,19,62,7,3,9,1083,92,4,3
35 , 870 , 11,6,15,1,2,8,1,3,5,1,5,3,2,1,2,2,1,9,1,2,11,1,1,1,2,1,1,157,8,54,5,1,1,13,9,1,2,19,63,7,3,10,1116,100,4,3
35 , 880 , 13,2,14,2,2,7,3,3,3,3,1,2,1,1,6,1,7,2,1,1,1,1,120,1,1,1,6,42,4,1,13,9,17,41,2,2,12,895,73,7,3
35 , 890 , 13,2,8,1,2,5,1,3,1,2,1,1,8,1,6,3,1,1,100,2,1,1,1,1,10,1,1,44,5,1,15,5,11,40,1,10,866,64,2,1
36 , 1110 , 1,8,16,1,298,1,16,11,1,18,1,5,184,2,1,24,7,92,36,33,5,2,4,2,34,1,3,6,7,1,3,1,24,2,18,1,17,1,1,7,1,16,26,3,9,2,7,102,2,11,5,1,4,1,1,2,22,45,2,5,3,4,2,4,3
36 , 1120 , 1,8,16,1,302,1,17,11,1,18,1,5,187,2,1,25,1,7,93,37,34,5,2,5,2,34,1,3,7,7,1,3,1,24,2,18,1,17,1,1,7,1,16,26,3,9,2,7,104,2,11,2,1,5,1,1,2,22,45,2,5,3,4,2,4,3
36 , 1130 , 1,9,20,1,353,1,19,11,1,19,1,5,229,2,1,30,1,7,1,112,44,42,5,2,5,3,39,1,4,8,10,1,3,1,30,3,18,1,19,1,1,6,1,18,30,3,10,2,8,122,3,13,1,1,5,1,1,3,27,50,3,5,4,4,2,5,3
36 , 1140 , 2,9,25,2,438,1,23,14,1,24,1,5,271,2,2,36,1,7,1,140,60,51,6,3,5,3,49,2,5,12,12,1,3,2,35,3,1,22,1,22,1,1,5,1,20,1,1,1,34,4,11,2,10,151,3,13,1,6,1,1,3,35,56,3,5,4,5,2,7,3
36 , 1150 , 2,5,18,4,288,12,10,1,12,2,1,165,25,2,29,3,92,2,36,3,2,2,3,30,1,3,10,10,1,2,1,18,3,11,1,15,1,3,1,14,1,1,1,22,4,7,1,7,101,2,8,4,1,2,2,26,31,1,2,2,2,4,1,3,2
36 , 1160 , 2,9,32,4,514,18,16,2,20,4,1,277,48,4,51,6,153,4,69,3,3,3,5,45,1,5,19,17,2,4,1,32,7,1,19,2,26,1,4,3,21,1,2,2,38,1,1,8,1,1,1,12,1,11,164,3,10,6,1,3,3,1,52,50,2,4,2,2,6,2,7,3
36 , 1170 , 4,10,25,7,414,1,13,5,11,1,1,230,45,3,29,4,38,2,51,1,6,1,2,42,4,11,15,1,2,28,3,1,16,2,22,1,1,4,9,2,2,34,2,1,1,1,10,1,1,1,1,11,1,133,2,10,6,1,3,4,44,117,3,1,2,4,1,4,3
36 , 1180 , 4,1,11,34,9,547,1,16,9,17,1,2,303,59,4,34,6,1,52,2,68,2,9,1,2,51,4,7,16,1,2,35,3,2,20,3,34,1,2,4,11,3,2,41,2,1,2,1,15,1,2,1,1,14,1,173,2,13,1,1,1,1,9,1,3,5,54,159,4,2,3,5,1,4,7
36 , 1190 , 1,7,15,4,296,9,3,7,2,166,34,2,19,4,81,1,36,3,29,2,3,10,1,23,2,1,15,2,23,1,2,7,1,18,1,2,1,5,1,1,4,1,102,2,8,1,1,1,1,9,1,2,33,31,4,1,3,3,4,3
36 , 1200 , 1,7,15,4,297,8,3,7,2,160,34,2,19,4,82,1,38,3,29,2,2,10,1,23,2,1,15,2,24,1,2,7,18,1,2,1,5,1,1,4,1,102,2,8,1,1,1,1,9,1,2,33,31,4,1,3,4,4,3
37 , 1920 , 2,6,2,28,1,1,3,11,113,3,3,1,4,6,13,18,69,29,4,16,3,6,3,5,3,7,1,2,31,8,6,24,9,2,3,9,4,1,1,2,67,89,16,1,7,3,76,14,2,3,38,1,2,4,7,3,3,2,12,5,76,3,1,3,1,19,1,1,1,19,1,1,1,1,53,1,2,1,1,18,11,7,3,3,3,49,2,2,8,4,10,1,31,5,34,31,6,25,1,4,25,2,12,4,5,2,50,1,31,42,1,20,16,12,2,8,3,35
37 , 1930 , 2,6,2,28,1,1,3,11,113,2,3,1,4,6,13,18,69,29,4,16,3,6,3,5,3,4,1,2,31,8,6,24,9,2,3,9,4,1,1,2,67,89,16,1,7,3,76,14,2,3,38,1,2,4,5,3,3,2,12,5,76,3,1,3,1,19,1,1,1,19,1,1,1,1,53,1,2,1,1,18,11,7,3,3,3,49,2,2,8,4,10,1,31,5,34,31,6,25,1,4,25,2,12,4,5,2,50,1,31,42,1,20,16,12,2,8,3,34
37 , 1940 , 2,6,2,28,1,1,3,11,113,2,3,1,4,6,13,18,69,29,4,16,3,6,3,5,3,2,1,2,31,8,6,23,9,2,3,9,4,1,1,2,67,89,16,1,7,3,76,14,2,3,38,1,2,4,5,3,3,2,12,5,76,3,1,3,1,19,1,1,1,19,1,1,1,1,53,1,2,1,1,18,11,7,3,3,3,49,2,2,8,3,10,1,31,5,34,31,6,25,1,4,25,2,12,4,5,1,50,1,31,42,1,20,16,12,2,8,3,34
37 , 1950 , 2,6,2,28,1,1,3,11,113,2,3,1,4,6,13,18,69,29,4,16,3,6,3,5,3,1,1,2,31,8,6,23,9,2,3,9,3,1,1,2,67,89,16,1,7,3,76,14,2,3,38,1,2,4,5,3,3,2,12,5,76,3,1,3,1,19,1,1,1,19,1,1,1,1,53,1,2,1,1,18,11,7,3,3,3,49,2,2,8,3,10,1,31,5,34,31,6,25,1,4,25,2,12,4,5,1,50,1,31,42,1,20,16,12,2,8,3,34
37 , 1960 , 2,6,2,28,1,1,3,11,113,2,3,1,4,6,13,18,69,29,4,16,3,6,3,5,3,1,1,2,31,8,6,23,9,2,3,9,3,1,1,2,67,89,16,1,7,3,76,14,2,3,38,1,2,4,5,3,3,2,12,5,76,3,1,3,1,19,1,1,1,19,1,1,1,1,53,1,2,1,1,17,11,7,3,3,3,49,2,2,8,3,10,1,31,5,34,31,6,25,1,4,25,2,12,4,5,1,50,1,31,42,1,20,16,12,2,8,3,34
37 , 1970 , 2,6,2,28,1,1,3,11,113,2,3,1,4,6,13,17,69,29,4,16,3,6,3,5,3,1,1,2,30,8,6,23,9,2,3,9,3,1,1,2,67,89,16,1,7,3,76,14,2,3,38,1,2,4,5,2,3,2,12,5,76,2,1,3,1,19,1,1,1,19,1,1,1,1,53,1,2,1,1,17,11,7,3,3,3,49,2,2,8,3,10,1,31,5,34,31,6,25,1,4,25,2,12,4,5,1,50,1,31,42,1,20,16,12,2,8,2,34
37 , 1980 , 2,6,2,28,1,1,3,10,113,2,3,1,4,6,13,17,69,29,4,16,3,6,3,5,3,1,2,29,8,6,23,9,2,3,9,3,1,2,67,89,16,1,7,3,76,14,2,2,38,2,4,4,2,3,2,12,5,76,2,1,3,1,19,1,1,1,19,1,1,1,1,53,1,2,1,1,17,11,7,3,3,3,49,2,2,8,2,10,1,31,5,34,31,6,25,1,4,25,2,12,4,5,1,50,1,31,42,1,20,16,12,2,8,2,33
37 , 1990 , 2,6,2,28,1,1,3,10,113,2,3,1,4,6,13,17,69,29,4,16,3,6,3,5,3,1,2,29,8,6,21,9,2,3,9,3,1,2,67,89,16,1,7,3,76,14,2,2,38,2,4,3,2,3,2,12,5,76,2,1,3,1,19,1,1,1,19,1,1,1,1,53,1,2,1,1,17,11,7,3,3,3,49,1,2,8,2,10,1,31,5,34,31,5,25,1,4,25,2,12,4,5,1,50,1,31,42,1,20,16,12,2,8,2,33
37 , 2000 , 2,5,2,28,1,1,3,10,113,2,3,1,4,6,13,17,69,29,4,16,2,6,3,5,3,1,2,29,7,6,19,9,2,3,9,3,1,2,67,89,16,7,3,76,13,2,2,38,2,4,3,2,3,2,12,5,76,2,1,3,1,19,1,1,1,19,1,1,1,1,52,1,2,1,1,17,10,7,3,3,3,49,1,2,8,2,10,1,31,5,34,31,5,25,1,4,25,2,12,4,5,1,50,1,31,42,1,20,16,12,2,8,2,33
37 , 2010 , 2,5,2,28,1,1,3,10,112,2,3,1,4,6,13,17,69,29,4,16,2,6,3,5,3,1,2,29,7,6,19,9,2,3,9,2,1,1,67,89,16,7,3,76,13,2,2,38,2,4,3,2,3,2,12,5,76,2,1,3,1,18,1,1,1,19,1,1,1,1,52,1,2,1,1,17,10,7,3,3,3,49,1,2,8,2,10,1,31,5,34,31,5,25,1,4,25,2,12,4,5,1,50,1,31,42,1,20,16,12,2,8,2,33
38 , 4010 , 17,2,9,50,1,16,27,2,17,4,6,1,6,12,1,2,2,7,5,3,1,1,3,3,68,7,1,12,12,5,1,41,2,2,39,91,7,16,2,1,1,5,1,2,28,21,1,23,1,1,1,1,9,1,19,199,3,27,2,2,9,4,7,2,5,9,1,1,591,8,5,13,24,56,5,7,1,1,7,4,1,20,1,1
38 , 4020 , 17,2,9,50,1,16,27,2,17,4,6,1,6,12,1,2,2,7,5,3,1,1,3,3,68,7,1,12,12,5,1,41,2,2,39,91,7,16,2,1,1,5,1,2,28,21,1,23,1,1,1,1,9,1,19,200,3,27,2,2,9,4,7,2,5,9,1,1,593,8,5,13,24,56,5,7,1,1,7,3,1,20,1,1
38 , 4030 , 17,2,9,50,1,16,27,2,16,4,6,1,6,12,1,2,2,6,5,3,1,1,3,3,68,7,1,12,12,5,1,40,2,2,39,91,7,16,2,1,1,5,1,2,28,21,1,23,1,1,1,1,9,1,19,199,3,27,2,2,9,4,7,2,5,9,1,1,593,8,5,13,24,56,5,7,1,1,7,3,1,20,1,1
38 , 4040 , 17,2,9,50,1,16,27,2,15,4,6,1,6,12,1,2,2,6,5,3,1,1,3,3,68,7,1,12,12,5,1,40,2,2,39,91,7,16,2,1,1,5,1,2,27,21,1,23,1,1,1,1,9,1,19,198,3,27,2,2,9,4,7,2,5,9,1,1,593,8,5,13,24,56,5,7,1,1,7,3,1,20,1,1
38 , 4050 , 17,2,9,50,1,16,26,2,15,4,6,1,6,12,1,2,2,6,5,3,1,1,3,3,68,7,1,12,12,5,1,40,2,2,39,91,7,15,2,1,1,5,1,2,26,21,1,23,1,1,1,1,9,1,19,197,3,27,2,2,8,4,7,2,5,9,1,1,593,8,5,13,24,56,5,7,1,1,7,3,1,20,1,1
38 , 4060 , 17,2,9,50,1,15,26,2,14,4,6,1,6,12,1,2,2,6,5,3,1,1,3,3,68,7,1,12,12,5,1,40,2,2,38,90,7,15,2,1,1,5,1,2,26,21,1,23,1,1,1,1,9,1,19,197,3,27,2,2,8,4,7,2,5,8,1,1,593,8,5,13,24,56,5,7,1,1,7,3,1,20,1,1
38 , 4070 , 17,2,8,50,1,15,26,2,14,4,6,1,6,12,1,2,2,6,5,3,1,1,3,3,68,7,1,12,12,5,1,40,1,2,38,90,7,15,2,1,1,5,1,2,26,21,1,23,1,1,1,1,9,1,19,196,3,27,2,2,8,4,7,2,5,8,1,1,591,8,5,12,24,56,5,7,1,1,7,3,1,20,1,1
38 , 4080 , 17,2,8,50,15,26,2,14,4,6,1,6,12,1,2,2,6,5,3,1,1,3,3,68,7,1,12,12,5,1,40,1,2,38,90,6,15,2,1,1,5,1,2,26,21,1,22,1,1,1,1,9,1,18,196,3,27,2,2,8,4,7,2,5,8,1,1,590,8,5,12,24,56,5,7,1,1,7,2,1,20,1,1
38 , 4090 , 17,2,8,48,15,26,2,14,4,6,1,6,12,1,2,2,6,5,3,1,1,3,3,68,7,1,12,12,5,1,40,1,2,38,90,5,15,2,1,1,5,1,2,26,20,1,22,1,1,1,1,9,18,195,3,27,2,2,8,4,7,2,5,8,1,1,589,8,5,12,24,56,5,6,1,1,7,2,1,20,1,1
38 , 4100 , 17,2,8,48,15,26,2,14,4,6,1,6,12,1,2,2,6,5,3,1,1,3,3,68,7,1,12,12,5,1,39,1,2,38,89,5,15,2,1,1,5,1,2,25,20,1,22,1,1,1,1,9,18,195,3,27,2,2,8,4,7,2,5,8,1,1,589,7,5,12,24,56,5,6,1,1,7,2,1,20,1,1
39 , 9440 , 194,10,34,71,1,1,17
39 , 9450 , 194,10,34,71,1,1,17
39 , 9460 , 194,10,34,71,1,1,16
39 , 9470 , 194,10,34,71,1,1,16
39 , 9480 , 194,10,34,71,1,1,15
39 , 9490 , 194,10,34,71,1,1,15
39 , 9500 , 194,10,34,71,1,1,15
39 , 9510 , 194,10,34,71,1,1,15
39 , 9520 , 194,10,34,71,1,1,15
39 , 9530 , 194,10,34,71,1,1,15
46 , 860 , 1,1,165,2,1,1,1,37,258,3,1,118,4,327,10,1,75,2,3,99,7,1,221,2
46 , 870 , 2,155,4,1,1,1,1,1,1,1,63,1,1,1,437,1,1,1,1,182,4,300,9,1,122,5,175,1,2,291,2
46 , 880 , 2,98,7,2,1,1,1,2,2,81,1,1,1,607,1,1,1,1,1,1,1,246,2,201,1,168,7,239,1,3,279,3
46 , 890 , 2,32,4,4,49,2,475,2,1,2,1,1,1,1,1,1,167,59,102,5,146,126,1
46 , 900 , 3,11,6,6,66,3,650,2,1,2,1,1,1,1,1,1,1,1,1,1,1,1,1,213,12,134,6,188,122,2
46 , 910 , 3,3,8,6,70,3,752,2,1,2,1,1,1,1,1,2,1,1,1,1,1,1,1,227,1,150,6,217,79,2
46 , 920 , 4,9,9,82,5,748,3,1,3,1,2,4,1,2,1,1,2,205,1,1,1,1,1,1,1,1,1,159,4,205,44,2
46 , 930 , 3,9,7,48,1,621,3,2,1,2,3,2,138,1,1,1,2,1,2,1,1,1,148,3,173,5,3
46 , 940 , 4,9,8,57,762,4,1,3,3,2,124,1,1,1,3,1,2,2,1,1,1,1,1,187,3,197,1,4
46 , 950 , 5,11,15,80,1101,4,1,5,4,4,117,1,2,5,1,4,3,2,2,2,2,1,1,1,1,1,1,1,1,283,5,276,4
47 , 1180 , 18,51,15,7,14,6,1,1,1,49,8,1,19,7,5,28,1,15,5,10,79,17,2,47,83,1,66,39,2,15,4,16,2,1,2,2,30,76,1,1,2,2,1,13,1,50,4,1,47,1,1,1,29,1,6,7,81,2,5,15,1,10,7,23,2,3,2,9,43,40,29,7,19,10,4,44,3,6
47 , 1190 , 18,51,15,7,14,6,1,1,1,49,8,1,19,7,5,28,1,15,5,10,79,17,2,47,83,1,55,39,2,15,4,16,2,1,2,2,30,76,1,1,2,2,1,13,1,50,4,1,47,1,1,1,29,1,6,7,81,2,5,15,1,10,7,23,2,3,2,9,43,40,29,7,19,10,4,44,1,2
47 , 1200 , 19,59,17,8,16,6,1,1,1,55,11,1,21,9,6,30,1,16,6,10,89,18,2,54,99,1,53,43,2,15,4,17,3,1,2,2,34,84,1,1,2,2,2,13,2,59,4,1,51,1,1,1,35,1,9,7,93,2,5,15,1,11,7,25,2,3,2,9,48,44,33,7,21,11,5,49,1
47 , 1210 , 19,59,17,8,16,6,1,1,1,55,11,1,21,9,6,30,1,16,6,10,89,17,2,55,99,1,40,43,2,15,4,17,3,1,2,2,34,84,1,1,2,2,2,13,2,59,4,1,51,1,1,1,35,1,10,7,93,2,5,15,1,11,8,25,2,3,2,9,48,45,33,7,21,11,5,49,1
47 , 1220 , 19,59,17,8,16,6,1,1,55,11,1,21,9,6,30,1,16,6,9,89,15,2,55,99,1,28,43,2,15,4,17,3,1,2,2,34,84,1,1,2,2,2,13,2,59,4,1,51,1,1,1,35,1,10,7,93,2,5,15,1,11,8,25,2,3,2,9,48,45,33,7,21,11,5,49,1
47 , 1230 , 19,59,17,8,16,6,1,1,55,11,1,21,9,6,30,1,16,6,9,89,11,2,55,99,1,23,43,2,15,4,17,3,1,2,2,34,84,1,1,2,2,2,13,2,59,4,1,51,1,1,1,35,1,10,7,93,2,5,15,1,11,8,25,2,3,2,9,48,45,33,7,21,11,5,49,1
47 , 1240 , 20,72,21,11,20,10,1,1,65,13,1,28,10,7,39,1,20,9,7,107,9,3,59,120,1,16,51,3,18,5,24,3,1,2,2,42,1,108,1,1,2,4,3,18,2,68,4,1,60,1,1,1,39,1,11,7,117,3,6,16,1,11,1,8,27,2,4,1,3,13,53,60,38,7,24,15,5,59,2
47 , 1250 , 26,93,27,11,25,15,2,1,74,17,1,31,12,9,46,1,26,12,6,126,5,3,66,153,2,12,62,3,20,8,28,3,1,4,2,55,1,126,1,1,2,5,4,21,2,87,4,1,74,1,1,2,48,1,11,8,1,1,152,5,8,19,1,12,1,9,29,5,6,1,5,15,60,72,49,7,32,18,3,76,2,1
47 , 1260 , 13,46,14,7,19,7,1,40,11,3,13,8,8,16,4,8,5,70,2,25,82,1,2,32,11,7,1,2,1,34,1,68,1,1,3,13,48,2,1,33,1,1,1,19,5,7,13,1,82,2,5,9,10,5,2,17,5,3,1,2,9,22,39,26,2,15,1,1,35,2
47 , 1270 , 16,53,18,10,22,9,1,48,14,3,15,8,8,18,1,4,10,6,86,2,29,95,1,40,11,9,2,2,2,43,1,79,1,1,4,15,57,2,1,44,1,1,1,23,5,8,14,1,1,1,1,1,99,2,8,14,11,6,2,18,5,3,1,2,11,24,47,31,3,15,1,2,40,3
48 , 1890 , 7,38,25,7,40,1,1,4,115,14,1,17,54,10,3,63,13,6,3,2,8,11,55,12,33,3,6,2,31,8,9,3,13,3,9,1,12,225,2,44,10,1,3,2,45,13,12,6,15,5,21,4,7,6,1,3,4,18,3,2,1,1,1,18,1,1,1,1,2,1,1,1,1,6,3,3,29,13,15,13,1,1,7,2,17,12,3,5,8,32,17,63,4,43,11,1,35,6,35,2,3,141,25
48 , 1900 , 7,38,25,7,40,1,1,3,113,13,1,17,54,10,3,63,13,6,3,2,8,11,55,12,33,3,6,2,31,8,9,3,13,3,9,12,225,2,41,10,1,3,2,44,13,11,6,15,5,21,4,7,6,1,3,4,18,3,2,1,1,1,18,1,1,1,1,2,1,1,1,1,6,3,3,28,13,15,13,1,1,7,2,17,12,3,5,8,32,17,63,4,43,11,1,35,6,35,2,3,141,25
48 , 1910 , 7,38,25,7,40,1,1,3,110,13,17,54,10,3,63,13,6,3,2,8,11,55,12,33,3,6,2,31,7,9,3,13,3,7,12,225,2,40,10,1,3,2,43,13,11,6,15,5,21,4,7,6,1,3,4,18,3,2,1,1,1,18,1,1,1,1,2,1,1,1,1,6,3,3,27,13,15,13,1,1,6,2,17,12,3,5,8,32,17,63,4,43,10,1,35,6,35,2,3,141,25
48 , 1920 , 7,38,24,7,40,1,1,3,103,13,17,54,10,3,63,13,6,3,2,7,11,55,11,33,3,6,1,31,7,9,3,13,3,7,12,225,2,39,10,1,3,2,42,13,11,6,15,5,21,4,7,6,1,3,4,18,3,2,1,1,1,18,1,1,1,1,2,1,1,1,1,6,3,3,26,13,15,13,1,1,6,1,17,12,3,5,8,30,17,63,4,43,10,1,35,6,35,2,3,141,25
48 , 1930 , 7,38,24,7,39,1,1,3,103,13,17,54,10,3,63,13,6,3,2,7,11,55,11,33,3,6,1,31,7,9,3,13,3,6,12,225,2,39,10,1,3,2,39,12,11,6,15,5,21,4,7,6,1,3,4,18,3,2,1,1,1,18,1,1,1,1,2,1,1,1,1,6,3,3,26,12,15,13,1,1,6,1,17,12,3,5,7,29,17,63,4,43,9,1,35,6,35,2,3,141,25
48 , 1940 , 6,44,26,8,40,1,2,3,101,13,20,55,12,3,67,14,6,3,2,7,11,54,11,33,3,4,1,32,7,9,3,13,3,8,14,245,2,42,10,1,4,2,36,11,11,5,19,6,24,4,8,6,1,3,5,19,4,2,1,1,1,21,1,1,1,1,2,1,1,1,2,6,4,3,26,12,13,13,1,1,7,2,14,12,3,5,5,27,16,76,6,46,10,1,36,7,34,2,4,144,26
48 , 1950 , 6,44,26,8,40,1,2,3,101,13,20,55,12,3,67,14,6,3,2,7,11,54,11,32,3,4,1,32,7,9,3,13,3,6,14,246,2,41,10,4,2,36,11,11,4,19,6,24,4,8,6,1,3,5,19,4,2,1,1,1,21,1,1,1,1,2,1,1,1,2,6,4,2,26,10,13,13,1,1,7,2,14,12,3,5,5,27,16,76,6,46,10,1,36,7,34,2,4,144,26
48 , 1960 , 3,26,12,6,38,1,1,3,46,7,12,32,6,3,50,7,5,2,4,6,21,5,17,3,18,5,2,1,9,1,5,9,141,2,32,3,1,1,18,6,5,1,12,1,19,4,4,5,2,5,3,2,1,1,15,1,1,1,3,2,2,1,1,1,4,5,2,15,6,7,8,1,4,2,7,8,3,3,2,12,16,52,5,33,3,25,5,23,9,93,13
48 , 1970 , 3,32,13,6,42,2,1,3,52,8,13,45,5,3,58,10,4,2,3,8,26,6,19,3,20,4,2,1,10,1,6,10,174,1,41,3,1,1,20,6,5,1,15,1,22,4,4,7,2,6,3,2,1,1,17,1,1,3,2,2,2,1,1,1,1,1,1,5,3,2,18,7,9,10,1,2,4,9,10,4,5,3,11,17,59,6,38,3,29,5,25,10,103,15
48 , 1980 , 2,31,13,6,41,2,1,3,52,8,13,45,5,3,58,10,4,1,3,8,26,6,18,3,19,4,2,1,10,1,6,10,174,39,3,1,1,20,5,5,1,15,1,22,4,4,7,2,6,3,2,1,1,17,1,1,3,2,2,2,1,1,1,1,1,1,5,3,2,18,7,9,10,1,2,4,9,10,4,4,3,10,17,59,6,38,3,29,5,24,10,105,15
48 , 1990 , 2,38,16,9,47,2,1,3,58,9,17,52,6,4,66,10,5,2,4,8,32,7,19,3,22,4,2,1,11,6,13,211,46,4,1,1,22,5,6,1,19,1,27,4,3,8,2,6,3,2,1,1,21,1,1,4,3,2,2,1,1,1,1,1,1,1,5,3,2,21,9,13,10,1,5,9,11,5,4,4,12,19,69,6,42,4,35,5,27,11,120,18
49 , 3520 , 40,6,1,46,12,13,8,1,2,5,1,43,9,32,5,7,39,23,2,7,2,7,254,1,28,9,1,2,5,5,40,4,1,2,10,4,1,4,17,1,4,12,9,1,1,11,1,1,1,15,1,4,3,1,1,1,8,115,2,2,1,2,2,20,2,2,7,1,3,32,56,2,5,134,4,1,2,4,31,6,6,2,114,2,171
49 , 3530 , 40,6,1,46,12,13,8,1,2,5,1,43,9,32,5,7,39,23,2,7,2,7,254,1,28,9,1,2,5,5,40,4,1,2,10,4,1,4,17,1,4,12,9,1,1,11,1,1,1,15,1,4,3,1,1,1,8,115,2,2,1,2,2,20,2,2,7,1,3,32,56,2,5,134,4,1,2,4,31,6,6,2,114,2,171
49 , 3540 , 39,6,1,46,12,13,8,1,2,5,1,43,9,32,5,7,39,23,2,7,2,7,253,1,28,9,1,2,5,5,40,4,1,2,10,4,1,4,17,1,4,12,9,1,1,10,1,1,1,15,1,4,3,1,1,1,8,115,2,2,1,2,2,20,2,2,7,1,3,32,56,2,5,134,4,1,2,4,31,6,6,2,114,2,171
49 , 3550 , 39,6,1,46,12,13,8,1,2,5,1,43,9,32,5,7,39,23,2,7,2,7,253,1,28,9,1,2,5,5,40,4,1,2,10,4,1,4,17,1,4,12,9,1,1,10,1,1,1,15,1,4,3,1,1,1,8,115,2,2,1,2,2,20,2,2,7,1,3,32,56,2,5,134,4,1,2,4,30,6,6,2,114,2,171
49 , 3560 , 39,6,1,46,12,13,8,1,2,5,1,43,9,32,5,7,39,23,2,7,2,7,253,1,28,9,1,2,5,4,40,4,1,2,10,4,1,4,17,1,4,12,9,1,1,10,1,1,1,15,1,4,3,1,1,1,8,115,2,2,1,2,2,20,2,2,7,1,3,32,56,2,5,134,4,1,2,4,30,6,6,2,114,2,171
49 , 3570 , 39,6,1,46,12,13,8,1,2,5,1,43,9,32,5,7,39,23,2,7,2,7,253,1,28,9,1,2,5,4,40,4,1,2,10,4,1,4,17,1,4,12,9,1,1,10,1,1,1,15,1,4,3,1,1,1,8,115,2,2,1,2,2,20,2,2,7,1,3,32,56,2,5,134,4,1,2,4,30,6,6,2,113,2,171
49 , 3580 , 39,6,1,46,12,13,8,1,2,5,1,43,9,32,5,7,39,23,2,7,2,7,253,1,28,9,1,2,5,4,40,4,1,2,9,4,1,4,17,1,4,12,9,1,1,10,1,1,1,15,1,4,3,1,1,1,8,115,2,2,1,2,2,20,2,2,7,1,3,32,56,2,5,134,4,1,2,4,30,6,6,2,113,2,171
49 , 3590 , 39,6,1,46,12,13,8,1,2,5,1,43,9,32,5,7,38,23,2,7,2,7,253,1,28,9,1,2,5,4,40,4,1,2,9,4,1,4,17,1,4,12,9,1,1,10,1,1,1,15,1,4,3,1,1,1,8,115,2,2,1,2,2,20,2,2,7,1,3,32,56,2,5,134,4,1,2,4,30,6,6,2,113,2,171
49 , 3600 , 39,6,1,46,12,13,8,1,2,5,1,43,9,32,5,7,38,23,2,7,2,7,253,1,28,9,1,2,5,4,40,4,1,2,9,4,1,4,17,1,4,12,9,1,1,10,1,2,1,15,1,4,3,1,1,1,8,114,2,2,1,2,2,20,2,2,7,1,3,32,56,2,5,134,4,1,2,4,30,6,6,2,113,171
49 , 3610 , 39,6,1,46,12,13,8,1,2,5,1,43,9,32,5,7,38,23,2,7,2,7,253,1,28,9,1,2,5,4,40,4,1,2,9,4,1,4,17,1,4,12,9,1,1,10,1,2,1,15,1,4,3,1,1,1,8,114,2,2,1,2,2,20,2,2,7,1,3,32,56,2,5,134,4,1,2,4,30,6,6,2,113,171
50 , 7190 , 12,7,3,2,1,2,1,124,10,23,1,13,24,1,3,5,1,27,1,7,1,5,1,10,17,11,2,48,3,4,54,24,1,2,64,32,106,8,4,10,18,6,3,1,1,23,1,5,1,7,1,1,19
50 , 7200 , 12,6,3,2,1,1,1,124,10,23,1,13,24,1,3,4,1,27,1,6,1,5,1,10,17,11,2,48,2,4,54,24,1,2,64,32,106,8,4,10,18,6,3,1,1,23,1,5,1,7,1,1,19
50 , 7210 , 12,5,3,2,1,1,1,124,10,23,1,13,24,1,3,4,1,27,1,6,1,5,1,10,17,11,2,48,2,4,54,22,1,2,64,32,106,8,4,10,17,6,3,1,1,23,1,5,1,7,1,1,19
50 , 7220 , 12,5,2,2,1,1,1,124,10,23,1,13,24,1,3,3,1,27,1,6,1,5,1,10,17,11,2,48,2,3,54,22,1,2,64,32,106,8,4,10,16,6,3,1,1,23,1,5,1,7,1,1,19
50 , 7230 , 12,5,2,2,1,1,1,124,10,23,1,13,24,1,1,3,1,27,1,6,1,5,1,10,17,11,2,48,2,3,54,22,1,2,64,32,106,8,4,10,16,6,3,1,1,23,1,5,1,7,1,1,19
50 , 7240 , 12,5,2,2,1,1,1,124,10,23,1,13,24,1,1,3,1,27,1,5,1,5,1,10,17,11,2,48,2,3,54,22,1,2,64,32,106,8,4,10,16,6,3,1,1,23,1,5,1,7,1,1,19
50 , 7250 , 12,5,1,2,1,1,1,124,10,23,1,13,24,1,1,3,1,26,1,5,1,5,1,10,17,11,2,48,2,3,54,22,1,2,64,32,106,8,4,10,16,6,3,1,1,23,1,5,1,7,1,1,19
50 , 7260 , 12,5,1,2,1,1,1,124,10,23,1,13,24,1,1,3,1,26,1,5,1,5,1,10,17,11,2,48,2,3,54,22,1,2,64,32,106,8,4,10,16,6,3,1,1,23,1,5,1,7,1,1,19
50 , 7270 , 12,5,1,2,1,1,1,124,10,23,1,12,24,1,1,3,1,26,1,5,1,5,1,10,17,11,2,48,2,3,54,21,1,2,64,32,106,8,4,10,16,6,3,1,1,23,1,5,1,7,1,1,19
50 , 7280 , 12,4,1,2,1,1,1,124,10,23,1,12,24,1,1,3,1,26,1,5,1,5,1,10,17,11,2,48,2,3,54,20,1,2,64,32,106,8,4,10,15,6,3,1,1,23,1,5,1,7,1,1,19
55 , 820 , 32,12,2,11,2,1,2,1,914,1,1,9,1,23,1,1,1,1,1,1,1,1,5,9,2,1,4,2,4,17,5,1,2,8,244,28,2,4,4,10,4
55 , 830 , 37,14,2,12,2,1,3,1,1167,2,1,11,1,31,1,2,1,1,1,1,1,1,1,1,1,1,1,1,5,12,2,1,5,2,4,19,8,1,3,11,308,33,3,4,4,10,5
55 , 840 , 30,12,3,12,3,5,833,1,1,9,1,24,1,1,1,1,1,2,1,1,1,6,1,1,1,1,1,9,3,1,7,3,18,6,3,1,9,258,32,5,3,6,3
55 , 850 , 39,17,4,17,4,6,1149,1,2,13,1,28,1,1,2,1,1,2,1,1,1,9,1,1,1,1,1,12,1,1,1,1,4,2,10,4,23,9,3,1,12,351,45,7,4,8,4
55 , 860 , 40,13,2,1,15,1,1,3,693,5,11,4,25,1,1,1,2,4,2,1,1,9,5,1,8,1,1,1,1,4,17,8,1,1,7,239,46,10,1,7,4
55 , 870 , 56,12,3,1,19,1,1,4,884,8,16,5,34,1,1,1,5,6,2,1,2,11,7,2,12,1,2,1,1,5,21,1,1,1,1,1,8,1,1,12,304,58,14,2,10,6
55 , 880 , 43,5,2,1,14,3,570,8,6,1,27,1,2,2,4,1,6,2,2,10,2,6,11,2,1,1,6,1,1,1,1,11,195,42,8,3,2,4
55 , 890 , 52,4,2,2,18,3,593,9,6,2,35,1,1,2,5,1,8,2,2,13,2,6,16,3,1,2,4,1,1,1,1,1,1,15,204,48,10,4,3
55 , 900 , 53,3,2,1,21,3,552,10,5,1,35,1,2,5,1,7,2,1,13,6,19,2,1,2,1,1,1,1,1,1,1,18,194,50,8,4,3
55 , 910 , 50,3,1,1,28,1,2,536,7,6,53,1,1,1,1,5,2,7,4,3,5,6,24,3,1,2,1,1,1,1,1,1,9,3,1,20,197,60,8,9,3
56 , 1180 , 12,4,15,2,2,4,2,5,50,45,9,91,205,1,7,39,5,33,69,1,8,13,5,14,2,2,18,1,1,1,12,1,1,2,1,3,1,1,1,3,2,2,13,2,1,1,2,19,6,24,10,9,69,74,188,3,1,15,6,17,5,38,2,10
56 , 1190 , 12,4,15,2,2,4,2,5,51,46,6,93,207,1,7,39,5,33,70,1,8,13,5,14,2,2,18,1,1,1,12,1,1,2,1,3,1,1,1,3,2,2,13,2,1,1,2,19,6,24,10,9,68,75,188,3,1,15,6,15,4,39,2,10
56 , 1200 , 12,4,15,2,2,4,2,5,51,46,5,92,208,1,7,39,5,33,70,1,8,13,5,14,2,2,18,1,1,1,12,1,1,2,1,3,1,1,1,3,2,2,13,2,1,1,2,19,6,24,10,9,56,75,189,3,1,15,6,15,2,39,2,10
56 , 1210 , 16,4,14,2,2,5,1,2,5,57,48,1,105,233,2,7,42,6,38,80,1,8,15,6,16,3,3,18,1,11,1,15,1,1,2,1,5,1,1,1,3,1,2,2,15,2,1,1,2,21,8,26,12,10,54,85,230,3,1,17,6,1,3,44,2,11
56 , 1220 , 16,4,12,2,2,5,1,2,5,58,48,103,235,2,7,43,6,38,80,1,8,2,6,16,3,3,18,1,6,1,16,1,1,2,1,4,1,1,1,3,1,2,2,15,2,1,1,2,21,8,27,12,10,46,85,233,3,1,17,6,1,2,45,15,11
56 , 1230 , 16,4,11,2,2,5,1,2,5,58,48,95,235,2,7,43,6,38,80,1,8,2,6,16,3,3,18,1,1,1,16,1,1,2,1,1,1,3,1,2,2,15,2,3,1,1,2,21,8,27,12,10,31,85,233,3,1,17,6,1,45,15,11
56 , 1240 , 21,6,13,3,2,5,1,4,8,73,62,102,298,3,9,54,7,1,51,106,1,2,8,2,8,17,4,3,25,2,1,2,19,1,2,1,2,1,2,1,3,1,2,4,17,1,1,2,2,1,1,2,31,10,36,13,11,24,106,302,3,2,21,8,1,55,15,16
56 , 1250 , 22,6,12,3,2,5,1,4,8,82,68,106,334,3,9,63,9,1,56,115,1,2,8,2,8,18,4,3,28,2,1,2,23,1,3,1,2,1,2,1,3,1,2,4,17,1,1,1,2,1,1,1,2,34,12,44,14,13,18,120,343,3,2,23,9,1,61,20,19
56 , 1260 , 22,6,10,3,2,5,1,4,8,85,68,93,341,3,9,63,9,1,58,119,1,2,9,2,8,18,4,3,29,2,1,2,23,1,3,1,2,1,2,1,3,1,2,4,17,1,1,1,2,1,1,2,34,12,46,14,13,6,122,359,3,2,24,9,1,61,20,20
56 , 1270 , 11,2,2,1,3,1,1,1,3,47,40,48,194,2,7,46,1,5,41,72,1,3,11,4,9,2,1,17,2,2,13,2,3,2,2,1,1,2,1,1,3,12,1,1,1,1,2,8,10,26,6,195,1,79,9,21,1,35,4,12
57 , 2140 , 26,4,2,1,8,2,2,74,1,5,20,2,1,8,4,4,17,16,12,3,1,3,6,39,116,19,25,10,1,16,6,9,3,4,1,1,25,2,25,54,1,5,11,2,5,14,3,2,4,5,8,4,8,3,8,12,4,3,5,3,4,2,18,1,1,1,52,1,2,15,1,1,1,1,1,8,90,10,9,3,21,4,38,2,170,2,2,23,2,16,2,4,31,2,1,5,1,5
57 , 2150 , 26,4,2,1,8,2,2,74,1,5,20,2,1,8,4,4,17,16,12,3,1,3,6,39,116,19,25,10,1,16,6,9,3,4,1,1,25,1,25,54,1,5,11,2,5,14,3,2,4,5,8,4,8,3,8,12,4,3,5,3,4,2,18,1,1,1,52,1,2,15,1,1,1,1,1,8,90,10,9,3,21,4,38,2,170,2,2,23,2,16,2,4,31,2,1,5,1,5
57 , 2160 , 26,4,2,1,8,2,2,74,1,5,20,2,8,4,4,17,16,12,3,1,2,6,39,116,19,25,10,1,16,6,9,3,4,1,1,25,1,25,54,1,5,11,2,3,14,3,2,4,5,8,4,8,3,8,12,3,3,5,3,4,2,18,1,1,1,52,1,2,15,1,1,1,1,1,8,90,10,9,3,21,4,38,2,170,2,2,23,2,16,2,4,31,2,1,5,1,5
57 , 2170 , 28,5,1,2,7,2,3,81,1,6,22,3,10,3,6,18,18,15,3,1,2,4,41,129,22,26,12,1,20,5,10,3,4,1,1,27,2,29,61,1,6,11,2,15,4,2,4,6,8,5,8,3,9,12,3,3,5,4,4,3,19,1,1,2,59,1,1,19,1,1,1,1,1,9,99,11,10,3,24,5,41,2,190,2,3,26,17,2,5,35,2,1,6,1,5
57 , 2180 , 28,5,1,2,7,2,3,81,1,6,22,3,10,3,6,18,16,15,3,1,2,4,41,129,21,26,12,1,20,5,10,3,4,1,1,27,2,29,61,1,6,11,2,15,4,2,4,6,8,5,8,3,9,12,3,3,5,4,4,3,18,1,1,2,59,1,1,19,1,1,1,1,1,9,99,11,10,3,24,5,41,2,191,2,3,25,17,2,5,35,2,1,5,1,5
57 , 2190 , 28,5,2,7,2,3,81,1,6,22,3,10,3,6,18,16,15,3,1,2,4,41,129,21,26,12,1,20,5,10,3,4,1,1,27,2,29,61,1,6,11,2,15,4,2,4,6,8,5,8,3,9,12,3,3,5,4,4,3,18,1,1,2,59,1,1,19,1,1,1,1,1,9,99,11,10,3,24,5,41,2,191,2,3,25,17,2,5,35,2,1,5,1,5
57 , 2200 , 28,5,2,7,2,3,81,1,6,22,2,10,3,6,18,16,15,3,1,2,4,41,129,21,26,12,1,20,5,10,3,4,1,1,27,2,29,61,1,6,11,2,15,4,1,4,6,8,5,8,3,9,12,3,3,5,4,4,3,18,1,1,2,59,1,1,19,1,1,1,1,1,9,98,11,10,3,24,5,41,2,191,2,3,25,17,2,5,34,2,1,5,1,5
57 , 2210 , 28,5,2,7,2,3,81,1,6,22,2,10,3,6,18,15,15,2,1,2,4,41,129,21,26,12,1,20,5,10,3,4,1,1,27,2,29,61,1,6,11,2,15,4,1,3,6,8,5,8,3,9,12,3,3,5,4,4,3,18,1,1,2,59,1,1,19,1,1,1,1,1,9,98,11,10,3,24,5,41,2,191,2,3,24,17,2,5,34,2,5,1,5
57 , 2220 , 32,5,2,5,2,5,92,1,7,29,3,12,4,8,20,19,18,4,1,2,5,42,148,26,30,14,2,27,6,9,4,4,1,2,29,3,29,75,2,7,9,1,18,5,3,6,7,5,10,3,12,16,4,6,8,5,4,4,22,1,2,2,74,2,1,24,1,1,1,1,1,1,10,119,10,12,3,31,5,53,2,234,4,4,31,21,3,5,42,2,5,1,4
57 , 2230 , 36,5,3,7,2,5,113,1,7,31,3,13,6,7,23,19,20,4,2,2,8,48,168,27,32,15,2,32,7,10,5,4,1,2,32,4,31,86,2,7,9,1,19,5,3,6,5,6,11,3,15,17,4,8,8,5,4,4,23,1,2,2,84,2,1,28,1,1,2,1,1,1,1,1,10,140,11,13,3,37,4,59,2,265,4,5,32,24,3,6,47,2,6,1,3
58 , 4700 , 5,22,294,1,115,2,56,3,8,4,2,1,2,30,13,90,141,3,7,4,25,6,8,50,55,1,6,17,1,1,2,72,6,7,38,1,97,2,10,5,18,119,19,136,1,2,3,9,1,5,1,22,3,1,1,23,20,3,1,7,5,1,1,1,13,30,7,29,6,5,12,3,2,2
58 , 4710 , 5,22,294,1,115,2,56,3,8,4,1,1,2,30,13,90,141,3,7,4,25,6,8,50,55,1,6,17,1,1,2,72,6,7,38,1,97,2,10,5,18,119,19,135,1,2,3,9,1,5,1,22,3,1,1,23,20,3,1,7,5,1,1,1,13,30,7,29,6,5,12,3,2,2
58 , 4720 , 5,22,294,1,115,2,56,3,8,4,1,1,2,30,13,90,141,3,6,4,25,6,8,50,55,1,6,17,1,1,2,72,6,7,38,1,97,2,9,5,18,119,19,135,1,2,3,9,1,5,1,22,3,1,1,23,20,3,1,7,5,1,1,1,13,30,7,29,6,5,12,3,2,2
58 , 4730 , 5,22,294,1,115,2,56,3,8,4,1,1,2,30,13,90,141,3,6,4,25,6,8,50,55,1,6,17,1,1,2,72,6,7,38,1,96,2,9,5,18,119,19,134,1,2,3,9,1,5,1,22,3,1,1,23,20,3,1,7,5,1,1,1,13,30,7,29,6,5,12,3,1,2
58 , 4740 , 5,24,318,1,126,2,60,2,9,4,2,4,34,12,105,156,3,7,4,26,7,7,54,53,1,7,19,1,1,3,79,6,8,1,40,1,110,2,10,5,18,127,18,149,1,2,3,9,2,3,1,23,4,1,1,25,21,4,1,8,6,1,1,1,13,33,6,29,7,5,11,3,1,2
58 , 4750 , 5,24,319,1,126,2,60,2,9,4,2,4,34,12,101,154,2,7,4,26,7,7,51,53,1,7,19,1,1,3,79,6,8,1,40,1,111,2,10,5,18,126,19,150,1,2,3,9,2,3,1,23,4,1,1,25,20,4,1,8,6,1,1,1,13,33,6,29,7,5,11,3,1,1
58 , 4760 , 5,24,318,1,126,2,60,2,9,4,2,4,34,12,101,154,2,7,4,26,7,7,51,53,1,7,19,1,1,3,79,6,8,1,39,1,111,2,10,5,18,126,19,150,1,2,3,9,2,3,1,23,4,1,1,25,19,4,1,7,6,1,1,1,13,33,6,29,7,5,11,3,1,1
58 , 4770 , 5,24,317,1,126,2,60,2,9,4,2,4,34,11,101,154,2,7,4,25,7,7,51,53,1,7,19,1,1,3,79,6,8,1,39,1,111,2,10,5,18,125,19,149,1,2,3,9,2,3,1,23,4,1,1,24,19,4,1,7,6,1,1,1,13,33,6,29,7,5,11,3,1,1
58 , 4780 , 5,24,316,1,126,2,60,2,9,4,2,4,34,11,101,154,2,7,4,25,7,7,51,53,1,7,19,1,1,3,79,6,8,1,38,1,111,2,10,5,18,125,19,149,1,2,3,9,2,3,1,23,4,1,1,24,19,4,1,7,6,1,1,1,13,33,6,29,7,5,11,3,1,1
58 , 4790 , 4,24,316,1,126,2,60,2,9,4,2,4,34,11,101,154,2,7,4,25,7,7,51,53,1,7,19,1,1,3,78,6,8,1,38,1,111,2,10,5,18,125,19,149,1,2,3,9,2,3,1,23,4,1,1,24,19,4,1,6,6,1,1,1,13,33,6,28,7,5,11,3,1,1
59 , 11520 , 172,6,1,2,1,3,10,1,1,18,3,10,13,1,1,12,2,13,2,90
59 , 11530 , 172,6,1,2,1,3,9,1,1,18,3,10,13,1,1,12,2,12,2,90
59 , 11540 , 172,6,1,2,1,3,9,1,1,18,3,9,13,1,1,12,2,12,2,90
59 , 11550 , 172,6,1,2,1,3,9,1,1,18,3,8,13,1,1,12,2,12,2,89
59 , 11560 , 172,6,1,2,1,3,8,1,1,18,3,7,13,1,1,12,2,12,2,88
59 , 11570 , 172,6,1,2,1,3,8,1,1,18,3,7,13,1,1,12,2,12,2,87
59 , 11580 , 172,6,1,2,1,3,8,1,1,18,3,7,12,1,1,12,2,12,2,87
59 , 11590 , 172,6,1,2,1,3,7,1,1,17,3,7,12,1,1,12,2,12,2,87
59 , 11600 , 172,5,1,2,1,3,7,1,1,16,3,7,12,1,1,12,2,12,2,87
59 , 11610 , 172,5,1,2,1,3,7,1,1,16,3,7,12,1,1,12,2,12,2,84
65 , 820 , 21,7,14,3,1,2,1,8,11,136,1,1,1,1,1,10,2,24,10,3,1,129,1,7,1,501,1,19,13,6,4,2,8,4,216,2,5,48,2,36,1
65 , 830 , 14,7,17,2,2,3,10,154,3,2,2,2,1,2,1,1,10,1,1,1,1,1,31,16,4,2,137,7,2,563,1,13,14,10,2,3,8,4,218,4,3,47,2,32,1
65 , 840 , 13,6,11,2,1,1,8,109,4,1,2,2,2,3,1,1,1,1,1,1,1,4,24,7,2,96,1,2,450,2,6,7,6,1,2,4,3,161,3,3,37,1,26
65 , 850 , 20,11,16,1,6,1,13,175,5,2,6,3,3,4,3,1,1,2,2,1,2,6,1,1,1,45,12,1,1,1,2,162,1,1,717,2,10,10,11,3,3,6,5,269,1,4,6,54,2,42
65 , 860 , 24,5,13,4,1,14,142,7,4,3,1,4,3,1,1,2,3,1,1,4,2,2,2,36,3,2,1,2,1,1,1,1,1,1,1,150,8,653,1,11,10,9,1,3,4,3,240,2,4,56,3,39
65 , 870 , 36,7,18,6,1,20,151,8,1,6,4,1,3,2,2,2,3,1,5,3,3,2,50,3,2,2,3,2,1,1,1,1,2,2,1,198,1,1,1,1,1,1,11,850,16,11,12,1,5,6,5,309,2,5,77,5,41
65 , 880 , 31,3,12,3,3,11,114,6,7,7,1,2,2,3,5,3,6,43,7,5,2,1,2,2,1,2,177,2,8,1,1,2,1,1,764,1,16,5,10,2,2,4,1,319,58,1,17
65 , 890 , 21,2,12,8,60,3,3,2,1,3,2,3,1,9,34,4,1,1,2,2,136,7,1,565,1,1,1,12,1,1,1,1,1,2,8,3,2,1,1,243,1,42,1,5
65 , 900 , 14,2,10,8,53,3,4,3,1,6,3,1,2,10,30,5,1,1,1,3,118,11,1,513,1,1,16,1,5,1,1,2,227,1,29
65 , 910 , 27,3,15,16,96,7,5,2,9,3,2,3,14,45,8,3,2,1,4,199,20,3,862,4,2,29,1,1,3,3,1,1,1,1,1,1,2,4,1,1,1,1,1,399,1,1,48
66 , 1180 , 5,16,2,7,6,38,2,8,7,2,8,56,9,9,5,2,70,283,3,3,1,1,1,2,3,117,2,1,1,1,67,3,1,1,2,1,2,4,3,40,73,17,2,6,1,1,3,28,12,3,1,2,2,1,1,1,11,1,1,7,1,236,5,27,31,61,1,1,8,1,8,134,15,37,78,9
66 , 1190 , 5,16,2,7,6,38,2,8,7,2,8,56,5,6,5,2,70,284,3,3,1,1,2,3,117,2,1,1,1,68,3,1,1,2,1,2,4,3,40,73,17,2,6,1,1,3,28,12,3,1,2,2,1,1,1,11,1,1,7,1,203,5,27,31,61,1,1,8,1,8,134,15,37,78,9
66 , 1200 , 6,17,2,7,6,40,2,10,7,2,11,65,3,5,1,5,2,77,324,3,3,1,1,2,3,128,2,2,1,1,74,3,1,1,2,1,2,5,3,50,86,20,2,6,2,1,5,33,14,4,1,2,2,1,1,1,13,1,1,7,2,183,5,30,1,35,69,2,1,9,1,8,154,17,38,88,10
66 , 1210 , 6,18,2,7,6,40,2,10,7,2,11,65,2,1,1,5,2,77,327,3,3,1,1,2,3,128,2,2,1,1,76,3,1,1,2,1,2,5,3,50,87,20,2,6,2,1,5,33,14,4,1,2,2,1,1,1,13,1,1,7,2,143,5,30,1,37,69,2,1,9,1,8,155,18,39,89,11
66 , 1220 , 7,22,2,8,5,48,2,11,9,2,12,77,1,1,6,4,87,397,3,4,1,2,2,3,148,2,2,1,1,93,4,1,1,3,2,2,5,3,56,103,22,2,6,2,1,6,39,17,4,1,2,2,1,1,1,15,1,1,10,2,136,6,38,1,43,1,1,87,3,1,11,1,11,194,22,47,100,9
66 , 1230 , 1,10,5,1,32,2,6,3,9,45,1,2,5,36,224,3,2,1,74,86,4,1,50,4,2,2,2,74,13,1,3,1,5,35,9,1,2,3,2,2,7,1,4,31,3,21,33,1,1,41,2,2,7,1,4,122,1,10,26,65,3
66 , 1240 , 1,10,5,1,35,2,6,3,9,47,2,5,37,236,3,2,1,67,87,4,1,55,4,2,2,2,78,13,1,3,1,5,39,9,1,2,3,3,2,7,1,4,35,3,22,34,1,1,42,2,2,8,1,4,126,1,11,26,66,1
66 , 1250 , 1,10,5,1,35,2,6,3,9,47,2,5,37,236,3,2,1,64,87,4,1,55,4,2,2,2,78,13,1,3,1,5,39,9,1,2,3,3,2,7,1,4,35,3,22,34,1,1,41,2,2,8,1,4,126,1,11,26,66,1
66 , 1260 , 1,10,5,1,35,2,6,3,9,47,2,5,37,236,3,2,1,58,87,4,1,55,4,2,2,2,78,13,1,3,1,5,39,9,1,2,3,3,2,6,1,4,35,3,22,34,1,1,38,2,2,8,1,4,126,1,11,26,66,1
66 , 1270 , 1,10,5,1,35,2,6,3,9,47,2,5,37,236,3,2,1,55,87,4,1,55,4,2,2,2,78,13,1,3,1,5,39,9,1,2,3,3,2,5,1,4,35,3,22,34,1,1,38,2,2,8,1,4,126,1,11,26,66
67 , 2140 , 7,218,7,2,2,1,5,8,2,28,11,36,17,10,1,7,6,3,6,28,1,5,5,56,1,10,10,25,1,2,1,1,2,27,6,15,27,17,5,1,4,25,18,12,5,2,5,2,3,1,5,4,7,4,2,7,15,3,4,1,2,9,2,2,1,1,31,2,2,1,1,1,1,1,1,6,3,8,2,59,9,5,13,20,4,3,8,10,19,5,7,3,45,62,20,2,2,2,3,23,1
67 , 2150 , 8,241,7,2,2,1,6,7,2,32,11,43,17,12,1,8,5,4,6,31,1,6,7,62,1,11,12,27,1,2,1,1,2,29,5,14,32,20,5,1,5,27,19,14,5,3,5,2,3,1,5,4,8,4,2,8,16,4,4,1,2,9,3,2,1,1,31,2,2,1,1,1,1,1,1,7,3,1,8,1,68,10,4,14,23,5,4,10,11,24,6,9,4,54,66,21,1,2,2,3,17,1
67 , 2160 , 8,284,8,3,2,1,9,7,2,38,15,53,21,12,1,9,5,4,7,35,2,7,7,67,1,5,15,33,1,2,1,1,1,30,5,14,35,23,7,5,29,21,15,12,2,5,2,3,1,5,4,10,4,2,8,20,4,4,1,3,9,3,2,1,1,36,2,3,1,1,1,1,2,2,7,3,1,1,1,9,1,83,10,4,11,26,6,5,12,10,27,8,11,4,61,77,24,1,2,1,3,15,1
67 , 2170 , 8,284,8,3,2,1,9,7,2,38,15,54,21,12,1,9,4,4,7,35,2,7,7,67,2,5,16,33,1,2,1,1,1,30,5,14,35,23,7,5,29,21,15,12,2,5,2,3,1,5,5,10,4,2,8,20,4,4,1,3,9,3,2,1,31,2,3,1,1,1,1,2,2,7,3,1,1,1,9,83,10,4,11,26,6,5,12,10,26,7,11,4,61,77,24,1,2,1,3,7,1
67 , 2180 , 8,284,8,3,2,1,9,7,2,38,15,54,21,12,1,9,4,4,7,35,2,7,7,67,2,5,16,33,1,2,1,1,1,30,5,14,35,23,7,5,29,21,15,12,2,5,2,3,1,5,5,10,4,2,8,20,4,4,1,3,9,3,2,1,25,2,3,1,1,1,1,2,2,7,3,1,1,1,9,83,10,4,11,26,6,5,12,10,26,7,11,4,61,77,23,1,2,1,3,3,1
67 , 2190 , 11,352,10,3,2,1,11,8,3,50,19,63,27,17,11,5,4,8,40,2,9,8,86,2,5,17,39,1,3,1,1,37,2,16,41,30,9,5,34,27,17,13,3,6,3,4,2,6,4,11,5,1,9,25,4,6,1,4,13,4,2,1,28,3,3,1,1,1,1,2,2,9,4,1,1,1,1,1,1,1,1,12,101,12,5,12,30,8,5,14,11,31,7,14,5,72,95,22,1,2,1,4,1
67 , 2200 , 12,353,10,3,2,1,12,8,3,51,19,63,27,17,11,5,4,8,41,2,9,8,86,2,5,17,39,1,3,1,1,37,2,16,41,30,9,5,34,27,17,13,3,6,3,4,2,6,4,11,5,1,9,25,4,6,1,4,13,4,2,1,25,3,3,1,1,1,1,2,2,9,4,1,1,1,1,1,1,1,1,12,101,12,5,12,30,8,5,14,11,31,7,14,5,73,95,22,1,2,1,4,1
67 , 2210 , 16,410,10,3,1,1,12,8,5,56,21,67,30,16,12,5,5,9,44,2,9,8,94,2,5,18,41,1,3,1,1,43,2,16,45,35,9,5,35,28,1,18,16,3,6,3,4,2,6,4,11,5,1,9,28,5,6,2,4,13,5,2,1,16,3,3,1,1,1,1,2,2,10,4,1,1,1,1,1,1,1,1,1,1,1,17,120,14,5,14,32,9,6,15,11,34,8,15,5,89,105,25,1,2,1,5,1
67 , 2220 , 16,410,10,3,1,1,12,8,5,56,21,67,30,16,12,5,5,9,44,2,9,8,94,2,5,18,41,1,3,1,1,43,2,16,45,35,9,5,36,28,1,18,16,3,6,3,4,2,6,4,11,5,9,28,5,6,2,4,13,5,2,1,13,3,3,1,1,1,1,2,2,11,4,1,1,1,1,1,1,1,1,1,1,1,17,120,14,5,14,32,9,6,15,11,34,8,15,5,89,105,25,1,2,1,5,1
67 , 2230 , 16,411,10,3,1,1,12,8,5,56,21,67,29,16,12,5,5,9,44,2,9,8,94,2,5,18,41,1,3,1,1,43,2,16,45,35,9,5,36,28,1,18,16,3,6,3,4,2,6,4,11,5,9,28,5,6,2,4,13,5,2,1,8,3,3,1,1,1,1,2,2,11,4,1,1,1,1,1,1,1,1,1,1,1,17,120,14,5,14,32,9,6,15,11,33,8,15,5,89,105,25,1,2,1,5,1
68 , 4710 , 5,5,2,1,1,4,11,10,1,3,10,145,1,177,30,13,3,30,3,9,28,2,2,3,16,2,74,1,61,46,6,126,83,4,1,11,2,1,27,2,16,2,4,1,4,4,1,1,7,1,5,1,1,58,61,1,1,1,1,51,26,1,1,10,5,2,10,2,23,2
68 , 4720 , 5,5,2,1,1,4,11,10,1,3,9,144,1,177,30,13,3,30,3,9,28,1,2,3,16,2,74,1,61,46,6,125,83,4,1,11,2,1,27,2,16,2,4,1,4,4,1,1,6,1,5,1,1,58,61,1,1,1,1,51,26,1,1,9,4,2,10,2,21,2
68 , 4730 , 5,5,2,1,1,4,11,10,1,3,9,144,1,176,28,13,3,30,3,9,28,1,2,3,15,2,74,1,61,46,6,125,82,4,1,11,2,1,27,2,16,2,4,1,4,4,1,1,6,1,5,1,1,58,60,1,1,1,1,51,26,1,1,9,4,2,10,2,21,2
68 , 4740 , 5,5,2,1,1,4,11,10,1,3,8,144,1,176,28,13,3,30,3,9,28,1,2,3,15,2,74,1,61,46,6,124,82,4,1,11,2,1,27,2,16,2,4,1,4,4,1,1,6,1,5,1,1,58,60,1,1,1,1,51,26,1,1,9,4,2,10,2,21,2
68 , 4750 , 5,5,2,1,1,4,11,10,1,3,8,143,1,176,28,13,3,30,3,9,28,1,2,3,15,2,74,1,58,46,6,124,81,4,1,11,2,1,27,2,16,2,4,1,4,4,1,1,6,1,5,1,1,58,60,1,1,1,1,51,26,1,1,9,4,2,10,2,21,2
68 , 4760 , 5,5,2,1,1,11,10,1,3,8,143,1,175,28,13,3,30,3,9,28,4,2,3,14,2,74,1,58,46,5,124,80,4,1,11,2,1,27,1,16,2,4,1,4,4,1,1,6,1,5,1,1,58,60,1,1,1,1,51,26,1,1,9,4,2,10,2,19,2
68 , 4770 , 5,5,1,1,1,11,10,1,2,8,143,1,175,28,13,3,30,3,9,28,4,2,3,14,2,74,1,56,45,5,124,80,4,1,11,2,1,27,1,16,2,4,1,4,4,1,1,6,1,5,1,1,58,60,1,1,1,1,51,26,1,1,9,4,2,10,2,19,2
68 , 4780 , 5,5,1,1,1,11,10,1,2,8,143,1,174,28,13,3,30,3,9,28,4,2,3,14,2,74,1,55,45,5,124,80,4,1,11,2,1,27,1,15,2,4,1,4,4,1,1,6,1,5,1,1,58,59,1,1,1,1,51,26,1,1,9,4,2,10,2,18,2
68 , 4790 , 5,5,1,1,1,11,10,1,2,8,143,1,174,28,12,3,30,3,9,28,4,2,3,14,2,74,1,52,45,5,124,80,4,1,11,2,1,27,1,15,2,4,1,4,4,1,1,5,1,5,1,1,58,58,1,1,1,1,51,26,1,1,9,4,2,9,2,18,2
68 , 4800 , 5,5,1,1,1,11,10,1,2,8,143,1,174,27,12,3,30,3,9,27,4,2,3,13,1,74,1,52,45,5,123,80,4,1,11,2,1,27,1,15,2,4,1,4,4,1,1,4,1,5,1,1,58,58,1,1,1,1,51,25,1,1,8,4,2,9,2,17,2
69 , 11540 , 4,4,3,6,20,4,37,3,20,1,6,18,3,73,2,33,172,1,5,10,5,2,2,7
69 , 11550 , 4,4,3,6,19,4,36,3,20,1,6,18,3,73,2,33,170,1,5,10,5,2,2,7
69 , 11560 , 4,4,3,6,19,4,36,3,20,1,6,18,3,73,2,33,169,1,5,10,5,2,2,7
69 , 11570 , 4,4,3,6,19,4,35,3,20,1,6,18,3,73,2,33,168,1,5,10,5,2,2,7
69 , 11580 , 4,4,3,6,19,4,34,3,20,1,6,17,3,73,2,33,168,1,5,10,5,2,2,7
69 , 11590 , 4,4,3,6,19,4,34,3,20,1,6,17,3,73,2,33,167,1,5,10,5,2,2,7
69 , 11600 , 4,4,3,6,19,4,34,3,19,1,6,17,3,73,2,33,167,1,5,10,5,2,2,7
69 , 11610 , 4,4,3,6,18,4,34,3,18,1,6,17,3,73,2,33,166,1,5,10,5,2,2,7
69 , 11620 , 4,4,3,6,18,4,34,3,18,1,6,17,3,72,2,33,165,1,5,10,5,2,2,7
69 , 11630 , 4,4,3,6,18,4,34,3,18,1,6,17,3,72,2,33,165,1,5,10,5,2,2,7
75 , 790 , 3,2,4,5,2,15,3,615,2,1,383,1,1,1,5,1,9,1,1,1,1,1,1,1,1,8,1,4,1,5,6,4,1,1,6,14,4,2,3,1
75 , 800 , 4,2,4,7,3,26,5,862,2,2,527,1,2,2,8,2,10,1,1,2,1,1,1,1,1,1,1,1,1,1,1,1,1,3,2,8,2,4,2,9,8,9,1,1,8,17,4,2,3,2
75 , 810 , 3,412,5,5,2,13,1,576,2,3,4,1,6,2,8,2,2,1,1,1,1,1,1,1,1,1,1,1,1,1,1,1,2,8,1,3,2,5,1,8,9,1,3,7,5,2,4,1
75 , 820 , 6,728,8,9,1,3,21,2,939,4,9,7,2,8,3,12,5,5,2,1,3,1,2,2,1,1,3,1,2,1,1,1,1,3,1,1,14,2,6,2,10,3,14,13,2,4,12,7,3,6,2
75 , 830 , 6,795,11,14,4,26,3,889,4,5,15,2,6,8,13,9,4,4,8,2,3,1,1,2,2,2,1,2,2,1,17,6,1,11,1,1,1,1,1,12,3,11,10,5,7,22,2,3,4,1,2
75 , 840 , 7,2,12,14,3,26,3,758,1,1,726,10,1,4,6,9,6,4,3,8,1,5,5,6,3,6,13,1,14,2,1,1,2,1,1,1,1,1,1,1,1,14,7,9,3,3,11,2,4,1
75 , 850 , 5,635,5,6,1,27,3,627,1,2,7,1,5,7,5,2,4,4,13,2,5,4,2,6,8,1,11,1,1,2,2,3,3,1,14,1,1,1,1,1,8,7,3,4,8,1,1
75 , 860 , 1,740,12,8,33,2,604,14,7,1,3,6,6,4,7,1,8,16,1,4,5,1,3,7,7,1,2,4,3,2,1,3,1,14,1,2,10,1,5,1,1,1,1,1,1,1,6,11,1
75 , 870 , 2,735,15,7,26,5,663,11,5,4,6,11,1,7,1,4,15,2,5,1,1,7,7,3,6,1,1,5,12,3,2,2,6,5,2,1,10,1,1,8,1,1,1,2
75 , 880 , 2,502,9,4,16,1,463,8,2,1,6,5,1,3,5,10,4,6,7,3,3,1,2,5,3,3,2,4,1,2,8,1,1,4,1,1,1,1,1
75 , 890 , 3,523,5,8,18,2,418,4,1,1,6,3,1,2,7,11,8,7,9,4,3,2,5,2,4,3,2,5,1,1,10,2,1,4,2,2,1,1,1,1,1
76 , 1090 , 34,332,188,4,19,25,7,19,1,8,4,4,5,1,3,3,1,1,4,7,1,1,74,1,1,53,1,88,1,19,1,1,41,7,1,37,33,3,5,47,68,1,2,26,34,28,54,5,150,1,4,2,118,3,78,3,1
76 , 1100 , 40,362,230,4,24,28,8,21,1,10,5,5,6,1,3,3,1,2,5,9,1,1,96,1,1,61,108,1,22,1,1,1,1,48,1,1,8,1,2,144,41,2,6,49,84,1,2,31,43,16,68,5,191,1,3,4,45,3,92,4,2
76 , 1110 , 16,159,128,3,5,14,3,10,1,10,1,3,4,4,2,3,6,1,1,50,1,37,61,1,12,1,24,1,4,1,1,1,1,1,20,26,1,3,1,17,40,9,18,1,35,2,120,1,2,79,2,54,2
76 , 1120 , 23,156,1,189,2,8,19,4,14,1,15,1,5,5,5,3,3,11,1,2,72,52,89,2,13,1,35,3,1,1,1,1,1,1,28,32,1,1,2,1,17,58,9,26,45,2,173,2,102,3,68,5
76 , 1130 , 26,139,1,223,3,8,20,5,14,1,18,1,5,5,6,3,3,14,1,2,88,62,101,2,15,2,44,2,1,1,1,2,1,30,34,1,1,2,1,15,73,9,30,53,2,206,3,120,2,80,5
76 , 1140 , 30,126,1,268,4,9,21,7,19,2,22,1,5,6,7,3,3,17,1,2,107,75,122,3,19,2,51,1,1,1,1,2,2,32,41,1,1,1,1,1,1,1,13,86,10,39,64,2,251,5,146,91,5
76 , 1150 , 20,49,207,16,3,16,11,14,2,2,1,6,6,2,12,1,73,41,82,2,10,3,38,1,1,1,4,33,29,1,1,1,1,1,1,1,51,6,28,50,180,103,73,6
76 , 1160 , 17,35,210,18,3,16,11,14,2,2,1,6,6,2,10,1,75,41,83,2,10,3,39,1,1,1,4,33,29,1,1,1,1,1,1,1,53,2,30,53,182,108,75,6
76 , 1170 , 19,9,255,23,4,18,12,16,2,3,1,6,6,3,9,1,86,48,99,2,11,3,48,1,2,2,2,40,37,2,1,1,2,1,1,1,1,1,1,59,1,38,62,217,131,90,8
76 , 1180 , 16,3,325,30,6,22,15,19,3,6,1,8,6,5,10,1,109,61,133,3,14,4,61,2,3,3,59,44,2,2,1,2,1,1,1,1,1,1,1,1,1,1,76,47,1,82,286,176,112,13
77 , 1860 , 7,11,44,30,1,12,14,2,7,3,9,56,1,59,1,11,2,1,1,5,34,2,5,49,5,1,34,38,1,40,9,7,1,28,2,1,1,31,3,59,10,2,26,15,6,1,4,16,3,8,1,14,5,1,1,2,4,2,19,10,2,1,1,1,1,1,1,1,1,5,20,1,8,1,10,8,2,19,20,11,2,6,5,78,6,6,7,33,3,9,14,30,6,2,1,23,7,2,21,181,11,14,6,2,2,1,3,2,19,8,3
77 , 1870 , 7,12,47,33,2,13,16,3,9,3,10,63,1,63,1,13,2,2,2,5,37,2,6,53,5,1,36,41,2,46,9,7,1,31,2,1,36,4,64,8,3,26,18,7,1,5,17,3,9,1,15,5,1,1,3,5,2,20,12,2,1,1,1,1,1,1,1,1,5,26,1,10,2,10,8,2,21,24,12,2,6,4,89,6,7,7,39,3,9,14,34,7,2,26,6,3,24,208,11,14,7,1,2,1,3,3,21,10,2
77 , 1880 , 6,11,48,33,2,14,16,3,9,3,10,64,1,64,1,13,2,2,2,5,37,2,6,54,5,1,36,42,2,47,9,7,1,32,2,1,37,4,64,8,2,26,18,8,1,5,17,3,9,1,15,5,1,1,3,5,2,20,12,2,1,1,1,1,1,1,1,1,5,27,1,10,1,10,8,1,23,24,13,2,6,4,91,7,7,7,40,3,9,14,34,7,2,26,6,3,25,211,11,13,7,1,2,1,3,3,22,10,2
77 , 1890 , 6,11,48,33,2,14,16,3,9,3,10,64,1,65,1,13,2,2,2,5,37,2,6,54,5,1,36,42,2,47,9,7,1,32,2,1,37,4,64,8,2,26,18,8,1,5,17,3,9,1,15,5,1,1,3,5,2,20,12,2,1,1,1,1,1,1,1,1,5,27,1,10,10,8,1,23,24,13,2,6,4,91,7,7,7,40,3,9,14,34,7,2,25,6,3,25,211,11,13,6,1,1,1,3,3,22,10,2
77 , 1900 , 6,11,48,33,2,14,16,3,9,3,10,64,1,65,1,13,2,2,2,5,37,2,6,54,5,1,36,42,2,47,9,7,1,32,2,1,37,4,64,6,2,26,18,8,1,5,17,3,9,1,15,5,1,1,3,5,2,20,12,2,1,1,1,1,1,1,1,1,5,27,1,10,10,8,1,23,24,13,2,6,4,91,7,7,7,40,3,9,14,34,7,2,25,6,3,25,211,11,13,6,1,1,3,3,22,10,2
77 , 1910 , 6,11,48,33,2,14,16,3,9,3,10,64,1,65,1,13,2,2,2,5,37,2,5,54,5,1,36,42,2,47,9,7,1,32,2,1,37,4,64,4,2,26,18,8,1,5,17,3,9,1,15,5,1,1,3,5,2,20,12,2,1,1,1,1,1,1,1,1,5,27,1,10,10,8,1,21,24,13,2,6,4,91,7,7,7,39,3,9,14,34,7,2,25,6,3,25,211,11,13,6,1,1,3,3,22,10,2
77 , 1920 , 5,11,48,33,2,14,16,3,9,3,9,64,1,65,1,13,2,2,2,5,37,1,5,54,5,1,35,42,2,47,9,7,32,2,1,37,4,64,1,2,26,18,8,1,4,17,3,9,1,15,5,1,1,3,5,1,20,12,2,1,1,1,1,1,1,1,1,5,27,1,10,10,8,1,20,24,13,2,6,4,91,7,7,7,39,3,9,14,34,7,2,25,6,3,25,211,11,13,6,1,1,3,3,22,10,2
77 , 1930 , 5,11,47,33,2,14,15,3,9,3,9,64,1,65,1,13,2,2,2,5,37,1,5,54,5,1,35,42,2,47,9,7,32,2,1,37,4,64,2,26,18,8,1,4,16,3,9,1,15,5,1,1,3,5,1,20,12,2,1,1,1,1,1,1,1,1,5,27,1,10,10,8,1,20,24,13,2,6,4,91,7,7,7,39,3,9,14,34,7,2,24,6,3,25,211,11,13,6,1,1,3,3,22,10,2
77 , 1940 , 5,11,47,33,2,14,14,3,9,3,9,64,1,65,1,13,2,2,2,5,37,1,5,54,5,1,34,42,2,47,9,7,32,1,1,37,4,64,2,26,18,8,1,4,16,3,9,1,15,5,1,1,3,5,1,20,12,2,1,1,1,1,1,1,1,1,5,27,1,10,10,7,1,20,24,13,2,5,4,91,7,7,7,39,3,9,14,34,7,2,24,6,3,25,211,11,13,6,1,1,3,3,22,10,2
77 , 1950 , 5,12,48,37,3,15,14,4,10,4,9,69,1,71,1,12,2,2,2,6,41,1,6,60,5,1,37,44,2,53,10,8,37,1,1,41,5,71,3,29,21,8,1,4,15,4,10,16,6,2,2,3,6,1,21,13,2,1,1,1,1,1,1,7,1,31,1,9,10,8,1,22,26,13,2,4,3,103,8,10,9,1,43,3,9,16,36,8,3,27,6,4,26,231,13,13,6,1,3,3,21,11,2
78 , 3850 , 5,3,7,6,81,1,5,1,54,23,4,85,4,1,12,68,129,1,23,2,20,3,21,2,5,48,16,44,2,1,1,6,2,1,6,7,15,3,1,34,108,13,7,18,8,11,2,4,39,1,1,1,1,1,1,4,3,3,1,1,1,1,7,1,10,3,23,7,84,2,211,10,6,1,60,3,2,6,10,15,16,2,44,1,1,21,2
78 , 3860 , 6,3,9,8,91,1,6,1,57,28,4,90,4,2,14,72,143,1,26,3,21,3,22,2,6,46,18,48,2,1,1,6,1,1,7,8,18,4,1,40,114,13,7,18,8,13,2,5,43,1,1,1,1,1,1,1,1,1,4,3,3,1,1,1,2,7,1,10,3,29,8,91,2,217,13,6,2,68,4,2,7,12,15,19,2,47,2,1,23,2
78 , 3870 , 6,3,9,8,91,1,7,1,56,27,4,90,4,2,14,72,144,1,24,3,21,3,21,2,6,46,18,48,2,1,1,6,1,1,7,8,18,4,1,40,117,13,7,18,7,12,2,5,43,1,1,1,1,1,1,1,1,1,4,3,3,1,1,1,2,7,1,10,3,29,8,92,2,218,13,6,2,69,4,2,7,12,15,19,2,47,2,1,23,2
78 , 3880 , 7,3,11,10,110,1,7,1,64,28,4,101,5,2,16,79,153,1,28,3,25,3,22,2,6,49,20,51,2,1,1,7,1,1,7,9,18,4,1,45,138,15,8,19,7,14,2,5,46,1,1,1,1,1,1,1,1,1,1,5,3,4,1,1,1,2,6,1,13,2,33,8,101,3,236,14,6,2,72,5,1,7,13,15,21,2,55,2,2,25,3
78 , 3890 , 7,3,11,10,110,1,7,1,64,29,4,102,5,2,16,79,154,1,28,3,25,4,22,2,6,49,20,50,2,1,1,7,1,1,7,9,18,4,1,45,140,15,8,19,7,14,1,5,46,1,1,1,1,1,1,1,1,1,1,5,3,4,1,1,1,2,6,1,12,2,33,8,102,3,236,14,6,2,73,5,1,7,13,15,21,2,55,2,2,25,3
78 , 3900 , 7,3,11,10,109,1,7,1,63,29,4,102,5,2,16,79,154,1,28,3,25,4,22,2,6,49,20,50,2,1,1,7,1,1,7,9,18,4,1,45,140,15,8,19,7,14,1,5,46,1,1,1,1,1,1,1,1,1,1,5,3,4,1,1,1,2,6,1,12,2,33,8,102,3,236,14,6,2,73,5,1,7,13,15,21,2,55,2,2,25,3
78 , 3910 , 7,3,11,10,109,1,7,1,63,29,4,102,5,2,16,78,154,1,28,3,24,4,22,2,6,49,20,50,2,1,1,7,1,1,7,9,18,4,1,45,139,15,7,19,7,14,1,4,46,1,1,1,1,1,1,1,1,1,1,5,3,4,1,1,1,2,6,1,12,2,33,8,101,3,236,14,5,2,72,5,1,6,13,15,21,2,55,2,2,25,2
78 , 3920 , 7,3,11,10,109,1,7,1,63,29,4,102,5,2,16,78,154,1,28,3,24,4,22,2,6,49,19,50,2,1,1,7,1,1,7,9,18,4,1,45,138,15,7,19,7,14,1,4,46,1,1,1,1,1,1,1,1,1,1,5,3,4,1,1,1,2,6,1,12,2,33,8,101,3,236,14,5,2,72,5,1,6,13,15,21,2,55,2,2,25,2
78 , 3930 , 7,3,11,10,109,1,7,1,62,29,4,102,5,2,16,76,154,1,28,3,24,4,22,2,6,49,19,50,2,1,1,7,1,1,7,9,18,4,1,45,138,15,7,19,7,14,1,4,46,1,1,1,1,1,1,1,1,1,1,5,3,4,1,1,1,2,6,1,12,2,33,8,101,3,236,14,5,2,72,5,1,6,13,15,21,2,55,2,2,25,2
78 , 3940 , 6,2,2,11,1,3,1,4,2,2,1,32,122,6,56,30,1,20,7,1,1,1,23,2,12,3,3,33,3,2,2,1,1,15,61,4,1,66,1,3,4,3,36,10,8,1,9,2,1,45,3,9,1,4,9,1,9,88,1,20,4,6,6,81,8,1,29,3,16,15,3,15,1
79 , 8970 , 32,365,23,63,6,40,6,15,79,22,94,4,31,34,42,1,1,1,1,1,22,10,1,9,4
79 , 8980 , 32,365,23,63,6,40,6,15,79,22,94,4,31,34,42,1,1,1,1,1,22,10,1,9,2
79 , 8990 , 32,364,23,63,6,40,6,15,79,22,94,4,31,34,42,1,1,1,1,1,22,10,1,9,2
79 , 9000 , 32,364,23,63,6,40,6,15,79,22,94,4,31,34,42,1,1,1,1,1,21,9,1,9,2
79 , 9010 , 31,363,23,63,6,40,6,15,79,22,94,4,31,34,42,1,1,1,1,1,21,9,1,9,2
79 , 9020 , 30,362,23,62,6,40,6,15,79,22,94,4,31,34,42,1,1,1,1,1,21,9,1,9,2
79 , 9030 , 30,362,23,62,6,40,6,15,78,22,94,4,31,34,42,1,1,1,1,1,21,9,1,9,2
79 , 9040 , 30,362,23,62,6,40,6,15,78,22,94,4,31,34,42,1,1,1,1,1,21,9,1,9,2
79 , 9050 , 30,362,23,60,6,39,6,15,78,22,94,4,31,34,42,1,1,1,1,1,21,9,1,9,2
79 , 9060 , 30,362,23,60,6,39,6,15,78,22,94,4,31,34,42,1,1,1,1,1,21,9,1,8,2
80 , 22190 , 73,25,44,1,26,131,9,1
80 , 22200 , 73,25,44,1,26,131,9,1
80 , 22210 , 72,25,44,1,26,130,9,1
80 , 22220 , 70,25,44,1,26,130,9,1
80 , 22230 , 70,25,44,1,26,130,9,1
80 , 22240 , 68,25,44,1,26,130,9,1
80 , 22250 , 67,25,44,1,26,130,9,1
80 , 22260 , 67,25,44,1,26,130,9,1
80 , 22270 , 67,25,44,1,26,130,9,1
80 , 22280 , 66,25,44,1,26,130,9,1
85 , 820 , 1,183,1,1,2,2,1,1,1,1,2,1,1,10,21,1,3,8,59,2,3,65,1,6,5,10,1,629,2,6,3,2,1,4,1,4,1,2,13,2,2,1,1
85 , 830 , 2,254,1,1,2,2,1,1,1,1,4,1,1,1,1,1,13,29,1,5,11,83,3,1,85,2,8,7,14,1,842,2,9,4,2,1,6,1,8,1,3,17,2,3,2,1
85 , 840 , 3,350,2,1,2,3,1,1,1,2,4,1,2,1,1,1,1,18,44,1,2,1,1,7,1,1,1,13,113,5,111,1,2,12,9,19,1,1085,3,14,5,2,1,7,1,10,1,5,26,2,3,2,1
85 , 850 , 3,351,2,1,2,3,1,1,1,2,4,1,2,1,1,1,1,18,44,1,1,1,7,1,1,1,11,113,5,111,1,2,12,9,19,1,977,3,14,5,2,1,7,1,10,1,5,27,2,4,2
85 , 860 , 1,306,1,1,3,3,1,1,2,2,1,15,39,1,1,6,6,94,4,86,1,4,9,6,18,1,632,4,8,4,8,3,3,28,1,3,3
85 , 870 , 1,412,1,2,2,4,3,5,1,19,39,2,1,6,1,1,1,1,8,123,4,113,1,4,9,7,23,1,646,7,6,5,10,4,5,33,2,4,4
85 , 880 , 1,503,1,5,3,4,1,21,30,2,1,6,1,1,1,1,1,1,1,5,144,6,138,1,3,9,10,24,1,594,8,6,6,11,1,5,5,37,2,6,5
85 , 890 , 1,651,3,6,2,26,22,3,1,7,1,2,1,1,1,1,172,1,6,175,1,2,10,13,20,1,517,11,4,8,14,1,1,6,2,32,1,2,9,4
85 , 900 , 2,755,7,2,26,17,2,1,8,3,1,1,3,221,15,2,1,1,1,1,1,1,1,1,1,198,1,3,11,5,3,363,20,5,14,17,9,25,7,3
85 , 910 , 482,6,1,9,7,3,2,9,1,1,2,1,150,5,2,2,1,2,1,1,121,1,1,1,1,1,1,1,1,1,1,2,1,147,1,9,5,14,11,15,3,2
86 , 1160 , 25,1,1,1,29,18,154,27,6,15,11,48,2,86,2,2,1,1,1,1,8,37,3,3,3,32,11,3,45,9,1,31,12,20,8,42,2,5,10,74,12,5,132,1,3,34,8,17,6,17,19,58,16,2,1,11,294,3,5,55,13,5,387,4
86 , 1170 , 15,1,1,22,9,97,15,5,7,19,2,53,2,1,2,1,1,27,1,7,2,1,17,1,32,5,19,9,8,2,22,33,1,2,1,41,2,85,9,1,10,7,7,2,10,13,26,9,3,1,8,199,1,2,4,43,6,5,258,3
86 , 1180 , 18,1,1,25,10,113,17,6,7,20,2,65,2,1,2,1,1,31,1,8,1,2,1,22,2,37,5,19,11,10,3,28,40,1,2,1,48,1,2,102,10,1,12,7,7,2,12,14,29,10,3,10,234,1,2,4,56,7,5,306,3
86 , 1190 , 21,2,1,32,10,128,18,8,7,21,2,77,2,1,2,1,1,39,1,9,1,3,1,26,1,2,41,5,24,11,10,4,32,47,1,3,1,1,54,1,115,13,2,12,8,7,2,13,16,31,10,4,11,1,275,1,2,4,63,8,5,359,4
86 , 1200 , 23,2,1,36,11,139,19,8,7,25,4,84,2,1,2,1,1,45,2,10,1,3,1,27,1,2,47,5,25,12,10,4,34,53,1,3,1,1,62,1,126,14,2,13,9,7,2,15,16,35,12,5,12,1,306,1,2,5,73,9,5,405,4
86 , 1210 , 14,2,21,7,81,11,6,1,4,1,44,1,2,1,1,24,3,6,1,12,1,2,31,3,15,3,9,7,19,23,1,1,1,39,64,7,1,18,3,2,11,9,21,5,1,6,1,183,1,2,39,6,1,225,2
86 , 1220 , 18,2,27,11,96,16,9,1,4,1,47,1,2,1,1,27,4,7,1,14,1,1,1,2,34,3,1,20,3,9,9,22,29,2,1,1,49,86,8,1,24,4,2,11,10,26,7,1,9,1,217,2,3,47,6,2,276,2
86 , 1230 , 18,2,28,11,96,16,9,1,4,1,47,1,2,1,1,27,4,7,1,14,1,1,1,2,35,3,1,20,3,9,9,19,29,2,1,1,49,87,8,1,24,4,2,11,10,27,7,1,9,1,218,2,3,47,6,2,277,2
86 , 1240 , 18,2,28,11,96,16,9,1,4,1,47,1,2,1,1,27,4,7,1,14,1,1,1,2,35,3,1,20,3,9,9,16,29,2,1,1,49,87,8,1,24,4,2,11,9,27,7,1,9,1,218,2,3,47,6,2,277,2
86 , 1250 , 18,2,28,11,96,16,9,1,4,1,47,1,2,1,1,27,4,7,1,14,1,1,1,2,35,3,1,20,3,9,9,10,29,2,1,1,49,87,8,1,24,4,2,11,8,27,7,1,9,1,218,2,3,47,6,2,277,2
87 , 2090 , 1,1,95,92,1,13,167,15,61,4,1,14,7,4,2,1,1,1,1,4,2,1,6,62,60,1,8,1,1,49,49,22,2,3,6,100,6,5,10,3,4,12,2,10,5,2,2,27,95,23,45,3,1,12,21,4,75,1,1,12,1,9,9,5,6,6,2,11,3,2,1,2,46,1,1,1,8,1,1,1,6,8,12,1,65,1,12,84,4,1,5,33,2,4,15,14,22
87 , 2100 , 1,1,95,92,1,13,166,15,61,4,1,14,7,4,1,1,1,1,4,2,1,6,61,60,1,8,1,1,48,49,22,2,2,6,100,5,4,10,3,4,12,10,5,2,2,27,95,23,45,3,12,21,4,75,1,1,12,1,9,9,5,6,5,2,10,3,2,1,2,45,1,1,1,8,1,1,1,6,8,12,1,65,1,12,83,4,1,5,33,2,4,15,13,22
87 , 2110 , 2,1,101,95,2,11,161,14,62,4,1,15,8,5,1,1,1,1,4,1,1,7,58,60,2,10,1,1,52,53,26,3,2,8,104,5,5,12,3,4,13,10,5,2,2,29,97,23,36,2,12,22,5,84,1,1,12,1,8,9,7,6,4,3,8,3,3,1,2,51,1,1,1,5,1,1,1,6,10,13,1,73,1,14,80,5,2,7,33,2,5,14,11,24
87 , 2120 , 2,1,101,95,2,11,161,14,62,3,1,14,8,5,1,1,1,1,4,1,1,7,58,60,2,10,1,1,51,53,26,3,2,8,104,4,5,12,3,4,13,9,5,2,2,28,97,23,36,2,11,22,5,84,1,1,12,1,8,9,7,6,4,3,7,3,3,1,2,50,1,1,1,5,1,1,1,6,10,13,1,73,1,14,80,5,2,7,33,1,5,13,9,24
87 , 2130 , 2,1,101,95,2,11,161,14,62,2,1,14,8,5,1,1,1,1,3,1,1,7,50,60,2,10,1,1,51,53,26,3,2,8,104,4,5,12,3,4,13,9,5,2,2,28,96,23,32,2,11,22,5,84,1,1,11,1,8,9,7,6,4,3,7,3,3,1,2,1,1,1,1,5,1,1,1,6,10,57,13,1,73,14,77,5,2,7,33,5,13,7,24
87 , 2140 , 2,1,101,95,2,10,161,14,62,2,1,14,8,5,1,1,1,1,3,1,1,7,50,60,2,10,1,1,51,53,26,3,2,8,104,4,5,12,3,4,13,9,4,2,2,28,95,23,30,2,11,22,5,84,1,1,11,1,8,9,7,6,4,3,7,3,3,1,2,1,1,1,1,5,1,1,1,6,9,56,13,1,73,14,74,5,2,7,33,5,13,7,24
87 , 2150 , 2,1,101,95,2,10,158,14,62,2,1,14,8,5,1,1,1,1,3,1,1,7,50,60,2,10,1,1,49,53,25,3,2,8,104,4,5,12,3,4,13,9,4,2,2,28,95,23,27,2,11,22,5,84,1,1,11,1,8,9,7,5,4,3,7,3,3,1,2,1,1,1,1,4,1,1,1,6,9,56,13,1,73,14,74,5,2,7,33,5,13,7,23
87 , 2160 , 2,1,101,95,2,10,157,14,62,2,1,14,8,5,1,1,1,1,3,1,1,7,50,60,2,10,1,1,49,53,25,3,2,8,104,4,5,12,3,4,13,8,4,2,2,28,95,23,25,2,11,22,5,84,1,1,11,1,8,9,7,5,4,3,7,3,3,1,2,1,1,1,1,4,1,1,1,6,9,56,12,1,73,14,74,5,2,7,33,5,12,7,22
87 , 2170 , 2,1,101,95,2,10,154,14,62,2,1,14,8,5,1,1,1,1,3,1,1,7,48,60,2,10,1,1,48,53,25,3,2,8,103,4,5,12,3,4,13,7,4,1,2,28,95,23,25,2,11,22,5,84,1,1,11,1,8,9,7,5,4,3,7,3,3,1,2,1,1,1,1,4,1,1,1,6,9,55,12,1,73,14,74,5,2,6,33,5,12,7,22
87 , 2180 , 2,1,101,95,2,8,151,14,62,2,1,14,8,5,1,1,1,1,3,1,1,7,48,59,2,10,1,1,48,53,25,3,2,8,103,4,5,12,3,4,13,7,4,1,2,28,95,23,24,2,11,22,5,84,1,1,11,1,8,9,7,5,4,3,6,3,3,1,2,1,1,1,1,4,1,1,1,6,9,54,12,1,73,14,73,5,2,6,33,5,12,7,22
88 , 4530 , 7,2,29,1,1,2,22,1,1,2,1,7,6,7,174,3,1,3,1,6,2,14,1,54,10,19,1,8,25,4,1,10,2,21,29,1,13,15,1,4,3,1,22,5,6,7,15,1,2,16,1,1,2,9,3,2,1,2,12,10,7,8,22,18,77,1,1,3,1,3,21,1,26,5,204,7
88 , 4540 , 8,2,31,2,1,3,28,1,1,2,1,8,8,7,188,3,1,3,1,7,2,15,1,58,12,24,1,10,26,5,1,12,2,24,34,1,14,16,1,4,2,1,1,28,5,6,8,17,1,3,21,1,1,3,9,2,3,1,3,12,10,8,11,29,20,89,2,1,3,1,4,25,1,34,6,238,8
88 , 4550 , 8,2,31,2,1,3,28,1,1,2,1,8,7,7,188,3,1,3,1,7,2,15,1,57,11,24,1,10,25,5,1,12,1,24,34,1,14,16,1,4,2,1,1,28,5,5,9,17,1,3,21,1,1,3,9,2,3,1,3,12,11,8,10,27,20,89,2,1,3,1,4,25,1,34,6,242,8
88 , 4560 , 8,2,31,2,1,3,28,1,1,2,1,8,7,7,188,3,1,3,1,7,2,15,1,57,11,24,1,10,25,5,1,12,1,24,34,1,14,16,1,4,2,1,1,28,5,5,9,17,1,3,21,1,1,3,9,2,3,1,3,12,11,8,10,27,20,89,2,1,3,1,4,25,1,34,6,242,8
88 , 4570 , 8,1,31,2,1,3,28,1,1,1,1,8,7,7,187,3,1,3,1,7,2,15,1,57,11,24,1,10,25,5,1,12,1,24,34,1,14,16,1,3,2,1,1,28,5,5,9,17,1,3,21,1,1,3,9,2,3,1,3,11,11,8,10,27,20,89,2,1,2,1,4,25,1,34,6,242,8
88 , 4580 , 8,1,31,2,1,3,28,1,1,1,1,8,7,7,187,3,1,3,1,7,2,15,1,54,10,24,1,10,25,5,1,12,1,24,34,1,14,16,1,3,2,1,1,28,5,4,9,17,1,3,21,1,1,3,9,2,3,1,3,11,11,8,10,27,20,89,2,1,2,1,4,25,1,34,6,242,8
88 , 4590 , 7,1,31,2,1,3,28,1,1,1,1,8,7,7,186,3,1,3,1,7,2,15,1,54,10,24,1,10,23,5,1,12,1,24,34,1,14,16,1,3,2,1,1,28,5,4,9,17,1,3,21,1,1,3,9,2,3,1,3,10,11,8,10,27,20,89,2,1,2,1,4,25,1,34,6,242,8
88 , 4600 , 7,1,31,2,1,3,28,1,1,1,1,8,7,7,186,3,1,3,1,7,2,15,1,54,10,24,1,10,23,5,1,12,1,24,34,1,14,16,1,3,2,1,1,28,5,4,9,17,1,3,21,1,1,3,9,2,3,1,3,8,11,8,10,27,20,89,2,1,2,1,4,25,1,34,6,241,8
88 , 4610 , 5,1,31,2,1,3,28,1,1,1,1,8,7,7,186,3,1,3,1,7,2,15,1,54,10,24,1,10,23,5,1,12,1,24,34,1,14,16,1,3,2,1,1,28,5,3,9,17,1,3,21,1,1,3,9,2,3,1,3,7,11,8,10,27,20,88,2,1,2,1,4,24,1,34,6,241,8
88 , 4620 , 3,1,38,2,1,3,35,2,1,1,1,7,6,7,222,3,1,3,1,8,3,13,1,57,13,26,1,11,28,5,1,11,2,31,36,2,15,13,1,3,2,1,1,1,1,30,4,4,8,19,1,3,26,1,1,3,12,2,3,2,3,10,14,8,12,29,22,94,3,1,3,1,4,25,1,36,6,282,9
89 , 11010 , 6,38,11,1,35,47,5,15,38,9,10,46,10
89 , 11020 , 6,38,11,1,35,47,5,15,36,9,10,46,10
89 , 11030 , 6,38,11,1,35,47,5,15,35,9,10,46,10
89 , 11040 , 6,38,11,1,35,47,5,15,35,9,10,46,10
89 , 11050 , 6,38,11,1,35,47,5,15,35,9,10,46,10
89 , 11060 , 6,38,11,1,35,47,5,15,35,9,10,46,10
89 , 11070 , 6,38,11,1,35,47,5,15,35,8,10,46,10
89 , 11080 , 6,38,11,1,35,47,5,15,35,7,10,46,10
89 , 11090 , 6,37,11,1,35,47,5,15,35,7,10,46,10
89 , 11100 , 6,37,11,1,35,47,5,15,35,7,10,46,10
94 , 400 , 1
94 , 410 , 30
94 , 420 , 463,3,2,2,1,1
95 , 760 , 1565,1,4,7,2,2,8,2,4,6,1,3,5,2,1,2,1,1,1,1,1,1,1,1,1,33
95 , 770 , 5,1,1,4,1,2,1045,1,1,30,1,4
95 , 780 , 1,1,4,1,1,1,1,1,732,25,1
95 , 790 , 3,1,3,3,1,1,1,671,1,1,1,1,10,2
95 , 800 , 7,1,1,2,442,1,1,1,8,1,6
95 , 810 , 1,1,292,4,1,3
95 , 820 , 1,5,1,1,340,1,1
95 , 830 , 231,2,1,2
95 , 840 , 114,1,2,2
95 , 850 , 60,4,2
96 , 990 , 5,1,25,16,229,27,5,1,29,3,5,2,5,1,33,2,1,196,9,1,10,1,20,71,1,1,55,3,51,100,1,1,13,11,1,1,6,1,1,1,1,1,3,1,35,4,2,1
96 , 1000 , 6,1,26,17,253,27,6,1,29,1,5,1,6,1,37,2,207,9,1,13,1,20,76,1,1,59,3,58,88,2,2,14,12,1,1,6,1,1,1,1,1,3,1,1,37,4,2,1
96 , 1010 , 8,1,37,28,365,41,9,1,42,1,7,9,2,50,2,293,14,1,15,1,27,103,2,1,76,5,73,93,2,2,14,16,1,1,6,2,1,1,2,1,5,1,1,1,54,5,2,1
96 , 1020 , 1,9,1,49,33,504,59,11,2,52,1,11,1,12,3,65,3,385,18,1,24,2,32,140,3,2,107,7,98,89,2,3,19,21,2,2,10,2,1,1,2,1,6,1,3,1,1,78,1,5,3,1
96 , 1030 , 1,1,1,1,1,1,13,48,26,407,49,6,3,53,2,13,4,40,282,10,23,2,15,115,1,75,4,85,45,3,5,14,1,21,4,4,28,3,2,3,4,3,4,2,1,64,1,6,1,2,1,1,1
96 , 1040 , 1,1,1,1,1,1,1,13,51,29,436,53,6,3,56,2,13,6,45,256,11,25,2,15,120,1,80,4,87,21,3,7,16,1,23,4,4,28,3,2,3,4,3,4,2,1,70,1,6,1,2,1,1,1
96 , 1050 , 1,1,1,1,1,1,1,13,51,29,436,53,6,3,56,2,13,6,45,217,11,25,2,15,120,1,80,4,87,7,3,7,16,1,23,4,4,28,2,1,3,4,3,4,2,1,70,1,6,1,2,1,1,1
96 , 1060 , 1,2,1,1,1,1,13,1,1,41,22,328,34,2,1,39,2,11,6,33,133,11,11,1,22,91,1,55,4,47,3,4,5,7,19,3,1,8,3,5,1,4,2,44,1,2,1
96 , 1070 , 2,3,1,1,1,1,13,1,1,1,1,1,51,27,395,42,2,44,2,13,6,39,1,129,12,10,1,25,112,1,68,4,53,1,4,5,9,25,3,2,9,3,5,1,6,2,56,1,2,1
96 , 1080 , 2,4,3,1,2,1,22,1,1,1,1,1,75,38,1,598,60,4,67,2,18,10,59,2,121,1,18,15,1,38,159,2,97,4,77,2,5,5,13,34,5,2,13,6,1,7,4,78,1,1,4,3
97 , 1550 , 19,1,3,9,9,63,11,2,58,19,27,9,16,3,1,3,4,7,1,1,8,4,11,32,3,9,40,3,11,5,3,9,29,10,10,2,4,59,4,1,4,8,6,8,1,139,3,4,14,2,3,4,4,26,4,9,1,1,1,4,1,1,4,1,1,1,6,2,3,7,1,2,1,23,2,196,13,3,15,2,47,1,6,4,45,1,6
97 , 1560 , 19,1,3,9,9,69,11,2,61,20,27,9,16,3,1,3,4,8,1,1,8,4,11,33,1,7,40,2,11,5,3,9,30,10,10,2,4,61,4,1,4,8,6,8,1,142,4,4,14,2,3,4,4,26,4,9,1,2,1,4,1,1,4,1,1,1,6,2,3,7,1,2,1,24,2,203,13,3,15,2,49,1,6,4,46,1,6
97 , 1570 , 19,1,3,9,9,69,11,2,61,20,27,9,16,3,1,3,4,8,1,1,8,4,11,33,6,40,1,11,5,3,9,30,10,11,2,4,61,4,1,4,8,6,8,1,144,4,4,14,2,3,4,4,26,4,9,1,2,1,4,1,1,4,1,1,1,6,2,3,7,1,2,1,24,2,203,13,3,15,2,49,1,6,4,46,1,7
97 , 1580 , 1,8,2,1,4,1,19,61,11,4,3,14,1,1,24,2,2,9,9,69,4,11,33,2,203,1,13,1,3,1,6,2,14,40,8,11,30,5,1,61,8,144,1,4,19,9,2,3,4,1,10,4,1,6,4,26,2,1,49,4,9,11,9,27,3,16,1,4,3,1,1,4,6,4,3,6,2,4,3,46,7,8,4,7
97 , 1590 , 1,8,2,1,4,1,19,61,11,4,3,14,1,1,24,2,2,9,9,68,4,11,33,2,203,1,13,1,3,1,3,2,14,40,8,11,30,5,1,61,8,144,1,4,19,9,2,3,4,1,10,4,1,6,4,26,2,1,49,4,9,11,9,27,3,16,1,4,3,1,1,4,6,4,3,6,2,4,3,46,7,8,4,7
97 , 1600 , 1,8,2,1,4,1,19,61,11,4,3,14,1,1,24,2,2,9,9,67,4,11,33,2,203,1,12,1,3,1,3,2,14,40,8,11,30,5,1,61,8,144,1,4,19,9,2,3,4,1,10,4,1,6,4,26,2,1,49,4,9,11,9,27,3,16,1,4,3,1,1,4,6,4,3,6,2,4,3,46,6,8,4,7
97 , 1610 , 1,8,2,1,4,1,19,61,11,4,3,14,1,1,24,2,2,9,9,67,4,11,33,2,203,1,12,1,3,1,3,2,14,40,8,11,30,5,1,61,8,144,1,4,19,9,2,3,4,1,10,4,1,6,4,26,2,1,49,4,9,11,9,27,3,16,1,4,3,1,1,4,6,4,3,6,2,4,3,46,6,8,4,7
97 , 1620 , 1,8,2,1,4,1,19,60,11,4,3,14,1,1,24,2,2,9,9,67,4,11,33,2,203,1,12,1,3,1,3,2,14,40,8,11,30,5,1,61,8,144,1,4,19,9,2,3,4,1,10,4,1,6,4,26,2,1,49,4,9,11,9,27,3,16,1,4,3,1,1,4,6,4,3,6,2,4,3,46,6,8,4,7
97 , 1630 , 1,8,2,1,4,1,19,55,11,4,2,14,1,1,24,2,2,9,9,65,4,11,33,2,203,1,11,1,3,1,3,2,14,40,8,11,30,5,1,61,8,144,1,4,19,9,2,3,4,1,9,4,1,6,4,26,2,1,49,4,9,11,9,27,3,16,1,4,3,1,1,4,6,4,3,6,2,4,3,46,6,8,4,7
97 , 1640 , 1,8,2,1,4,1,19,49,11,4,2,14,1,1,24,2,2,9,9,62,4,11,33,2,203,1,11,1,3,1,3,2,12,40,8,11,30,5,1,61,8,144,1,4,19,9,2,2,4,1,5,4,1,6,4,26,2,1,49,4,9,11,9,27,3,16,1,4,3,1,1,4,6,4,1,6,2,4,3,46,6,8,4,7
98 , 2930 , 3,2,29,47,40,3,5,1,9,22,19,2,22,2,9,100,5,3,3,76,2,1,2,73,5,124,6,4,15,2,1,3,78,94,8,3,7,4,25,7,11,3,1,32,5,61,7,5,14,4,44,3,49,3,5,3,18,50,1,2,1,2,2,1,4,1,9,1,1,2,1,1,1,1,4,3,216,30,2,5,3,5,10,1,1,3,24,60,26,9,18,4,6,9,108,27,10,41,10,3,65,38
98 , 2940 , 2,1,1,2,7,3,2,15,2,3,33,2,34,62,4,4,14,27,3,3,16,2,11,25,2,21,29,4,2,14,2,12,3,16,3,10,35,4,2,2,8,11,40,3,1,10,5,1,1,1,1,14,1,2,4,1,5,60,22,9,20,3,1,6,21,3,61,4,6,108,3,16,2,15,2,40,1,7,3,1,7,2,1,37,2
98 , 2950 , 2,1,1,2,7,3,2,15,2,3,33,2,34,62,4,4,14,28,3,3,16,2,11,26,2,21,28,4,2,14,2,12,3,16,3,10,35,4,2,2,8,11,40,3,1,10,5,1,1,1,1,14,1,2,4,1,5,60,22,9,20,3,1,6,21,3,61,4,6,108,3,16,2,15,2,40,1,7,3,1,7,2,1,36,2
98 , 2960 , 2,1,1,2,7,3,2,15,2,3,33,2,34,62,4,4,14,28,3,3,16,2,11,26,2,21,28,4,2,14,2,12,3,16,3,10,34,4,2,2,8,11,40,3,1,10,5,1,1,1,1,14,1,2,4,1,5,60,22,9,20,3,1,6,21,3,61,4,6,108,3,16,2,15,2,40,1,7,3,1,7,2,1,36,2
98 , 2970 , 2,1,1,2,7,3,2,15,2,3,33,2,34,62,4,4,14,28,3,3,16,2,11,26,2,21,28,4,2,14,2,12,3,16,3,10,34,4,2,2,8,11,40,3,1,10,5,1,1,1,1,14,1,2,4,1,5,59,22,9,20,3,1,6,21,3,61,4,6,108,3,16,2,15,2,40,1,7,3,1,7,2,1,36,2
98 , 2980 , 2,1,1,2,7,3,2,15,2,3,33,2,34,62,4,4,14,28,3,3,16,2,11,26,2,21,28,4,2,14,2,10,3,16,3,10,34,4,2,2,7,11,39,3,1,10,5,1,1,1,1,14,1,2,4,1,5,58,22,9,20,3,1,6,21,3,60,4,6,108,3,16,2,15,2,40,1,7,3,1,6,2,1,36,2
98 , 2990 , 2,1,1,2,7,3,2,15,2,3,33,2,34,62,4,4,14,28,3,3,16,2,10,26,1,21,28,4,2,13,2,10,3,16,3,10,34,4,2,2,7,11,38,3,1,10,5,1,1,1,1,14,1,2,4,5,58,22,9,19,3,1,6,21,3,60,4,5,108,3,16,1,15,2,40,1,7,3,1,6,2,1,36,2
98 , 3000 , 2,1,1,2,7,3,2,15,2,3,33,2,34,62,4,4,14,28,3,3,16,2,10,26,1,21,28,4,2,13,2,10,3,16,3,10,34,4,2,2,7,11,38,3,1,10,5,1,1,1,1,14,1,2,4,5,58,22,9,19,3,1,6,21,3,60,4,5,108,3,16,1,15,2,40,1,7,3,1,6,2,1,36,2
98 , 3010 , 2,1,2,7,3,2,15,2,3,33,2,34,62,4,4,14,28,3,3,16,2,10,26,1,21,28,4,2,13,2,10,3,16,3,10,34,4,2,2,5,11,37,3,1,10,5,1,1,1,1,14,1,2,4,5,58,22,9,19,3,1,6,21,3,60,4,5,108,3,16,1,15,2,40,1,7,3,1,6,2,1,36,2
98 , 3020 , 2,1,2,7,3,2,15,2,3,33,2,34,61,4,4,14,28,3,3,16,2,10,26,1,21,28,4,2,13,2,10,3,15,3,10,34,4,2,2,5,11,37,3,1,10,5,1,1,1,1,14,1,2,4,5,58,22,9,19,3,1,6,21,3,60,3,5,108,3,16,1,15,2,39,1,7,3,1,6,2,1,36,2
99 , 6310 , 2,38,4,46,4,20,46,8,4,1,56,3,9,3,59,3,3,3,2,10,2,16,4,4,29,17,1,2,9,7,4,13,10,1,8,3,48,2,8,13,2,2,48,3,33,14,1,2,4,13,13,37,1,21,85,2,1,5,72,8
99 , 6320 , 2,38,4,46,4,20,46,8,4,1,56,3,9,3,59,2,3,3,2,10,2,16,4,4,29,17,1,2,9,7,4,13,10,1,8,3,48,2,8,13,2,2,48,3,33,14,1,2,4,13,13,37,1,21,85,2,1,5,72,8
99 , 6330 , 2,38,3,46,4,20,46,8,4,1,56,3,9,3,59,2,3,3,2,10,2,16,4,4,29,17,1,2,9,7,4,13,10,1,8,3,48,2,8,13,2,1,47,3,33,14,1,2,4,13,12,37,1,21,85,2,1,5,72,8
99 , 6340 , 2,38,3,46,4,20,46,8,4,1,55,3,9,3,59,2,3,3,2,10,2,16,4,4,29,17,1,2,9,7,4,13,10,1,8,3,48,2,7,13,2,1,47,3,33,14,1,2,4,13,12,37,1,21,85,2,1,5,72,8
99 , 6350 , 2,38,3,46,4,20,46,8,3,1,55,3,8,3,59,2,3,3,2,10,2,16,4,4,29,17,1,2,9,7,4,13,10,1,8,3,48,2,7,13,2,1,47,3,33,14,1,2,4,12,12,37,1,21,85,2,1,5,72,8
99 , 6360 , 2,38,3,46,4,19,46,8,3,1,55,3,8,3,59,2,3,3,2,10,2,16,4,4,29,16,1,2,9,7,4,13,10,1,8,3,47,2,7,13,2,1,46,3,33,14,1,2,4,12,12,37,1,21,85,2,1,5,72,8
99 , 6370 , 2,38,3,46,4,19,46,8,3,1,54,3,8,3,59,2,3,3,2,10,2,16,4,4,29,16,1,2,9,7,4,13,10,1,8,3,47,2,6,13,2,1,46,3,33,14,1,2,4,12,12,37,1,21,85,2,1,5,72,8
99 , 6380 , 2,38,3,46,4,19,46,8,3,1,54,3,8,3,59,2,3,3,2,9,2,16,4,4,29,16,1,2,9,7,4,13,10,1,8,3,47,2,5,13,2,1,46,3,33,14,1,2,4,12,12,37,1,21,84,2,1,5,72,8
99 , 6390 , 2,38,3,46,4,19,46,8,3,1,54,3,8,3,59,2,3,3,2,9,2,15,4,4,29,16,1,2,9,7,4,13,10,1,8,3,47,2,5,13,2,1,45,3,33,14,1,2,4,12,12,37,1,21,83,2,1,5,72,8
99 , 6400 , 2,38,3,46,3,19,46,8,3,1,54,3,8,3,59,2,3,3,2,9,2,15,4,4,29,16,1,2,9,7,4,13,10,1,8,3,45,2,5,13,2,1,45,3,33,13,1,2,4,12,12,36,1,21,83,2,1,5,71,8
105 , 770 , 21,7,3,16,1,13,3,1102,2,6,1,2,1,3,31,1,2,1,2,1,1,1,1,1,1,1,16,44,395,29
105 , 780 , 8,20,14,1,11,8,1059,2,13,10,5,1,4,2,443,1,1,2,2,1,2,2,1,2,1,2,1,44,1,1,1,1,1,36
105 , 790 , 21,1096,4,4,18,2,18,2,5,1,7,2,659,1,2,1,2,3,2,4,1,3,1,47,2,2,1,1,1,2,1,1,1,1,30
105 , 800 , 1,1,1,1,1,13,18,3,797,16,1,12,5,4,2,673,2,3,1,7,2,1,1,36,2,2,3,2,3,2,3,1,1,1,1,1,1,1
105 , 810 , 2,3,1,1,1,1,452,9,1,8,1,4,665,2,8,5,1,19,3,6,5,2,4,5,2,2,2
105 , 820 , 4,2,2,1,2,1,1,1,1,1,1,498,16,6,7,1254,2,13,7,2,8,4,9,8,6,5,4,5,1
105 , 830 , 2,1,2,1,1,1,1,2,1,1,1,1,1,1,1,222,4,1,6,962,2,13,3,1,4,11,4,8,1,1,5
105 , 840 , 3,1,2,1,1,1,1,2,1,1,1,1,1,1,1,1,157,3,8,1124,3,15,3,5,12,6,4,1,2
105 , 850 , 5,2,3,3,1,1,1,3,2,1,2,2,2,2,1,1,156,1,1,1,1,10,1603,3,22,5,6,17,8,2,2,2
105 , 860 , 6,1,1,2,1,2,3,2,1,2,2,4,2,2,2,2,1,1,1,73,10,1237,16,5,5,23,5
106 , 1020 , 40,1,2,8,18,3,9,3,25,69,9,28,27,15,140,48,4,14,1,3,5,55,25,224,12,14,5,22,302,1,11,6,33,206,3,21,7,212,121,5,58,10,1,28,6,11,6,1,31,1,2,2,2,3,1,27
106 , 1030 , 21,4,24,1,4,2,15,47,6,16,16,6,71,1,1,5,2,2,22,12,113,11,8,1,3,9,167,7,9,5,18,111,1,12,6,112,51,3,36,9,7,10,3,7,2,18,2,1,2,4,1,11
106 , 1040 , 36,6,46,1,5,4,23,2,1,77,11,32,26,8,119,2,1,6,4,4,46,20,199,23,18,1,1,5,17,286,1,12,12,7,29,164,2,17,9,176,71,4,64,12,10,17,5,10,29,4,1,3,4,1,18
106 , 1050 , 23,4,40,2,2,4,16,1,58,6,28,27,6,94,2,7,3,2,28,22,141,15,11,1,2,10,200,1,7,7,6,25,95,10,5,135,46,2,44,7,3,10,5,5,15,2,1,1,2,2,9
106 , 1060 , 30,7,57,2,2,4,24,2,1,1,1,88,9,41,42,7,136,3,9,5,2,43,29,209,24,16,1,3,17,292,1,11,14,11,36,133,14,9,196,25,60,9,5,15,8,11,25,5,1,3,5,3,16
106 , 1070 , 33,10,33,2,2,4,16,2,1,1,1,87,4,33,32,8,119,6,13,4,2,32,18,151,18,16,2,1,7,233,1,10,8,7,24,77,15,10,159,11,46,15,10,10,5,12,21,4,3,1,2,2,15
106 , 1080 , 29,9,32,1,7,16,1,2,1,89,2,23,24,3,112,3,9,4,3,33,12,151,23,8,4,2,12,213,1,6,10,26,48,8,11,8,153,3,1,47,4,9,7,9,6,18,2,2,1,3,18
106 , 1090 , 30,4,34,1,7,16,1,2,1,90,2,23,26,3,116,3,9,4,3,33,12,155,24,8,4,2,12,219,2,6,10,26,28,5,12,8,160,3,1,51,4,11,7,9,6,20,2,2,3,19
106 , 1100 , 50,48,1,1,9,23,2,5,3,136,3,29,38,3,1,183,1,7,1,14,5,4,46,20,238,39,12,4,3,17,328,2,12,1,18,37,23,5,16,13,232,5,1,74,4,14,11,15,8,1,1,31,2,2,7,27
106 , 1110 , 29,28,2,18,2,4,1,78,1,20,17,2,104,1,2,7,3,2,21,12,134,15,13,2,3,2,210,1,7,1,13,24,6,3,9,11,137,1,39,12,6,6,8,4,17,1,3,5,14
107 , 1640 , 2,8,23,2,10,3,5,18,11,3,14,20,1,5,83,5,29,25,1,1,4,4,86,46,4,9,1,49,12,9,39,12,13,8,50,3,109,1,53,1,7,131,26,1,19,25,12,3,1,4,14,25,33,13,2,2,9,34,5,1,2,32,1,4,1,2,2,1,2,1,1,1,5,1,1,1,1,1,9,1,4,4,1,1,13,6,12,65,86,5,11,6,70,23,2
107 , 1650 , 2,8,22,2,10,3,5,18,11,3,14,20,1,5,83,5,29,25,1,1,4,4,86,46,3,8,1,49,12,9,39,12,13,8,50,3,109,1,53,1,7,130,26,1,18,25,12,3,1,4,14,25,33,13,2,2,9,33,5,1,2,32,1,4,1,2,2,1,2,1,1,1,5,1,1,1,1,1,9,1,4,4,1,1,13,6,12,65,86,4,11,6,70,23,2
107 , 1660 , 2,8,21,2,9,3,5,17,11,3,14,20,1,5,83,5,29,25,1,1,4,4,86,46,3,8,1,49,12,9,39,11,13,8,50,3,109,1,53,1,7,130,26,1,18,25,12,3,1,4,14,25,33,13,2,2,9,33,5,1,2,32,1,4,1,2,2,1,2,1,1,1,5,1,1,1,1,1,9,1,4,4,1,1,13,5,12,63,86,4,11,6,70,23,2
107 , 1670 , 2,8,21,2,9,3,5,17,11,3,14,20,1,5,83,4,29,25,1,1,4,3,86,46,3,8,1,49,12,9,39,11,13,8,50,3,109,1,53,1,7,130,26,1,18,25,12,3,1,4,14,25,33,13,2,2,9,33,5,1,2,32,1,4,1,2,2,1,2,1,1,1,5,1,1,1,1,1,9,1,4,4,1,1,13,5,12,63,86,4,11,6,70,23,2
107 , 1680 , 2,8,21,2,8,3,5,16,11,3,14,20,1,5,83,4,28,25,1,1,4,3,86,46,3,8,1,49,12,9,39,10,13,8,49,3,109,1,53,1,7,130,26,1,18,25,12,3,1,4,14,25,33,13,2,2,9,33,5,1,2,32,1,4,1,2,1,1,2,1,1,1,5,1,1,1,1,1,9,1,4,4,1,1,13,5,12,63,86,4,11,6,70,23,2
107 , 1690 , 2,8,20,1,8,3,5,16,10,3,14,20,1,5,83,3,27,25,1,1,4,3,86,46,3,8,1,49,12,9,39,10,13,8,48,3,109,1,53,1,7,130,26,1,18,25,12,3,1,4,14,25,33,13,2,2,9,33,5,1,2,32,1,4,1,2,1,1,2,1,1,1,5,1,1,1,1,1,9,1,4,4,1,1,12,4,12,61,86,4,11,6,70,23,2
107 , 1700 , 2,8,20,1,8,3,5,15,10,3,14,20,1,5,83,2,27,25,1,1,4,3,86,46,3,8,1,49,12,9,39,10,13,8,47,3,109,1,53,1,7,130,26,1,17,25,12,3,1,4,14,24,33,13,2,2,8,33,5,1,2,32,1,4,1,1,1,1,2,1,1,1,4,1,1,1,1,1,9,1,4,3,1,1,12,4,12,61,86,4,11,6,70,23,2
107 , 1710 , 2,8,20,1,8,3,5,13,10,3,14,20,1,5,83,1,27,25,1,1,4,2,86,46,1,8,1,49,12,9,39,10,13,8,47,3,109,1,53,1,7,130,26,1,17,25,12,2,1,4,14,24,33,13,2,2,8,33,5,1,2,32,1,4,1,1,1,1,2,1,1,1,4,1,1,1,1,1,9,1,4,3,1,1,12,4,12,60,86,4,11,6,70,23,2
107 , 1720 , 2,8,19,1,8,3,5,13,10,3,14,20,1,5,83,1,26,25,1,1,4,2,86,46,1,8,1,49,12,9,39,9,13,8,47,3,109,1,53,1,7,130,26,1,17,25,12,1,1,4,14,24,33,13,2,2,8,33,5,1,2,32,1,4,1,1,1,1,2,1,1,1,3,1,1,1,1,1,9,1,4,3,1,12,4,12,55,86,4,11,6,69,23,1
107 , 1730 , 2,8,18,1,7,3,5,13,10,3,13,20,1,5,83,1,26,25,1,1,4,2,86,46,1,8,1,49,12,9,39,9,13,8,46,3,109,1,53,1,7,129,26,1,17,25,12,1,1,4,14,24,33,13,2,2,8,32,5,1,2,32,1,4,1,1,1,2,1,1,1,1,1,1,1,1,1,9,1,4,3,1,12,4,12,55,86,4,11,6,69,23,1
108 , 3190 , 2,1,52,5,1,23,13,16,2,4,4,63,2,20,3,2,65,8,2,1,1,1,12,40,123,23,7,18,1,4,10,8,128,2,5,50,1,6,9,2,22,7,12,7,45,1,47,1,84,4,2,4,26,2,4,31,3,12,4,3,4,10,20,5,2,4,1,1,1,1,1,65,28,1,1,6,1,8,14,1,19,2,20,11,4,3,1,2,6,72,4,2,13,5,2,13,2,2,14,9,7,53,17,10,5,2,6,8,31,5
108 , 3200 , 2,1,52,5,1,23,13,16,2,4,4,63,2,20,3,2,64,8,2,1,1,1,12,40,123,23,7,18,1,4,10,8,128,2,5,50,1,6,9,2,22,7,12,7,45,1,46,1,84,3,2,4,26,2,4,31,3,12,4,3,4,10,19,4,2,4,1,1,1,1,1,65,27,1,1,6,1,8,14,1,19,2,20,11,4,3,1,2,6,72,4,2,13,5,2,13,2,2,13,9,7,53,17,10,5,2,6,8,31,5
108 , 3210 , 2,1,52,4,1,22,13,16,2,4,4,63,2,20,3,2,64,8,2,1,1,1,12,40,123,23,7,18,1,4,10,8,128,2,5,50,1,6,9,2,22,7,12,7,45,1,46,1,84,3,2,4,26,2,4,31,3,12,4,3,4,10,19,4,2,4,1,1,1,1,1,65,23,1,1,6,1,8,14,1,19,2,19,11,4,3,1,1,5,72,4,2,12,5,2,13,2,1,13,9,7,53,17,10,5,2,6,8,31,5
108 , 3220 , 2,1,52,4,1,21,13,15,2,4,4,61,2,20,3,2,63,8,2,1,1,1,12,40,123,22,7,17,1,4,10,8,127,2,5,49,1,6,9,2,22,7,12,6,45,1,46,1,84,3,2,4,26,2,4,30,3,12,4,3,4,10,19,4,2,4,1,1,1,1,1,65,21,1,1,6,1,8,14,1,19,2,18,11,4,3,1,1,5,72,4,2,12,5,2,13,2,1,13,9,7,53,17,10,5,2,6,8,31,5
108 , 3230 , 2,1,51,4,1,21,12,15,2,4,4,60,2,20,3,2,63,8,2,1,1,1,12,40,123,22,6,17,1,4,10,8,127,2,5,49,1,6,9,2,22,7,12,6,45,1,45,1,84,3,2,4,26,2,4,30,3,12,4,3,3,10,19,4,2,4,1,1,1,1,1,65,18,1,1,6,1,8,14,1,19,2,18,11,4,3,1,1,5,72,4,2,12,5,2,13,2,1,13,9,7,53,17,10,5,2,6,8,31,5
108 , 3240 , 2,1,51,4,1,20,12,14,2,4,4,60,2,20,3,2,63,8,2,1,1,1,11,40,121,22,6,17,1,4,10,8,126,2,5,49,1,6,9,2,22,7,12,6,45,1,45,1,84,3,2,4,26,2,4,30,3,12,4,3,3,10,19,4,2,4,1,1,1,1,1,65,17,1,1,6,1,8,14,1,18,2,18,11,4,3,1,1,5,72,4,2,11,5,2,13,2,1,12,9,7,53,17,10,5,2,6,8,31,5
108 , 3250 , 2,1,51,3,1,19,12,14,2,4,4,60,2,20,3,2,63,8,2,1,1,1,11,40,121,22,6,17,1,4,10,8,126,2,5,49,1,6,9,2,22,7,12,6,45,1,45,1,84,3,2,4,26,2,4,30,3,12,4,3,3,10,19,4,2,4,1,1,1,1,1,65,17,1,1,6,1,8,14,1,18,2,18,11,4,3,1,1,5,72,4,2,11,5,2,12,2,1,12,9,7,51,16,10,5,2,6,8,29,5
108 , 3260 , 2,1,51,3,1,19,12,14,2,4,4,60,2,20,3,2,63,7,2,1,1,1,11,40,119,22,6,17,1,4,9,8,126,2,5,49,1,6,9,2,22,7,12,6,45,1,45,1,83,3,2,4,26,2,4,29,3,12,4,3,3,10,18,4,2,4,1,1,1,1,1,65,14,1,1,6,1,8,14,1,18,2,17,11,4,3,1,1,5,72,4,2,11,5,2,12,2,1,11,9,7,51,16,10,5,2,6,8,28,5
108 , 3270 , 2,1,51,3,1,19,12,14,2,4,4,60,2,20,3,2,63,7,2,1,1,1,11,39,119,21,6,17,1,4,9,8,126,2,5,49,1,6,9,2,22,7,12,6,45,1,45,1,82,3,2,4,26,2,4,29,3,12,4,3,3,10,18,4,2,4,1,1,1,1,1,65,12,1,1,6,1,8,14,1,18,2,17,11,4,3,1,1,5,72,4,2,11,5,2,12,2,1,11,9,7,51,16,10,5,2,6,8,27,5
108 , 3280 , 2,1,51,3,1,18,12,14,2,3,4,60,2,20,3,2,63,7,2,1,1,1,11,39,119,21,6,17,1,4,9,8,125,2,5,49,1,6,9,2,22,7,12,6,45,1,45,1,82,3,2,4,26,2,4,29,3,12,4,3,3,10,18,4,2,4,1,1,1,1,1,65,12,1,1,6,1,8,14,1,18,2,17,11,4,3,1,1,5,72,4,2,11,5,2,12,2,1,11,9,7,50,16,10,5,2,6,8,27,5
