sim,ct,immigration.rate,res.inflow,N.types,max.res.val,max.growth.rate,max.met.maint,max.active.dispersal,starting.seed,flow.rate,height,length,width,total.abundance,ind.production,biomass.prod.N,resource.particles,resource.concentration,species.richness,simpson.e,e.var,avg.pop.size,pop.var,N.max,logmod.skew,Whittakers.turnover,amplitude,frequency,phase,all.biomass,active.biomass,dormant.biomass,all.avg.per.capita.growth,active.avg.per.capita.growth,dormant.avg.per.capita.growth,all.avg.per.capita.maint,active.avg.per.capita.maint,dormant.avg.per.capita.maint,all.avg.per.capita.efficiency,active.avg.per.capita.efficiency,dormant.avg.per.capita.efficiency,all.avg.per.capita.active.dispersal,active.avg.per.capita.active.dispersal,dormant.avg.per.capita.active.dispersal,all.avg.per.capita.rpf,active.avg.per.capita.rpf,dormant.avg.per.capita.rpf,all.avg.per.capita.mf,active.avg.per.capita.mf,dormant.avg.per.capita.mf,all.size,active.size,dormant.size,N.active,S.active,N.dormant,S.Dormant,Percent.Dormant,dorm.limit
1,10,0.0,10,0,100.0,0.1,0.1,0.1,1000,0.07017038286703829,4.0,4.0,4,300,0,0.0,8,0.125,3,0.4814,0.39445356048589786,100.0,10770.666666666666,246,0.22374691109880937,nan,0.1,0.1,0.1,10.975557303230708,11.10881002816512,4.4461737814445756,0.044646279112382253,0.044830349384019197,0.035626835802171797,0.0061342666522761387,0.0061232064496531636,0.0066762165808018333,0.0020740740740740737,0.0021164021164021165,0,0.092042744702201112,0.092015394664202041,0.093382896564155451,0.077225697343496574,0.076920860241737735,0.092162715329679581,2.1800000000000002,2.1836734693877551,2.0,0.04853310702694328,0.048496315859020062,0.050335874255180879,294,3,6,1,2.0,0.1
1,10,0.0,10,0,100.0,0.1,0.1,0.1,1000,0.07017038286703829,4.0,4.0,4,279,0,0.0,6,0.09375,3,0.4735,0.37631681210101819,93.0,9618.0,231,0.22413896875060643,0.0,0.1,0.1,0.1,11.085612472461982,11.18196978696653,4.4610471002743362,0.044328772687542109,0.044455346314965678,0.035626835802171797,0.0061586882521806,0.0061511605674006552,0.0066762165808018324,0.002007168458781362,0.0020363636363636361,0,0.09210566799408558,0.092087090123975479,0.093382896564155451,0.077837141642957061,0.077628769662059297,0.092162715329679595,2.172043010752688,2.1745454545454543,2.0,0.046872134016655027,0.047187831425950524,0.025167937127590443,275,3,4,1,1.4336917562724014,0.1
1,10,0.0,10,0,100.0,0.1,0.1,0.1,1000,0.07017038286703829,4.0,4.0,4,258,0,0.0,5,0.078125,3,0.468,0.35659606215215089,86.0,8408.6666666666661,215,0.22372669557529812,0.0,0.1,0.1,0.1,11.167542357832193,11.250093138027406,4.1507260412391753,0.044205019990295635,0.044257512988989216,0.039743115101341424,0.0061757085380995443,0.0061824743063332022,0.0056006182382385685,0.0019896640826873382,0.0020130718954248367,0,0.092152299068037624,0.092173731461404743,0.090330545631832848,0.07819566439586989,0.07826768469647756,0.07207393884421788,2.1666666666666665,2.164705882352941,2.3333333333333335,0.044374064501304426,0.043961175153795225,0.079469659039586735,255,3,3,2,1.1627906976744187,0.1
1,10,0.0,10,0,100.0,0.1,0.1,0.1,1000,0.07017038286703829,4.0,4.0,4,244,0,0.0,6,0.09375,3,0.4536,0.32441641381898756,81.33333333333333,7969.5555555555557,207,0.22475925905707589,0.0,0.1,0.1,0.1,11.181592043873923,11.181592043873923,nan,0.0435578969435289,0.0435578969435289,nan,0.0062215587933231228,0.0062215587933231228,nan,0.0018488160291438977,0.0018488160291438977,0,0.092268981127837491,0.092268981127837491,nan,0.079378990724500997,0.079378990724500997,nan,2.151639344262295,2.151639344262295,nan,0.041001012304615586,0.041001012304615586,nan,244,3,0,0,0.0,0.1
1,10,0.0,10,0,100.0,0.1,0.1,0.1,1000,0.07017038286703829,4.0,4.0,4,247,1,0.0,11,0.171875,3,0.4555,0.32347206506592019,82.33333333333333,8102.8888888888878,209,0.22416022411711617,0.0,0.1,0.1,0.1,11.688934557338769,11.807793097240019,4.4682782583377563,0.043717939648542585,0.043851126543133043,0.035626835802171797,0.0062151973648137491,0.0062076085711349318,0.0066762165808018324,0.0018893387314439941,0.0019204389574759943,0,0.092254793175704841,0.092236223572602763,0.093382896564155451,0.079166103089800183,0.078952167085851524,0.092162715329679595,2.1538461538461537,2.1563786008230452,2.0,0.039476046330736092,0.039366331569641227,0.046141218067249141,243,3,4,1,1.6194331983805668,0.1
1,10,0.0,10,0,100.0,0.1,0.1,0.1,1000,0.07017038286703829,4.0,4.0,4,257,4,0.0,12,0.1875,3,0.45,0.3154406520336811,85.66666666666667,8969.5555555555547,219,0.2249465629866659,0.0,0.1,0.1,0.1,12.884071027735123,13.05166754315546,4.4372066505500412,0.043403110705104019,0.04355740187381299,0.035626835802171797,0.0062331358557082264,0.006224344571480178,0.0066762165808018333,0.001815823605706874,0.0018518518518518517,0,0.092298688249185384,0.092277176179443907,0.093382896564155451,0.079671807846215706,0.079423972380273961,0.092162715329679595,2.1478599221789882,2.1507936507936507,2.0,0.036952555425377211,0.037352831827632181,0.016778624751726961,252,3,5,1,1.9455252918287937,0.1
1,10,0.0,10,0,100.0,0.1,0.1,0.1,1000,0.07017038286703829,4.0,4.0,4,260,0,0.0,11,0.171875,3,0.445,0.31162773942791655,86.66666666666667,9366.8888888888887,223,0.22588285284090764,0.0,0.1,0.1,0.1,13.205681785531425,13.342085732255896,4.4758291951650788,0.043069831642522295,0.043186128452527783,0.035626835802171797,0.0062495377340910417,0.0062428708771111868,0.0066762165808018324,0.0017350427350427348,0.0017621527777777776,0,0.09233752977007241,0.092321195913914869,0.093382896564155451,0.080165681469435063,0.07997822781536873,0.092162715329679595,2.1423076923076922,2.14453125,2.0,0.035582817300243923,0.035794705930143951,0.022021944986641638,256,3,4,1,1.5384615384615385,0.1
1,10,0.0,10,0,100.0,0.1,0.1,0.1,1000,0.07017038286703829,4.0,4.0,4,264,1,0.0,12,0.1875,3,0.4502,0.32841179902838935,88.0,9458.0,225,0.22594453916842758,0.0,0.1,0.1,0.1,13.390165386850066,13.527935037113778,4.4351381197088546,0.043243697498956228,0.043360879986599064,0.035626835802171797,0.0062326614998293077,0.0062258375755066524,0.0066762165808018324,0.0017676767676767676,0.0017948717948717947,0,0.092292750390881695,0.092275978911292855,0.093382896564155451,0.079774724599730326,0.079584140126961883,0.092162715329679595,2.1477272727272729,2.1499999999999999,2.0,0.034551129379687635,0.034695486183566049,0.02516793712759044,260,3,4,1,1.5151515151515151,0.1
1,10,0.0,10,0,100.0,0.1,0.1,0.1,1000,0.07017038286703829,4.0,4.0,4,277,6,-9.094947017729282e-13,15,0.234375,3,0.4542,0.35264768246989908,92.33333333333333,10243.555555555557,235,0.22697455004331693,0.0,0.1,0.1,0.1,13.729808832491054,13.831676243105415,4.4259186630461294,0.043203994268989694,0.043286955858042445,0.035626835802171797,0.0062195834485405414,0.0062145838157055639,0.0066762165808018324,0.0017408744484556757,0.0017599351175993508,0,0.092253081164069051,0.092240710922462277,0.093382896564155451,0.07959269139030771,0.079455063390971511,0.092162715329679609,2.151624548736462,2.1532846715328469,2.0,0.032626732969237911,0.032126657977936943,0.078300248841392486,274,3,3,1,1.083032490974729,0.1
1,10,0.0,10,0,100.0,0.1,0.1,0.1,1000,0.07017038286703829,4.0,4.0,4,283,0,0.0,12,0.1875,3,0.4544,0.34967659393877415,94.33333333333333,10682.888888888891,240,0.22667132022961173,0.0,0.1,0.1,0.1,14.269938948639268,14.591362318140733,4.4843830327057681,0.043267106568500448,0.04351806436739445,0.035626835802171797,0.0062188928216476667,0.0062038712383177853,0.0066762165808018324,0.0017589320769532779,0.0018167072181670717,0,0.092252843432319237,0.092215724898791762,0.093382896564155451,0.079537870627232068,0.079123185947224658,0.092162715329679595,2.1519434628975267,2.1569343065693429,2.0,0.031104962141182763,0.031583189749208561,0.016545588296841864,274,3,9,1,3.180212014134275,0.1
1,11,0.0,10,0,100.0,0.1,0.1,0.1,1000,0.052233450742668434,4.0,4.0,4,369,0,0.0,4,0.0625,3,0.5672,0.29434143666236035,123.0,11544.0,267,0.14521448498697723,nan,0.1,0.1,0.1,11.27109439450599,11.3592503298698,3.2268652925582337,0.021889540024576194,0.021513768532141306,0.056178688709259995,0.0034115658109621465,0.0032890849119394366,0.014587947846784423,0.020216802168021679,0.020298325722983252,0.012777777777777775,0.081158010793408786,0.081138803006160679,0.082910721379796992,0.019253149040400559,0.01884648248302663,0.056361472400771412,4.6991869918699187,4.7095890410958905,3.75,0.049885323972842822,0.049885815347802169,0.04984048600780256,365,3,4,3,1.084010840108401,0.1
1,11,0.0,10,0,100.0,0.1,0.1,0.1,1000,0.052233450742668434,4.0,4.0,4,390,0,0.0,2,0.03125,3,0.5601,0.28521592254462202,130.0,13274.0,285,0.1513572584612505,0.0,0.1,0.1,0.1,10.947428317135662,11.055355821523094,2.6370104793032896,0.021387360242695285,0.020894633656385914,0.059327307388517048,0.0033862123505829901,0.0032730719224942626,0.012098025313415053,0.020119658119658115,0.020155844155844149,0.017333333333333329,0.081210100548319064,0.081211593933463375,0.081095109892207556,0.019025933812524553,0.018601203865383775,0.051730139742364692,4.7076923076923078,4.7194805194805198,3.7999999999999998,0.046995805468659446,0.047255714349279103,0.026982821660946326,385,3,5,3,1.282051282051282,0.1
1,11,0.0,10,0,100.0,0.1,0.1,0.1,1000,0.052233450742668434,4.0,4.0,4,394,1,0.0,7,0.109375,3,0.5541,0.26580465512357154,131.33333333333334,13878.222222222221,290,0.1531780460432183,0.0,0.1,0.1,0.1,10.852736346151271,10.990220749629046,1.9620782545885145,0.021013605327848274,0.020193998792883493,0.074014827922237222,0.0033234150794432689,0.0030898733257960689,0.018425781815295496,0.020112803158488436,0.020240549828178689,0.01185185185185185,0.081224176208528565,0.081201171860065285,0.08271179074248769,0.018756397114995955,0.01794623308149217,0.071147004614907125,4.7157360406091371,4.7371134020618557,3.3333333333333335,0.04612521698804254,0.045808259589082592,0.066621795454119323,388,3,6,2,1.5228426395939088,0.1
1,11,0.0,10,0,100.0,0.1,0.1,0.1,1000,0.052233450742668434,4.0,4.0,4,391,0,0.0,10,0.15625,3,0.5381,0.18733616826588773,130.33333333333334,14580.222222222221,293,0.15354265397222477,0.0,0.1,0.1,0.1,10.898394280855014,10.997400318637698,3.2551281640317882,0.020059545639001999,0.019738437532817232,0.044849091436466072,0.0030897549571166959,0.0030339355462623745,0.0073990134750703982,0.020204603580562655,0.020201496833621182,0.020444444444444439,0.081218867574374687,0.081229910655364113,0.080366341721991211,0.017900647219677889,0.017664807230030725,0.036107494420439187,4.7391304347826084,4.7461139896373057,4.2000000000000002,0.045456789566659959,0.045110808205591255,0.072166550641163424,386,3,5,3,1.278772378516624,0.1
1,11,0.0,10,0,100.0,0.1,0.1,0.1,1000,0.052233450742668434,4.0,4.0,4,399,0,0.0,7,0.109375,3,0.5424,0.18546023784822174,133.0,14920.666666666666,297,0.14807001392065761,0.0,0.1,0.1,0.1,11.027245709427499,11.175223341673782,2.7404983036358188,0.020405139241988161,0.019822505018966367,0.053032655731208397,0.0030800634403944449,0.0029674551148702027,0.0093861296697520021,0.020311890838206625,0.020323129251700676,0.01968253968253968,0.0811677642368792,0.081181434193418847,0.080402246670658942,0.017994966923214194,0.017541151578529434,0.043408626225560791,4.7343358395989972,4.7474489795918364,4.0,0.044545375239508883,0.044038031839469034,0.072956605641740113,392,3,7,3,1.7543859649122806,0.1
1,11,0.0,10,0,100.0,0.1,0.1,0.1,1000,0.052233450742668434,4.0,4.0,4,405,0,0.0,9,0.140625,3,0.5347,0.18427091310056176,135.0,15860.666666666666,305,0.15679534747285112,0.0,0.1,0.1,0.1,11.304622790568949,11.373427738922285,2.084759711221976,0.019800417683715588,0.019395832532681841,0.074014827922237222,0.0030846029873765868,0.0029701165782130136,0.0184257818152955,0.02014266117969821,0.020204532891100049,0.01185185185185185,0.081250204219666416,0.081239296857555834,0.08271179074248769,0.017801533802992351,0.017403433274545226,0.071147004614907125,4.7432098765432098,4.7537313432835822,3.3333333333333335,0.043142792921052026,0.043023778708358107,0.059090697422036077,402,3,3,2,0.7407407407407408,0.1
1,11,0.0,10,0,100.0,0.1,0.1,0.1,1000,0.052233450742668434,4.0,4.0,4,410,1,-9.094947017729282e-13,7,0.109375,3,0.5258,0.13477088750371702,136.66666666666666,16843.555555555555,312,0.15813646568175777,0.0,0.1,0.1,0.1,11.288722640693253,11.363269386661829,1.1752141042896975,0.01923838623838035,0.018850056539113778,0.071921782105545257,0.00296986907612275,0.0029759983186007722,0.0021383351799375747,0.020162601626016255,0.020049140049140046,0.035555555555555549,0.081259957545661857,0.081314704181562197,0.073832663941849855,0.017349802721425535,0.017232935352477285,0.033204809108737805,4.7560975609756095,4.7616707616707616,4.0,0.042056288726271727,0.042195756796608884,0.023135120517197457,407,3,3,1,0.7317073170731708,0.1
1,11,0.0,10,0,100.0,0.1,0.1,0.1,1000,0.052233450742668434,4.0,4.0,4,409,0,0.0,4,0.0625,3,0.5211,0.10293113536053156,136.33333333333334,17078.222222222223,313,0.15920251882468356,0.0,0.1,0.1,0.1,11.226721366306771,11.241279457167806,5.2870202950039413,0.018932580674499128,0.018972439276470132,0.0026702710703283132,0.0029144570338353699,0.0029140649041603317,0.0030744459412511897,0.020162999185004069,0.020174291938997814,0.015555555555555553,0.081269208041389804,0.08126372199910957,0.083507513291724872,0.017120051540503924,0.017132588736048383,0.012004875758364283,4.7628361858190713,4.7622549019607847,5.0,0.041872907218058003,0.041827691747001391,0.06032081940915289,408,3,1,1,0.24449877750611246,0.1
1,11,0.0,10,0,100.0,0.1,0.1,0.1,1000,0.052233450742668434,4.0,4.0,4,412,0,0.0,8,0.125,3,0.5197,0.1026887166848075,137.33333333333334,17433.555555555555,316,0.16075961611959097,0.0,0.1,0.1,0.1,11.281852244480236,11.306424369127999,1.1827090142493171,0.018814165798740602,0.01868495018728852,0.071921782105545257,0.0029156220016078155,0.0029175132104196652,0.0021383351799375747,0.020129449838187697,0.020091916734252493,0.035555555555555549,0.08128550638059126,0.081303639817181889,0.073832663941849855,0.017082805114905817,0.017043578827816205,0.033204809108737805,4.7645631067961167,4.7664233576642339,4.0,0.041421597652370315,0.041474131701888357,0.019830103300454961,411,3,1,1,0.24271844660194172,0.1
1,11,0.0,10,0,100.0,0.1,0.1,0.1,1000,0.052233450742668434,4.0,4.0,4,427,0,0.0,9,0.140625,3,0.5174,0.13272051086423498,142.33333333333334,18894.888888888891,329,0.16652174063320771,0.0,0.1,0.1,0.1,12.017311329925201,12.058713538298321,3.2193420506372976,0.018578765728176874,0.018490684500601533,0.037296026587936786,0.0029740325578725938,0.0029757626378597848,0.0026063905605943822,0.019979182930002597,0.01995294117647058,0.02555555555555555,0.08134943868777679,0.08136204739399322,0.07867008861678737,0.017137007034371574,0.01711127604425779,0.022604842433551042,4.7658079625292737,4.7670588235294113,4.5,0.039920065876993246,0.040066854059764109,0.0087275770381857951,425,3,2,2,0.468384074941452,0.1
1,12,0.0,10,0,100.0,0.1,0.1,0.1,1000,0.038881551803080894,4.0,4.0,4,474,1,0.0,2,0.03125,3,0.5232,0.12703544962363134,158.0,22752.0,362,0.15990068552377107,nan,0.1,0.1,0.1,11.049180820795568,11.109330138127744,1.6057379996438772,0.056368334853621686,0.056617520243644713,0.017246228620006541,0.0029508763147733392,0.0029211371618978813,0.0076199233162201896,0.083309892170651656,0.083840528426515668,0,0.096346211877160526,0.096397079559653251,0.088359985725804266,0.055241930524498065,0.055268546411178281,0.05106323631570462,2.4683544303797467,2.4585987261146496,4.0,0.058398552353217864,0.058304226615305849,0.073207693205403448,471,3,3,1,0.6329113924050633,0.1
1,12,0.0,10,0,100.0,0.1,0.1,0.1,1000,0.038881551803080894,4.0,4.0,4,484,0,0.0,3,0.046875,3,0.5189,0.12607072100945305,161.33333333333334,24134.222222222219,372,0.16422502267430483,0.0,0.1,0.1,0.1,10.988925257008315,11.027192180165029,1.7665967762409096,0.056612930232775097,0.056776277542371655,0.017246228620006541,0.0029212181476869206,0.0029017214457427993,0.0076199233162201896,0.083838383838383837,0.084186260949746419,0,0.096400854219633625,0.096434218819193063,0.088359985725804266,0.055270690927343408,0.055288149245234029,0.051063236315704627,2.4586776859504131,2.4522821576763487,4.0,0.057107110196616059,0.056860015412430701,0.11665695318528729,482,3,2,1,0.4132231404958678,0.1
1,12,0.0,10,0,100.0,0.1,0.1,0.1,1000,0.038881551803080894,4.0,4.0,4,495,4,-9.094947017729282e-13,7,0.109375,3,0.5179,0.12495919737100492,165.0,25344.666666666668,381,0.16508816260135026,0.0,0.1,0.1,0.1,10.993083661092347,11.105527227369896,1.8289330094720924,0.056664669597464613,0.057148331449948769,0.017246228620006545,0.0029146428674000527,0.0028569093649605417,0.0076199233162201896,0.083955106621773287,0.084985230629402414,0,0.096415457626323239,0.09651429777234187,0.088359985725804266,0.055278477348819258,0.055330198097691831,0.051063236315704634,2.4565656565656564,2.4376278118609407,4.0,0.055477355021836483,0.054987410923302199,0.095407799052380074,489,3,6,1,1.2121212121212122,0.1
1,12,0.0,10,0,100.0,0.1,0.1,0.1,1000,0.038881551803080894,4.0,4.0,4,513,1,0.0,11,0.171875,3,0.5159,0.12323317205408779,171.0,27440.666666666668,396,0.16685980768769143,0.0,0.1,0.1,0.1,11.016904973348367,11.145610518305018,1.7133327236247198,0.056771640165057924,0.057318434395918313,0.017246228620006545,0.0029012462080478499,0.0028359680662351891,0.0076199233162201896,0.08419319904700022,0.085357927097057529,0,0.096443654972710097,0.096555484389169277,0.088359985725804266,0.055293460052526,0.055351980934260678,0.051063236315704634,2.4522417153996101,2.4308300395256919,4.0,0.053530781161421168,0.052963574390945095,0.094531727712977034,506,3,7,1,1.364522417153996,0.1
1,12,0.0,10,0,100.0,0.1,0.1,0.1,1000,0.038881551803080894,4.0,4.0,4,523,0,0.0,10,0.15625,3,0.512,0.12238386619841179,174.33333333333334,28962.888888888891,406,0.17043287681526414,0.0,0.1,0.1,0.1,11.331767178935303,11.462644049685515,1.6842721350626904,0.056990284735604559,0.057529448287560341,0.017246228620006545,0.0028747485946586113,0.0028103760693661095,0.0076199233162201896,0.084665391969407269,0.085813953488372091,0,0.09649235949049495,0.096602682390403538,0.088359985725804266,0.055319090529957864,0.055376824986352768,0.051063236315704634,2.4435946462715106,2.4224806201550386,4.0,0.052061141165274348,0.051857550700688225,0.067068666840479615,516,3,7,1,1.338432122370937,0.1
1,12,0.0,10,0,100.0,0.1,0.1,0.1,1000,0.038881551803080894,4.0,4.0,4,526,0,0.0,9,0.140625,3,0.5076,0.12221784888260456,175.33333333333334,29822.888888888891,411,0.17446605562782366,0.0,0.1,0.1,0.1,11.240719469151957,11.368431937618071,1.7717521643070031,0.057248023223392404,0.057787546464671213,0.017246228620006545,0.0028437847405189481,0.0027793666865114169,0.0076199233162201896,0.085217574989438091,0.086366944979661742,0,0.096547031460725352,0.096657454042891916,0.088359985725804266,0.055347770997428936,0.055405558555756615,0.051063236315704634,2.4334600760456273,2.4123314065510599,4.0,0.05111947517394444,0.051410967396022703,0.02950740899414258,519,3,7,1,1.3307984790874523,0.1
1,12,0.0,10,0,100.0,0.1,0.1,0.1,1000,0.038881551803080894,4.0,4.0,4,532,0,0.0,8,0.125,3,0.5038,0.12176691296705278,177.33333333333334,30976.888888888887,418,0.17772689665424349,0.0,0.1,0.1,0.1,11.111816325820511,11.237405613357673,1.6926197605334041,0.057467408355858889,0.058003690752336912,0.017246228620006545,0.002817328566524965,0.0027532939698623623,0.0076199233162201896,0.085689223057644107,0.086831746031746024,0,0.096594576825913048,0.09670437137391448,0.088359985725804266,0.05537274783174323,0.055430207985290414,0.051063236315704634,2.4248120300751879,2.4038095238095236,4.0,0.050375129025974096,0.050810374600302084,0.017731710951374473,525,3,7,1,1.3157894736842104,0.1
1,12,0.0,10,0,100.0,0.1,0.1,0.1,1000,0.038881551803080894,4.0,4.0,4,540,0,0.0,6,0.09375,3,0.501,0.12112297585778897,180.0,32274.666666666668,426,0.17999291805423528,0.0,0.1,0.1,0.1,10.973161476324011,11.200951571054851,1.7389014822353173,0.057626509731396491,0.058622607747426975,0.017246228620006545,0.0027980410474326054,0.0026790951850146948,0.0076199233162201896,0.086032921810699589,0.08815517604891418,0,0.096630077928534439,0.096834083998051504,0.088359985725804252,0.055391432071602034,0.055498199708844294,0.051063236315704634,2.4185185185185185,2.3795066413662238,4.0,0.049578124052424975,0.049506141238614305,0.052496196581519244,527,3,13,1,2.4074074074074074,0.1
1,12,0.0,10,0,100.0,0.1,0.1,0.1,1000,0.038881551803080894,4.0,4.0,4,537,0,0.0,5,0.078125,3,0.4955,0.12153260376149699,179.0,32624.666666666668,427,0.18437583036527994,0.0,0.1,0.1,0.1,10.870836711286001,11.113936487118689,1.7893236569649105,0.057946996446329099,0.059036500747607336,0.017246228620006545,0.0027597353694162326,0.002629634736040983,0.0076199233162201896,0.086716325263811289,0.089037603569152315,0,0.09669607642413082,0.096919222255443555,0.088359985725804252,0.055425985674905941,0.055542770552590111,0.051063236315704634,2.4059590316573556,2.3632887189292542,4.0,0.049687694745876684,0.050119518599124516,0.033555989370975717,523,3,14,1,2.60707635009311,0.1
1,12,0.0,10,0,100.0,0.1,0.1,0.1,1000,0.038881551803080894,4.0,4.0,4,537,0,0.0,6,0.09375,3,0.4939,0.12157562614093054,179.0,32838.0,428,0.18561617235232977,0.0,0.1,0.1,0.1,10.719580961402693,10.979738336504552,1.6661043078579632,0.058041894998628239,0.059214184262381744,0.017246228620006541,0.0027483675811696227,0.0026083803474038015,0.0076199233162201896,0.086919097868818532,0.089416773094933996,0,0.09671587328730967,0.096955984998847181,0.088359985725804238,0.05543635941365177,0.055562023870489329,0.051063236315704634,2.4022346368715084,2.3563218390804597,4.0,0.049585714658320894,0.049769663165743154,0.043184306600026305,522,3,15,1,2.793296089385475,0.1
1,13,0.0,10,0,100.0,0.1,0.1,0.1,1000,0.028942661247167517,4.0,4.0,4,190,0,0.0,6,0.09375,2,0.6352,0.50559477819437315,95.0,5184.0,167,0.0,nan,0.1,0.1,0.1,15.712413171193571,16.034434316791668,5.8370980395185228,0.082262520015477944,0.082104625243928767,0.087104626342986158,0.0032277192716526019,0.0032151182055014395,0.0036141519669549223,0.013181286549707601,0.01361111111111111,0,0.064381240528337769,0.064278333693462739,0.067537050131172074,0.033923762171271056,0.034086483197876424,0.028933650688706136,12.210526315789474,12.25,11.0,0.22865441615663848,0.23314261895940194,0.09101619687189294,184,2,6,1,3.1578947368421053,0.1
1,13,0.0,10,0,100.0,0.1,0.1,0.1,1000,0.028942661247167517,4.0,4.0,4,194,0,0.0,5,0.078125,2,0.6321,0.49803927286885863,97.0,5476.0,171,0.0,0.0,0.1,0.1,0.1,15.481668040698297,15.737105147929098,5.8261453873739413,0.082362357259344099,0.082236900405279492,0.087104626342986158,0.0032356869560918248,0.0032256746542171392,0.0036141519669549227,0.012909507445589918,0.013251028806584362,0,0.064446308767571486,0.064364543123031775,0.067537050131172088,0.033820873274723315,0.033950164877528007,0.028933650688706136,12.185567010309278,12.216931216931217,11.0,0.22233135844138718,0.22669964356177033,0.057210180890904128,189,2,5,1,2.5773195876288657,0.1
1,13,0.0,10,0,100.0,0.1,0.1,0.1,1000,0.028942661247167517,4.0,4.0,4,194,0,0.0,6,0.09375,2,0.6321,0.49803927286885863,97.0,5476.0,171,0.0,0.0,0.1,0.1,0.1,15.170627114935732,15.471658514723835,5.738309921575123,0.082362357259344099,0.082211008246036374,0.087104626342986158,0.0032356869560918248,0.0032236082855323644,0.0036141519669549223,0.012909507445589918,0.013321513002364066,0,0.064446308767571486,0.064347668085754428,0.067537050131172074,0.033820873274723315,0.03397684846363877,0.028933650688706136,12.185567010309278,12.223404255319149,11.0,0.22233135844138718,0.22783633148582849,0.049842203048893752,188,2,6,1,3.0927835051546393,0.1
1,13,0.0,10,0,100.0,0.1,0.1,0.1,1000,0.028942661247167517,4.0,4.0,4,195,4,-4.547473508864641e-13,4,0.0625,2,0.6314,0.49619170320016937,97.5,5550.25,172,0.0,0.0,0.1,0.1,0.1,15.265014624721406,15.460421551015953,5.9343338941568042,0.082386676587978144,0.082287871357506787,0.087104626342986158,0.0032376278023013797,0.0032297424794814093,0.0036141519669549223,0.012843304843304842,0.013112274578243164,0,0.064462158723282245,0.064397763091703392,0.067537050131172088,0.033795810594795028,0.033897635933142448,0.028933650688706136,12.179487179487179,12.204188481675393,11.0,0.22025769817377089,0.2237131508304975,0.055259833815077854,191,2,4,1,2.051282051282051,0.1
1,13,0.0,10,0,100.0,0.1,0.1,0.1,1000,0.028942661247167517,4.0,4.0,4,197,0,0.0,4,0.0625,2,0.6299,0.49254478746520436,98.5,5700.25,174,0.0,0.0,0.1,0.1,0.1,15.408910697528498,15.65814991573302,5.8381247184749947,0.082434574555034085,0.082312958623056168,0.087104626342986158,0.003241450382653192,0.0032317446122286674,0.0036141519669549227,0.012712915961646925,0.013043981481481481,0,0.06449337589493595,0.064414113545033971,0.067537050131172088,0.03374644856529159,0.033871781843327668,0.028933650688706136,12.167512690355331,12.197916666666666,11.0,0.21802157941058539,0.22200621509330354,0.065011569194209237,192,2,5,1,2.5380710659898478,0.1
1,13,0.0,10,0,100.0,0.1,0.1,0.1,1000,0.028942661247167517,4.0,4.0,4,203,1,0.0,5,0.078125,2,0.6317,0.49703649133930339,101.5,6006.25,179,0.0,0.0,0.1,0.1,0.1,15.364220546415424,15.605475958585265,5.8105062244897718,0.08237556126407472,0.082256140428748695,0.087104626342986158,0.0032367407245949779,0.0032272101376666961,0.0036141519669549227,0.012873563218390805,0.013198653198653199,0,0.064454914387131718,0.064377082676423628,0.067537050131172088,0.033807265672748978,0.033930336758204602,0.028933650688706136,12.182266009852217,12.212121212121213,11.0,0.21132138861344807,0.21475340801617954,0.075413420265282721,198,2,5,1,2.4630541871921183,0.1
1,13,0.0,10,0,100.0,0.1,0.1,0.1,1000,0.028942661247167517,4.0,4.0,4,203,0,0.0,4,0.0625,2,0.6317,0.49703649133930339,101.5,6006.25,179,0.0,0.0,0.1,0.1,0.1,15.775769182323488,16.071826229646081,6.0552294618984872,0.08237556126407472,0.082231528825123121,0.087104626342986158,0.0032367407245949779,0.0032252459659444211,0.0036141519669549223,0.012873563218390805,0.01326565143824027,0,0.064454914387131718,0.064361042232490895,0.067537050131172074,0.033807265672748978,0.033955700646882254,0.028933650688706136,12.182266009852217,12.218274111675127,11.0,0.21100113457800862,0.21538151568696273,0.067178621500682878,197,2,6,1,2.955665024630542,0.1
1,13,0.0,10,0,100.0,0.1,0.1,0.1,1000,0.028942661247167517,4.0,4.0,4,211,2,0.0,7,0.109375,2,0.632,0.49781670616188722,105.5,6480.25,186,0.0,0.0,0.1,0.1,0.1,15.714067283556846,16.095112441080662,6.0450464113899773,0.082365288808334602,0.082178516885786757,0.087104626342986158,0.0032359209134445112,0.003221015256163313,0.0036141519669549223,0.012901527119536597,0.013409961685823753,0,0.064448219384528146,0.064326492064463364,0.067537050131172088,0.033817852119199306,0.034010332963750764,0.028933650688706136,12.184834123222748,12.231527093596059,11.0,0.20250811283708536,0.2081188482590535,0.060135701504643549,203,2,8,1,3.7914691943127963,0.1
1,13,0.0,10,0,100.0,0.1,0.1,0.1,1000,0.028942661247167517,4.0,4.0,4,216,0,0.0,5,0.078125,2,0.6343,0.50353419504846653,108.0,6724.0,190,0.0,0.0,0.1,0.1,0.1,15.701284384748966,16.129477621260836,5.852839944975992,0.082289810469819771,0.082080470649247339,0.087104626342986158,0.0032298972337034197,0.0032131905061707458,0.0036141519669549227,0.013106995884773662,0.013676865271068166,0,0.064399026894859379,0.064262591101976227,0.067537050131172088,0.033895637549388638,0.034111376108548745,0.028933650688706139,12.203703703703704,12.256038647342995,11.0,0.19782042503993064,0.2035947231201794,0.065011569194209237,207,2,9,1,4.166666666666666,0.1
1,13,0.0,10,0,100.0,0.1,0.1,0.1,1000,0.028942661247167517,4.0,4.0,4,216,1,0.0,6,0.09375,2,0.6343,0.50353419504846653,108.0,6724.0,190,0.0,0.0,0.1,0.1,0.1,15.585426377703786,16.06117227469236,5.7850608997391335,0.082289810469819785,0.082056081543937925,0.087104626342986172,0.0032298972337034197,0.0032112440913125702,0.0036141519669549227,0.013106995884773662,0.01374325782092772,0,0.064399026894859379,0.064246695669795656,0.067537050131172088,0.033895637549388638,0.034136510697965458,0.028933650688706136,12.203703703703704,12.262135922330097,11.0,0.19733885786071426,0.20407810279206989,0.058510412274788315,206,2,10,1,4.62962962962963,0.1
1,14,0.0,10,0,100.0,0.1,0.1,0.1,1000,0.021544346900318846,4.0,4.0,4,181,0,0.0,10,0.15625,6,0.518,0.31122707031238739,30.166666666666668,846.80555555555554,72,0.17233605243840602,nan,0.1,0.1,0.1,10.381694027462325,10.588360328568086,1.23671020353242,0.034428760847953301,0.034598797072918984,0.026904657893221773,0.0055061011220535984,0.005464450214043709,0.0073491538014911996,0.017237569060773478,0.01753923414940364,0.0038888888888888883,0.066327837829094807,0.066602175296260072,0.054188404907032139,0.053291727105714677,0.053443730567999413,0.046565573899615464,3.0386740331491713,3.0112994350282487,4.25,0.25996899410772845,0.2270576820262144,1.7162945537147247,177,6,4,2,2.209944751381215,0.1
1,14,0.0,10,0,100.0,0.1,0.1,0.1,1000,0.021544346900318846,4.0,4.0,4,182,0,0.0,9,0.140625,6,0.5109,0.30519933013831591,30.333333333333332,880.88888888888903,73,0.17416136174948074,0.0,0.1,0.1,0.1,10.061762516990743,10.194101617941913,2.1655294935710501,0.034142163909751423,0.034522915819064338,0.011423966654080471,0.0054939176423482476,0.0054360920256571622,0.0089441794382496952,0.017252747252747253,0.01754189944134078,0,0.066568918480349973,0.066756537091953519,0.055374341321337783,0.053252021911853423,0.053634915275845678,0.030406051193649128,3.0054945054945055,3.0,3.3333333333333335,0.22533129064062662,0.22372571783097706,0.32113046828305214,179,6,3,2,1.6483516483516485,0.1
1,14,0.0,10,0,100.0,0.1,0.1,0.1,1000,0.021544346900318846,4.0,4.0,4,183,0,0.0,5,0.078125,6,0.5101,0.30416055862160907,30.5,893.58333333333337,73,0.17418066514629987,0.0,0.1,0.1,0.1,9.7690308419355016,9.9964401573825636,1.6732592120201251,0.034023605718809163,0.034714683845206859,0.009421224419051303,0.0054955658163538257,0.0054140531830861732,0.008397415560682301,0.017158469945355189,0.017640449438202244,0,0.066559747146691564,0.066799277268032503,0.058032474826954152,0.053240448257590646,0.053775980123648384,0.034175513825934922,3.0,2.99438202247191,3.2000000000000002,0.22409997211253577,0.22221490103917094,0.29120850232432333,178,6,5,2,2.73224043715847,0.1
1,14,0.0,10,0,100.0,0.1,0.1,0.1,1000,0.021544346900318846,4.0,4.0,4,184,0,0.0,3,0.046875,6,0.5045,0.30324246758281481,30.666666666666668,923.55555555555554,75,0.18196031832904119,0.0,0.1,0.1,0.1,9.379182002827509,9.594558165017995,1.6687153964081418,0.034436312709120016,0.035135058192082826,0.009421224419051303,0.0054697132350814293,0.0053879338405115719,0.008397415560682301,0.017451690821256034,0.017939168218497826,0,0.066687125790089744,0.066928875816992958,0.058032474826954152,0.053405333397814496,0.053942479195911698,0.034175513825934922,3.0,2.994413407821229,3.2000000000000002,0.22109706970332835,0.22091613866060344,0.22757440103288054,179,6,5,2,2.717391304347826,0.1
1,14,0.0,10,0,100.0,0.1,0.1,0.1,1000,0.021544346900318846,4.0,4.0,4,189,1,0.0,6,0.09375,6,0.4993,0.2983307291741214,31.5,994.91666666666663,78,0.18636661516281752,0.0,0.1,0.1,0.1,9.7073417101367756,9.9534192264349652,2.2019774630419966,0.03458064430114545,0.0348920644026511,0.025082331205223286,0.0054523399107701941,0.0053428395097127254,0.0087921021430230218,0.017554379776601996,0.018044930176077712,0.0025925925925925921,0.066816073614519772,0.067362387682675384,0.050153494535773419,0.053513031557201649,0.054123405424307165,0.034896628610483704,2.9894179894179893,2.9508196721311477,4.166666666666667,0.21524794087519791,0.20006426457083831,0.67835006815816545,183,5,6,3,3.1746031746031744,0.1
1,14,0.0,10,0,100.0,0.1,0.1,0.1,1000,0.021544346900318846,4.0,4.0,4,194,0,0.0,4,0.0625,6,0.4971,0.29365751566532317,32.333333333333336,1057.5555555555554,82,0.19011375981045772,0.0,0.1,0.1,0.1,9.8876908163590969,10.138221575984307,2.0377270147691386,0.034922249948391867,0.035236289908280233,0.025082331205223286,0.0054366053303764204,0.0053295150065685503,0.0087921021430230218,0.017835051546391752,0.018321513002364061,0.0025925925925925921,0.06698088543022826,0.06751792982047683,0.050153494535773419,0.053611395442019399,0.054208675234515218,0.034896628610483704,2.9896907216494846,2.9521276595744679,4.166666666666667,0.20970031353305368,0.19643580278149278,0.62532165041529653,188,5,6,3,3.0927835051546393,0.1
1,14,0.0,10,0,100.0,0.1,0.1,0.1,1000,0.021544346900318846,4.0,4.0,4,198,0,0.0,5,0.078125,6,0.4833,0.23605834236282119,33.0,1164.3333333333333,86,0.19827457722241562,0.0,0.1,0.1,0.1,10.07248774392945,10.2894162415393,1.6990477361893155,0.035377329985009864,0.035625155583574299,0.025811261880422681,0.0053720664328609762,0.005298417304012551,0.0082149228064102939,0.018193041526374857,0.018583765112262517,0.0031111111111111105,0.067292948175060804,0.067695162928708058,0.051767458684276901,0.054031860605934325,0.054406670291939456,0.039564206726136406,2.9747474747474749,2.9430051813471501,4.2000000000000002,0.20225708834214595,0.18964506140797402,0.6890813280011806,193,5,5,3,2.525252525252525,0.1
1,14,0.0,10,0,100.0,0.1,0.1,0.1,1000,0.021544346900318846,4.0,4.0,4,198,1,0.0,7,0.109375,6,0.4776,0.23256625428933375,33.0,1191.0,87,0.20018303501256307,0.0,0.1,0.1,0.1,10.194391828000956,10.421122015390216,1.4426065947756939,0.035224916364443665,0.035893405793080778,0.009421224419051303,0.0053594056971554742,0.0052807007784112583,0.008397415560682301,0.018294051627384955,0.018767990788716174,0,0.067521806518175312,0.067767644126756177,0.058032474826954152,0.054006261306142403,0.054520011240862809,0.034175513825934922,2.9494949494949494,2.9430051813471501,3.2000000000000002,0.19215097029994579,0.18794333046920908,0.35456586776638388,193,5,5,2,2.525252525252525,0.1
1,14,0.0,10,0,100.0,0.1,0.1,0.1,1000,0.021544346900318846,4.0,4.0,4,198,0,0.0,7,0.109375,5,0.566,0.35606158713462177,39.6,1202.6400000000001,88,0.11876808568783283,0.18181818181818182,0.1,0.1,0.1,10.239298472351249,10.381366452943587,1.0048797338493789,0.035410531130464017,0.035856583746832579,0.0064171110665075517,0.0053214258056261581,0.0052867205142614667,0.007577269744331208,0.018473625140291803,0.018757834757834754,0,0.067693144258152135,0.06778042839927173,0.06201967508537868,0.054259522785356305,0.054481519939371573,0.039829707774363607,2.9444444444444446,2.9435897435897438,3.0,0.18573725985885978,0.18601570656696079,0.16763822383229546,195,5,3,1,1.5151515151515151,0.1
1,14,0.0,10,0,100.0,0.1,0.1,0.1,1000,0.021544346900318846,4.0,4.0,4,197,0,0.0,4,0.0625,5,0.5624,0.35669137916515115,39.4,1207.8399999999999,88,0.12297041964102642,0.0,0.1,0.1,0.1,9.7938200280934566,9.9722757064145888,1.1833335490987962,0.035557705851600854,0.036161656002587243,0.0064171110665075517,0.0053099748211657286,0.0052629842528099657,0.007577269744331208,0.018567399887196835,0.018952216465169831,0,0.067721943594054548,0.06784012532480431,0.062019675085378687,0.054332770577290281,0.054633352189786169,0.039829707774363607,2.9441624365482233,2.9430051813471501,3.0,0.18584649957595645,0.18621500998452592,0.16806587236247991,193,5,4,1,2.030456852791878,0.1
1,15,0.0,10,0,100.0,0.1,0.1,0.1,1000,0.016037187437513308,4.0,4.0,4,423,2,-4.547473508864641e-13,12,0.1875,5,0.2442,0.20420803717303604,84.6,22145.439999999995,382,0.39695034021374687,nan,0.1,0.1,0.1,6.6308858038849436,6.6466676084061858,3.3088159521632443,0.084287739896816288,0.084266097982271013,0.088843362908595985,0.00091762472252945068,0.00091162466910423782,0.0021806359685367705,0.012114762280010506,0.012003404592240694,0.035555555555555549,0.045891828905015114,0.046009985453902773,0.021019875364161413,0.082731524924569311,0.082865225718711591,0.054587507757620848,2.3475177304964538,2.3491686460807601,2.0,0.15593231645945624,0.14838991173123223,1.7436085117506133,421,5,2,1,0.4728132387706856,0.1
1,15,0.0,10,0,100.0,0.1,0.1,0.1,1000,0.016037187437513308,4.0,4.0,4,440,0,0.0,11,0.171875,5,0.2423,0.20080222083526067,88.0,24214.0,399,0.3970347830245734,0.0,0.1,0.1,0.1,6.52091780509783,6.5285699061605431,3.1616454385666519,0.084485624161516351,0.084475697649564002,0.088843362908595985,0.00091337244122951524,0.00091048573615592229,0.0021806359685367705,0.011646691919191918,0.011592229815236648,0.035555555555555549,0.045972168936144565,0.046029007873666164,0.021019875364161413,0.082893494830776474,0.082957973161239248,0.054587507757620848,2.334090909090909,2.334851936218679,2.0,0.14990765877806811,0.14627736070751568,1.7436085117506133,439,5,1,1,0.22727272727272727,0.1
1,15,0.0,10,0,100.0,0.1,0.1,0.1,1000,0.016037187437513308,4.0,4.0,4,455,3,-9.094947017729282e-13,9,0.140625,5,0.2396,0.19523780047234374,91.0,26278.799999999999,415,0.39708064781837249,0.0,0.1,0.1,0.1,6.4864697040096253,6.5003132224772955,3.3509127710824043,0.084649192247461993,0.084629425296709318,0.089126406592942048,0.00090686656924474638,0.00090427392353356173,0.0014941008228280632,0.011184590964590964,0.011155481972038262,0.017777777777777774,0.046097305370715713,0.046148527263499953,0.034495546655087028,0.08309742684182414,0.083151916154678804,0.070755597480246624,2.3230769230769233,2.3245033112582782,2.0,0.14113354142988871,0.13788103942177291,0.87782524626812464,453,5,2,2,0.43956043956043955,0.1
1,15,0.0,10,0,100.0,0.1,0.1,0.1,1000,0.016037187437513308,4.0,4.0,4,482,8,9.094947017729282e-13,9,0.140625,5,0.2382,0.19152833832395544,96.4,29722.640000000003,441,0.39716714609981302,0.0,0.1,0.1,0.1,6.4910557031346734,6.5169757294075836,3.3936125635216365,0.084735607932283422,0.084698864847256985,0.089126406592942034,0.00090092620463874933,0.00089596240030243707,0.0014941008228280632,0.010783978792070079,0.010725453277545328,0.017777777777777774,0.046159831929781389,0.046257441011577999,0.034495546655087028,0.08318810157466712,0.083292139265833814,0.070755597480246624,2.3319502074688798,2.3347280334728033,2.0,0.13322772064439703,0.12879544485484631,0.66288467749570701,478,5,4,2,0.8298755186721992,0.1
1,15,0.0,10,0,100.0,0.1,0.1,0.1,1000,0.016037187437513308,4.0,4.0,4,487,1,4.547473508864641e-13,6,0.09375,5,0.2377,0.1907119253628432,97.4,30415.840000000004,446,0.39718474275996846,0.0,0.1,0.1,0.1,6.4390325088832236,6.4582540898301781,3.3379507827745898,0.08478359399332043,0.084756090932404715,0.089220754487724055,0.00089996767766216412,0.00089770349524524479,0.0012652557742584942,0.010673260323979011,0.010665955004591368,0.01185185185185185,0.046178429322145165,0.046223001588075435,0.038987437085395565,0.083226454609864289,0.083270348167025915,0.076144960721121882,2.3285420944558521,2.330578512396694,2.0,0.13185987957001927,0.12900005557126415,0.5932448180358405,484,5,3,2,0.6160164271047228,0.1
1,15,0.0,10,0,100.0,0.1,0.1,0.1,1000,0.016037187437513308,4.0,4.0,4,489,0,0.0,5,0.078125,5,0.2365,0.18701275494629632,97.8,30872.159999999996,449,0.39716588352613585,0.0,0.1,0.1,0.1,6.3852677556771962,6.4038234654749822,3.3792427684358981,0.084803671293804339,0.084776405348162859,0.089220754487724055,0.00089678184066318048,0.00089450731020888831,0.0012652557742584942,0.010556896159963644,0.010548902606310013,0.01185185185185185,0.046240877010958227,0.046285651331486398,0.038987437085395565,0.083307703371891417,0.083351917832698658,0.076144960721121882,2.3271983640081801,2.3292181069958846,2.0,0.12775491378087681,0.12667535522760606,0.30264339941073831,486,5,3,2,0.6134969325153374,0.1
1,15,0.0,10,0,100.0,0.1,0.1,0.1,1000,0.016037187437513308,4.0,4.0,4,509,3,0.0,7,0.109375,5,0.234,0.17976497519829304,101.8,33931.360000000001,470,0.39720242915356729,0.0,0.1,0.1,0.1,6.3909611747001973,6.4148002103900961,2.3701104883374557,0.084985757083663613,0.084942910244383801,0.092212590642190617,0.0008905787098924655,0.00088209278402317799,0.0023218715398456353,0.010072233136869679,0.0097058519982433037,0.07186851851851854,0.046361816424087772,0.046408624635381777,0.038466831452499149,0.083513314091075833,0.083655393973656289,0.05954917389584103,2.3143418467583499,2.3122529644268774,2.6666666666666665,0.12102229584081228,0.11898578361161667,0.46451402516513812,506,5,3,2,0.5893909626719057,0.1
1,15,0.0,10,0,100.0,0.1,0.1,0.1,1000,0.016037187437513308,4.0,4.0,4,509,0,0.0,6,0.09375,5,0.234,0.17976497519829304,101.8,33931.360000000001,470,0.39720242915356729,0.0,0.1,0.1,0.1,6.3569162722834962,6.3806927405908311,2.3466186177793431,0.084985757083663613,0.084942910244383801,0.092212590642190617,0.0008905787098924655,0.00088209278402317799,0.0023218715398456353,0.010072233136869679,0.0097058519982433037,0.07186851851851854,0.046361816424087772,0.046408624635381777,0.038466831452499149,0.083513314091075833,0.083655393973656289,0.05954917389584103,2.3143418467583499,2.3122529644268774,2.6666666666666665,0.12102229584081228,0.11898578361161667,0.46451402516513812,506,5,3,2,0.5893909626719057,0.1
1,15,0.0,10,0,100.0,0.1,0.1,0.1,1000,0.016037187437513308,4.0,4.0,4,528,0,0.0,8,0.125,5,0.2344,0.17698197937191762,105.6,36413.839999999989,487,0.39709709469515742,0.0,0.1,0.1,0.1,6.3466573092636382,6.3697023569673146,2.3137739611201291,0.084913285255357601,0.084871574938861424,0.092212590642190617,0.00089298695812232119,0.00088482190336961657,0.0023218715398456353,0.010317950336700335,0.0099662328042328038,0.07186851851851854,0.046347399379227272,0.04639243119595144,0.038466831452499149,0.083504462700284429,0.083641350064881242,0.05954917389584103,2.3030303030303032,2.3009523809523809,2.6666666666666665,0.11666732686169215,0.11467963144281532,0.46451402516513812,525,5,3,2,0.5681818181818182,0.1
1,15,0.0,10,0,100.0,0.1,0.1,0.1,1000,0.016037187437513308,4.0,4.0,4,534,0,0.0,9,0.140625,5,0.234,0.14902552268805647,106.8,37343.360000000001,493,0.39697239842204146,0.0,0.1,0.1,0.1,6.3288921414006527,6.3403541777067076,3.2799904839898444,0.084833528553156595,0.084816325839907988,0.089409450277288097,0.00088618725038792012,0.00088648282021223793,0.00080756567711935581,0.010098928422804828,0.010136894319131161,0,0.04638328075859019,0.046377311069915682,0.047971217946012647,0.083631622953478452,0.083619246772089761,0.086923687202872399,2.2958801498127341,2.2969924812030076,2.0,0.11281448024313662,0.11317068892383091,0.018062971178454176,532,5,2,1,0.37453183520599254,0.1
1,16,0.0,10,0,100.0,0.1,0.1,0.1,1000,0.01193776641714437,4.0,4.0,4,162,0,0.0,1,0.015625,7,0.3042,0.22305334168677526,23.142857142857142,1224.9795918367349,106,0.44395051236456506,nan,0.1,0.1,0.1,10.942327016327763,11.228106303788746,5.4410757327038333,0.070763008656483495,0.071179531111628641,0.062744951394939269,0.0015284718401799605,0.0013389822244114574,0.0051761469437236482,0.022169821673525381,0.023220490620490621,0.0019444444444444442,0.044716157216849156,0.044812364054922213,0.042864175583942871,0.037052217740692318,0.037381258084874802,0.030718191115179413,6.8024691358024691,6.7077922077922079,8.625,0.67944320927080648,0.60798850360592549,2.0549462933197655,154,5,8,4,4.938271604938271,0.1
1,16,0.0,10,0,100.0,0.1,0.1,0.1,1000,0.01193776641714437,4.0,4.0,4,168,0,0.0,1,0.015625,7,0.2999,0.21928510494141562,24.0,1344.5714285714287,111,0.4462648640347841,0.0,0.1,0.1,0.1,10.743776955635022,11.084925955844911,5.8746503162757042,0.070778783787794355,0.070923378019424513,0.068715029754527271,0.00152877464179296,0.0013434181837473956,0.0041743168157160095,0.022026190476190477,0.023470346779900921,0.0014141414141414139,0.044874431958778792,0.044770438067087706,0.046358708412915346,0.037060351813583893,0.037435355201219787,0.031708030735507965,6.8392857142857144,6.7070063694267512,8.7272727272727266,0.65517738036827766,0.59262906336456134,1.5479124503304091,157,5,11,4,6.547619047619048,0.1
1,16,0.0,10,0,100.0,0.1,0.1,0.1,1000,0.01193776641714437,4.0,4.0,4,173,0,0.0,2,0.03125,6,0.3464,0.23839978362426539,28.833333333333332,1568.8055555555559,115,0.41209626557944784,0.15384615384615385,0.1,0.1,0.1,11.344006136696427,11.74576781789135,5.4271522863711787,0.071054174341315654,0.071240090704626155,0.068316133354379152,0.0014973925380688668,0.0013468986146083538,0.0037137575926691397,0.023175369299935775,0.024076851851851853,0.0098989898989898985,0.045087506737610077,0.044995171696923741,0.046447350064081599,0.037519310455289841,0.037740330006046256,0.034264295253240595,6.8612716763005777,6.7345679012345681,8.7272727272727266,0.56940782619360597,0.5466736024857678,0.90422093898176892,162,5,11,4,6.358381502890173,0.1
1,16,0.0,10,0,100.0,0.1,0.1,0.1,1000,0.01193776641714437,4.0,4.0,4,180,0,0.0,2,0.03125,6,0.3402,0.23391650938988673,30.0,1745.3333333333333,121,0.41369045203854482,0.0,0.1,0.1,0.1,10.757040138896691,11.030328151026941,4.8813478780963093,0.071482615993262388,0.071914529814124106,0.06219646884473562,0.0014899513548764065,0.0013479547661713923,0.0045428780120342028,0.022274104938271606,0.022677034883720932,0.01361111111111111,0.045329636321263793,0.045438639970890191,0.042986057854296461,0.037326986594991493,0.037470890398151012,0.034233054827061779,6.9055555555555559,6.8255813953488369,8.625,0.53776246741990585,0.51537818257968193,1.0190245914847216,172,5,8,4,4.444444444444445,0.1
1,16,0.0,10,0,100.0,0.1,0.1,0.1,1000,0.01193776641714437,4.0,4.0,4,184,0,0.0,3,0.046875,6,0.3348,0.23172564080873026,30.666666666666668,1868.8888888888889,125,0.4157961372522001,0.0,0.1,0.1,0.1,10.809682915458644,11.108645709652615,4.9965174727981125,0.071768542574135563,0.072132599109540743,0.064689665496812612,0.0014902300168942156,0.0013506087383118078,0.0042050882115521404,0.021789885265700484,0.022288285714285715,0.012098765432098764,0.045554589066964767,0.045614162644935084,0.044396213939764478,0.037262217387630463,0.03741734832943501,0.034245782408097586,6.9510869565217392,6.862857142857143,8.6666666666666661,0.52607197899773406,0.50606356344396786,0.9151245036542982,175,5,9,4,4.891304347826087,0.1
1,16,0.0,10,0,100.0,0.1,0.1,0.1,1000,0.01193776641714437,4.0,4.0,4,187,0,0.0,3,0.046875,6,0.3309,0.23013783390181441,31.166666666666668,1964.4722222222219,128,0.41724232542346945,0.0,0.1,0.1,0.1,10.986532420631903,11.292811211772294,4.9290185514108638,0.071974960159257917,0.072343317754550093,0.064689665496812612,0.0014904311900086774,0.0013531732507171535,0.0042050882115521404,0.021440314913844329,0.021912640449438203,0.012098765432098764,0.045716988107978848,0.04578376882434923,0.044396213939764478,0.037215458868947365,0.037365611049552126,0.034245782408097593,6.9839572192513373,6.8988764044943824,8.6666666666666661,0.51763232158065808,0.4965467278469069,0.9346585087592939,178,5,9,4,4.81283422459893,0.1
1,16,0.0,10,0,100.0,0.1,0.1,0.1,1000,0.01193776641714437,4.0,4.0,4,185,0,0.0,2,0.03125,5,0.3887,0.24002019591489998,37.0,2153.1999999999998,128,0.37253849582912246,0.18181818181818182,0.1,0.1,0.1,10.916526011580949,11.149049887471449,6.3693924386111451,0.072372832827148487,0.072203636834562851,0.075681554459934464,0.0013599422170130411,0.0013514732898423981,0.0015255567927945034,0.021672102102102103,0.022161647727272728,0.012098765432098764,0.045946353585421339,0.045671340485722418,0.051324387535089,0.037346520003062711,0.037399906594929033,0.036302515539899036,6.9405405405405407,6.875,8.2222222222222214,0.50860438086958126,0.50063957501968159,0.66436058415650856,176,5,9,2,4.864864864864865,0.1
1,16,0.0,10,0,100.0,0.1,0.1,0.1,1000,0.01193776641714437,4.0,4.0,4,197,0,0.0,2,0.03125,5,0.3929,0.23212323509681532,39.4,2399.0399999999995,135,0.36698946710064417,0.0,0.1,0.1,0.1,10.886039230914289,11.105227267252051,6.3074446940810276,0.072664249600567124,0.072519804155171869,0.075681554459934464,0.0013336917691858339,0.0013245067414598866,0.0015255567927945034,0.020351974055273548,0.020747074468085106,0.012098765432098764,0.04576382301556832,0.045497625777931684,0.051324387535089,0.036848709248408128,0.03687485681956016,0.036302515539899036,6.8883248730964466,6.8244680851063828,8.2222222222222214,0.47719739421249557,0.46823745426836727,0.66436058415650856,188,5,9,2,4.568527918781726,0.1
1,16,0.0,10,0,100.0,0.1,0.1,0.1,1000,0.01193776641714437,4.0,4.0,4,196,0,0.0,2,0.03125,5,0.3943,0.23265249546574229,39.2,2360.96,134,0.36648642947884541,0.0,0.1,0.1,0.1,10.884585847115842,11.082811285922718,6.2262880351542389,0.072603173125501505,0.072519804155171869,0.074562343928247704,0.0013328291261322121,0.0013245067414598868,0.0015284051659318616,0.020455810657596375,0.020747074468085106,0.01361111111111111,0.045713243221650247,0.045497625777931684,0.050780253149036544,0.0368614699942858,0.03687485681956016,0.036546879600338401,6.8775510204081636,6.8244680851063828,8.125,0.47791934416233661,0.46547437079011333,0.77037621840958459,188,5,8,2,4.081632653061225,0.1
1,16,0.0,10,0,100.0,0.1,0.1,0.1,1000,0.01193776641714437,4.0,4.0,4,198,0,0.0,4,0.0625,5,0.3959,0.23330490696504436,39.6,2393.0400000000004,135,0.36610330943409292,0.0,0.1,0.1,0.1,10.951960733980904,11.156364476653387,7.109170371738232,0.072953918013054869,0.072332571167290319,0.084635238713428596,0.0013253787034803982,0.0013159430064476727,0.0015027698076956375,0.020788159371492705,0.021893912529550828,0,0.045765927432292706,0.045238718113611007,0.055677462623508631,0.037012007316595243,0.037153730947457532,0.03434760305638411,6.8636363636363633,6.75,9.0,0.45045733389028386,0.46391195960108039,0.19751037052730952,188,5,10,1,5.05050505050505,0.1
1,17,0.0,10,0,100.0,0.1,0.1,0.1,1000,0.008886238162743407,4.0,4.0,4,156,0,0.0,6,0.09375,8,0.5043,0.44260147447332931,19.5,373.75,59,0.31452033818687497,0,0.1,0.1,0.1,6.8875781413211232,7.1176372110510764,3.1299466690652311,0.057786523492672326,0.059549574975801524,0.02899001593489527,0.0028558732935361421,0.0026020074447741215,0.0070023488233158142,0.042749287749287747,0.040181405895691608,0.084691358024691354,0.02906768573312055,0.028670235664879428,0.035559370181058883,0.018753387979147041,0.018139106302240325,0.02878665536862339,7.4615384615384617,7.4285714285714288,8.0,0.40002479721554923,0.3952705720792084,0.4776771411091168,147,7,9,2,5.769230769230769,0.1
1,17,0.0,10,0,100.0,0.1,0.1,0.1,1000,0.008886238162743407,4.0,4.0,4,162,0,0.0,6,0.09375,8,0.5041,0.43287411552282895,20.25,403.4375,61,0.31073679972216151,0.0,0.1,0.1,0.1,6.985521655915071,7.2249311552804327,2.9155601667039392,0.058259322570840898,0.059981046490602402,0.02899001593489527,0.0028084340141050802,0.0025617331429750368,0.0070023488233158142,0.043340192043895734,0.040907770515613652,0.084691358024691354,0.029091290759480845,0.028710815499388014,0.035559370181058883,0.018684043824332891,0.018089772557021683,0.02878665536862339,7.7530864197530862,7.738562091503268,8.0,0.38520906398534371,0.37976976533100415,0.4776771411091168,153,7,9,2,5.555555555555555,0.1
1,17,0.0,10,0,100.0,0.1,0.1,0.1,1000,0.008886238162743407,4.0,4.0,4,163,0,0.0,5,0.078125,8,0.4943,0.35395091218463581,20.375,424.734375,62,0.30846665646771138,0.0,0.1,0.1,0.1,7.1052524926059455,7.3211696210186439,2.9218581296099195,0.058690632004653964,0.059830036085983661,0.036614677928891344,0.0027646056988950185,0.0025667898261360327,0.0065972882336003732,0.043169734151329235,0.039777777777777773,0.10888888888888888,0.029129540890428914,0.028598770240551019,0.039413222231813129,0.018328293523234007,0.018601006570493277,0.01304447823258563,7.6993865030674851,7.6838709677419352,8.0,0.37850311250717206,0.3763359553973471,0.42049178151002997,155,8,8,1,4.9079754601226995,0.1
1,17,0.0,10,0,100.0,0.1,0.1,0.1,1000,0.008886238162743407,4.0,4.0,4,163,0,0.0,4,0.0625,8,0.4943,0.35395091218463581,20.375,424.734375,62,0.30846665646771138,0.0,0.1,0.1,0.1,7.0016586511668351,7.3159185566962579,2.6591581383966276,0.058690632004653964,0.060462433556090586,0.034207556021166097,0.0027646056988950185,0.0024313864734697762,0.0073690895411347348,0.043169734151329235,0.040562865497076016,0.079191919191919202,0.029129540890428914,0.02883172641486232,0.03324479546189462,0.018328293523234007,0.018083154246137541,0.021715672624930536,7.6993865030674851,7.7039473684210522,7.6363636363636367,0.37850311250717206,0.35386372438679065,0.71897465744335132,152,7,11,3,6.748466257668712,0.1
1,17,0.0,10,0,100.0,0.1,0.1,0.1,1000,0.008886238162743407,4.0,4.0,4,169,0,0.0,5,0.078125,8,0.4898,0.34634405001299806,21.125,464.859375,64,0.30499624790793017,0.0,0.1,0.1,0.1,7.1362598353939006,7.4213243095434951,2.603734696415366,0.059199389997900073,0.060786342587051428,0.03396684383039357,0.002723965084419831,0.0024269647958998102,0.0074462696718881711,0.042863247863247855,0.040765199161425569,0.076222222222222219,0.029082640167621281,0.028859664531314274,0.03262795278490277,0.018466755853297764,0.018207885651356427,0.022582792064165025,7.7514792899408285,7.7610062893081757,7.5999999999999996,0.36364335100984208,0.33828481828171181,0.76684402138711327,159,7,10,3,5.9171597633136095,0.1
1,17,0.0,10,0,100.0,0.1,0.1,0.1,1000,0.008886238162743407,4.0,4.0,4,174,0,0.0,4,0.0625,8,0.4937,0.3402251705673639,21.75,485.1875,64,0.29255521267803053,0.0,0.1,0.1,0.1,7.2897523629515986,7.6052616889181532,2.6144778054471871,0.059821292170465994,0.061549826511829796,0.034207556021166097,0.0027029741606874576,0.0023880829386940831,0.0073690895411347348,0.043448275862068966,0.041036128152692565,0.079191919191919202,0.029006405465662233,0.028720379146898088,0.03324479546189462,0.018703593373825156,0.018500324221910069,0.021715672624930536,7.833333333333333,7.8466257668711661,7.6363636363636367,0.35319382942909955,0.32703511699865473,0.74081838635296327,163,7,11,3,6.321839080459771,0.1
1,17,0.0,10,0,100.0,0.1,0.1,0.1,1000,0.008886238162743407,4.0,4.0,4,174,0,0.0,4,0.0625,8,0.4937,0.3402251705673639,21.75,485.1875,64,0.29255521267803053,0.0,0.1,0.1,0.1,7.1317791357788183,7.4489262443616839,2.4322356176872848,0.059821292170465994,0.061549826511829796,0.034207556021166097,0.0027029741606874576,0.0023880829386940831,0.0073690895411347348,0.043448275862068966,0.041036128152692565,0.079191919191919202,0.029006405465662233,0.028720379146898088,0.03324479546189462,0.018703593373825156,0.018500324221910069,0.021715672624930536,7.833333333333333,7.8466257668711661,7.6363636363636367,0.35319382942909955,0.32703511699865473,0.74081838635296327,163,7,11,3,6.321839080459771,0.1
1,17,0.0,10,0,100.0,0.1,0.1,0.1,1000,0.008886238162743407,4.0,4.0,4,173,0,0.0,3,0.046875,8,0.4905,0.34141807953788772,21.625,485.734375,64,0.29591051909518656,0.0,0.1,0.1,0.1,7.0052219676074179,7.2632578293155898,2.303235154258529,0.059955434449319028,0.061397782922909441,0.0336726400416716,0.0026804636747168628,0.0024137488246386337,0.0075406009428090372,0.043070006422607575,0.041449864498644989,0.072592592592592597,0.028946250455453269,0.028785579409610986,0.031874033957468281,0.018736305022040413,0.018467056868316629,0.023642604712118289,7.8323699421965314,7.8475609756097562,7.5555555555555554,0.35245759702110896,0.32650612859016126,0.82535102176282238,164,7,9,3,5.202312138728324,0.1
1,17,0.0,10,0,100.0,0.1,0.1,0.1,1000,0.008886238162743407,4.0,4.0,4,174,1,-2.2737367544323206e-13,3,0.046875,8,0.4879,0.34028746313113345,21.75,496.4375,65,0.29899395339947771,0.0,0.1,0.1,0.1,6.8860692819985934,7.137885064732842,2.2694465985373502,0.059813537247884539,0.061239404368223421,0.0336726400416716,0.0026833036935058397,0.002418360207180211,0.0075406009428090372,0.042822477650063855,0.0411986531986532,0.072592592592592597,0.028992869368705449,0.028835714936591116,0.031874033957468281,0.018665610353277282,0.018394137933704133,0.023642604712118289,7.8160919540229887,7.8303030303030301,7.5555555555555554,0.35043197864742442,0.32598355216237684,0.79865313087329659,165,7,9,3,5.172413793103448,0.1
1,17,0.0,10,0,100.0,0.1,0.1,0.1,1000,0.008886238162743407,4.0,4.0,4,174,0,0.0,1,0.015625,8,0.4879,0.34028746313113345,21.75,496.4375,65,0.29899395339947771,0.0,0.1,0.1,0.1,6.7569310682532873,7.045132950276483,2.0304202030728344,0.059813537247884539,0.06138955513919496,0.03396684383039357,0.0026833036935058397,0.0023928789387264292,0.0074462696718881711,0.042822477650063855,0.040785907859078589,0.076222222222222219,0.028992869368705449,0.028771217940888542,0.03262795278490277,0.018665610353277282,0.018426757809930465,0.022582792064165025,7.8160919540229887,7.8292682926829267,7.5999999999999996,0.35043197864742442,0.32504100043158973,0.76684402138711327,164,7,10,3,5.747126436781609,0.1
1,17,0.0,10,0,100.0,0.1,0.1,0.1,1000,0.008886238162743407,4.0,4.0,4,172,0,0.0,1,0.015625,7,0.5476,0.5058862995615665,24.571428571428573,498.81632653061234,65,0.26886608450823679,0.13333333333333333,0.1,0.1,0.1,6.6705715451801941,6.9682709178819655,1.8478417074114624,0.060282773861901805,0.061679572373489901,0.037654637974174732,0.0026271947299366036,0.0023415229006725673,0.007255078364013989,0.042687338501291978,0.041289437585733876,0.065333333333333327,0.028972529999532072,0.028810270116252659,0.031601140108658651,0.018319113069144796,0.01845825123047496,0.016065074855596179,7.8139534883720927,7.8580246913580245,7.0999999999999996,0.34759733268420789,0.3156514884408983,0.86512000942582312,162,7,10,3,5.813953488372093,0.1
1,18,0.0,10,0,100.0,0.1,0.1,0.1,1000,0.006614740641230152,4.0,4.0,4,73,0,0.0,4,0.0625,4,0.5929,0.28411616770004,18.25,228.6875,37,0.026278646401669891,nan,0.1,0.1,0.1,11.33987515448969,12.013458030741875,2.1791480374599952,0.039667258946932279,0.039699053656969921,0.039234850890420378,0.0020825392704960383,0.0019789873345423584,0.0034908455994660859,0.010083713850837138,0.0082352941176470577,0.035222222222222217,0.022919730691306539,0.022952749373119564,0.022470676618649293,0.047595052381710475,0.047502174905180994,0.048858186062511508,14.013698630136986,14.352941176470589,9.4000000000000004,1.2298927381660312,0.75905708363976265,7.6332576397232801,68,3,5,4,6.8493150684931505,0.1
1,18,0.0,10,0,100.0,0.1,0.1,0.1,1000,0.006614740641230152,4.0,4.0,4,73,0,0.0,5,0.078125,4,0.5929,0.28411616770004,18.25,228.6875,37,0.026278646401669891,0.0,0.1,0.1,0.1,11.870630501245406,12.590467442558525,2.0808480993869418,0.039667258946932279,0.039699053656969921,0.039234850890420378,0.0020825392704960383,0.0019789873345423584,0.0034908455994660859,0.010083713850837138,0.0082352941176470577,0.035222222222222217,0.022919730691306539,0.022952749373119564,0.022470676618649293,0.047595052381710475,0.047502174905180994,0.048858186062511508,14.013698630136986,14.352941176470589,9.4000000000000004,1.2298927381660312,0.75905708363976265,7.6332576397232801,68,3,5,4,6.8493150684931505,0.1
1,18,0.0,10,0,100.0,0.1,0.1,0.1,1000,0.006614740641230152,4.0,4.0,4,73,0,0.0,5,0.078125,4,0.5929,0.28411616770004,18.25,228.6875,37,0.026278646401669891,0.0,0.1,0.1,0.1,11.511640831948993,12.091592072409606,1.5074819340034686,0.039667258946932279,0.039207730038600334,0.04759413261565832,0.0020825392704960383,0.0019857244517685712,0.003752594893544845,0.010083713850837138,0.008115942028985506,0.04402777777777777,0.022919730691306539,0.022987401437905366,0.021752410312476701,0.047595052381710475,0.047676328524011241,0.046193038927022465,14.013698630136986,14.202898550724637,10.75,1.2298927381660312,0.80569190860842921,8.5473570480346623,69,3,4,3,5.47945205479452,0.1
1,18,0.0,10,0,100.0,0.1,0.1,0.1,1000,0.006614740641230152,4.0,4.0,4,73,0,0.0,4,0.0625,4,0.5929,0.28411616770004,18.25,228.6875,37,0.026278646401669891,0.0,0.1,0.1,0.1,11.183360424850264,11.86963014367285,1.8500922488630933,0.039667258946932279,0.039699053656969921,0.039234850890420378,0.0020825392704960383,0.0019789873345423584,0.0034908455994660859,0.010083713850837138,0.0082352941176470577,0.035222222222222217,0.022919730691306539,0.022952749373119564,0.022470676618649293,0.047595052381710475,0.047502174905180994,0.048858186062511508,14.013698630136986,14.352941176470589,9.4000000000000004,1.2298927381660312,0.75905708363976265,7.6332576397232801,68,3,5,4,6.8493150684931505,0.1
1,18,0.0,10,0,100.0,0.1,0.1,0.1,1000,0.006614740641230152,4.0,4.0,4,73,0,0.0,4,0.0625,4,0.5929,0.28411616770004,18.25,228.6875,37,0.026278646401669891,0.0,0.1,0.1,0.1,10.847038039341308,11.516812767351091,1.7381017384082589,0.039667258946932279,0.039699053656969921,0.039234850890420378,0.0020825392704960383,0.0019789873345423584,0.0034908455994660859,0.010083713850837138,0.0082352941176470577,0.035222222222222217,0.022919730691306539,0.022952749373119564,0.022470676618649293,0.047595052381710475,0.047502174905180994,0.048858186062511508,14.013698630136986,14.352941176470589,9.4000000000000004,1.2298927381660312,0.75905708363976265,7.6332576397232801,68,3,5,4,6.8493150684931505,0.1
1,18,0.0,10,0,100.0,0.1,0.1,0.1,1000,0.006614740641230152,4.0,4.0,4,71,0,0.0,2,0.03125,3,0.7518,0.57237756297731179,23.666666666666668,184.88888888888891,37,-0.18412476945135955,0.2857142857142857,0.1,0.1,0.1,10.799218834303119,11.1742538787248,2.2984244940782612,0.039465021464864733,0.039699053656969921,0.03416029177714703,0.0020197111022373757,0.0019789873345423584,0.0029427831699910963,0.008106416275430359,0.0082352941176470577,0.0051851851851851842,0.02300284155524053,0.022952749373119564,0.024138264349982411,0.04786205512366444,0.047502174905180994,0.056019340075955826,14.253521126760564,14.352941176470589,12.0,0.83354881396121272,0.75905708363976265,2.5220280345807464,68,3,3,3,4.225352112676056,0.1
1,18,0.0,10,0,100.0,0.1,0.1,0.1,1000,0.006614740641230152,4.0,4.0,4,71,0,0.0,3,0.046875,3,0.7518,0.57237756297731179,23.666666666666668,184.88888888888891,37,-0.18412476945135955,0.0,0.1,0.1,0.1,10.743287750310603,11.119029881495814,2.2264661101125518,0.039465021464864733,0.039699053656969921,0.03416029177714703,0.0020197111022373757,0.0019789873345423584,0.0029427831699910963,0.008106416275430359,0.0082352941176470577,0.0051851851851851842,0.02300284155524053,0.022952749373119564,0.024138264349982411,0.04786205512366444,0.047502174905180994,0.056019340075955826,14.253521126760564,14.352941176470589,12.0,0.83354881396121272,0.75905708363976265,2.5220280345807464,68,3,3,3,4.225352112676056,0.1
1,18,0.0,10,0,100.0,0.1,0.1,0.1,1000,0.006614740641230152,4.0,4.0,4,71,0,0.0,2,0.03125,3,0.7518,0.57237756297731179,23.666666666666668,184.88888888888891,37,-0.18412476945135955,0.0,0.1,0.1,0.1,10.51367750522464,10.756630279210492,2.1318068027127048,0.039465021464864733,0.039550966860918808,0.036499905300999044,0.0020197111022373757,0.0020244452428392762,0.0018563832514718059,0.008106416275430359,0.008115942028985506,0.0077777777777777767,0.02300284155524053,0.023002073502530539,0.023029339373735296,0.04786205512366444,0.047875236970783074,0.047407281398071544,14.253521126760564,14.27536231884058,13.5,0.83354881396121272,0.78398071300430394,2.5436482969745651,69,3,2,2,2.8169014084507045,0.1
1,18,0.0,10,0,100.0,0.1,0.1,0.1,1000,0.006614740641230152,4.0,4.0,4,73,0,0.0,3,0.046875,3,0.7498,0.56277239048315408,24.333333333333332,197.55555555555554,38,-0.18729969748660785,0.0,0.1,0.1,0.1,11.042199926986845,11.308747499844383,1.5797610905442268,0.03938378540558074,0.039131453285428469,0.04834157567098625,0.0020152363665999627,0.0019820810376757047,0.0031922505434111214,0.0080974124809741251,0.008106416275430359,0.0077777777777777767,0.023003567522870524,0.022988582788210435,0.02353552560330378,0.047849595569538605,0.047668749731731255,0.054269622811699871,14.232876712328768,14.183098591549296,16.0,0.81071186015405616,0.78299636188706501,1.7946120486322408,71,3,2,2,2.73972602739726,0.1
1,18,0.0,10,0,100.0,0.1,0.1,0.1,1000,0.006614740641230152,4.0,4.0,4,73,0,0.0,3,0.046875,3,0.7498,0.56277239048315408,24.333333333333332,197.55555555555554,38,-0.18729969748660785,0.0,0.1,0.1,0.1,10.818775210403709,11.198686535689856,1.9541776203937011,0.03938378540558074,0.039607649418227898,0.03416029177714703,0.0020152363665999627,0.0019754843607403426,0.0029427831699910963,0.0080974124809741251,0.008222222222222221,0.0051851851851851842,0.023003567522870524,0.022954937658851444,0.024138264349982411,0.047849595569538605,0.047499463662120732,0.056019340075955826,14.232876712328768,14.328571428571429,12.0,0.81071186015405616,0.73736973839291231,2.5220280345807464,70,3,3,3,4.10958904109589,0.1
1,19,0.0,10,0,100.0,0.1,0.1,0.1,1000,0.004923882631706742,4.0,4.0,4,70,0,0.0,2,0.03125,7,0.5319,0.47948304198907854,10.0,88.0,31,0.37656251749355885,nan,0.1,0.1,0.1,8.0996252891016862,10.365127286820462,2.4358702948047481,0.040407309037684906,0.033465536873294309,0.057761739448661406,0.0037668278023226462,0.0033822210377293348,0.0047283447138059247,0.015269841269841268,0.016577777777777775,0.011999999999999997,0.015089796619770076,0.015472604960708266,0.014132775767424607,0.044498241853647459,0.042012210798855525,0.050713319490627309,12.0,11.220000000000001,13.949999999999999,1.652536366106468,0.86372477287590554,3.6245653491828747,50,6,20,6,28.57142857142857,0.1
1,19,0.0,10,0,100.0,0.1,0.1,0.1,1000,0.004923882631706742,4.0,4.0,4,69,0,0.0,2,0.03125,6,0.6034,0.66256646537587605,11.5,86.916666666666671,31,0.36233066356693244,0.15384615384615385,0.1,0.1,0.1,7.9164008198914892,10.024801870541104,2.3679770023924966,0.040845463410203786,0.032190841276300161,0.063620784815213327,0.003811845120785346,0.0034589579467715868,0.0047404955787162945,0.014975845410628017,0.016577777777777775,0.010760233918128654,0.014887765915983011,0.01457252657078191,0.015717343140196436,0.043938250318281337,0.04200425217526467,0.049027719115693626,12.086956521739131,11.380000000000001,13.947368421052632,1.396847937888398,0.88955387469993252,2.7318323147001506,50,5,19,5,27.536231884057973,0.1
1,19,0.0,10,0,100.0,0.1,0.1,0.1,1000,0.004923882631706742,4.0,4.0,4,69,0,0.0,2,0.03125,6,0.6034,0.66256646537587605,11.5,86.916666666666671,31,0.36233066356693244,0.0,0.1,0.1,0.1,7.6420948533722202,10.406917323322116,2.112449913472433,0.040845463410203786,0.031403905585097334,0.05972857906041671,0.003811845120785346,0.003316794953698029,0.0048019454549599839,0.014975845410628017,0.016473429951690818,0.011980676328502415,0.014887765915983011,0.014834663927228653,0.014993969893491726,0.043938250318281337,0.041772573977181017,0.048269603000481956,12.086956521739131,11.065217391304348,14.130434782608695,1.396847937888398,0.89250017518274216,2.4055434632997104,46,5,23,5,33.33333333333333,0.1
1,19,0.0,10,0,100.0,0.1,0.1,0.1,1000,0.004923882631706742,4.0,4.0,4,69,0,0.0,2,0.03125,6,0.5584,0.6101027552885252,11.5,104.58333333333333,33,0.36979286558000285,0.0,0.1,0.1,0.1,8.6482481986906006,11.379294306537833,1.957185234464879,0.038701817940705041,0.030430062251177649,0.058967619380047166,0.003765480892831843,0.0033901331683829005,0.004685082817731754,0.015201288244766501,0.016099773242630382,0.012999999999999998,0.015153133470743154,0.01470304079794095,0.016255860519108555,0.04405441600679099,0.042681023859448365,0.047419226767780445,12.101449275362318,11.285714285714286,14.1,1.3454509898919511,0.92296284832156261,2.3805469367394037,49,5,20,5,28.985507246376812,0.1
1,19,0.0,10,0,100.0,0.1,0.1,0.1,1000,0.004923882631706742,4.0,4.0,4,69,0,0.0,1,0.015625,6,0.5584,0.6101027552885252,11.5,104.58333333333333,33,0.36979286558000285,0.0,0.1,0.1,0.1,8.4003488153603811,11.273517513630276,1.8331060764577678,0.038701817940705041,0.030793951155160881,0.056776942021948842,0.003765480892831843,0.0032989121759559119,0.0048319236742625444,0.015201288244766501,0.016435185185185181,0.012380952380952378,0.015153133470743154,0.014910851524071409,0.015706920777421435,0.04405441600679099,0.041950735795602816,0.048862827918078292,12.101449275362318,11.020833333333334,14.571428571428571,1.3454509898919511,0.80318552401658116,2.5849149118927972,48,5,21,5,30.434782608695656,0.1
1,19,0.0,10,0,100.0,0.1,0.1,0.1,1000,0.004923882631706742,4.0,4.0,4,70,1,1.1368683772161603e-13,2,0.03125,6,0.5488,0.6041120591994289,11.666666666666666,111.8888888888889,34,0.37492669250387267,0.0,0.1,0.1,0.1,9.0660190057799639,12.162907652000573,1.8399454979318766,0.038388434816789579,0.031808355807429634,0.053741952505296113,0.0037529398556183481,0.0032122152506460894,0.0050146306005536207,0.015206349206349201,0.016417233560090699,0.012380952380952378,0.015174705367610461,0.015865060385779593,0.013563876991882492,0.04408290231554117,0.04204248381607717,0.048843878814290524,12.071428571428571,10.836734693877551,14.952380952380953,1.3262302614649233,0.77745886456050251,2.6066968542419051,49,6,21,5,30.0,0.1
1,19,0.0,10,0,100.0,0.1,0.1,0.1,1000,0.004923882631706742,4.0,4.0,4,69,0,0.0,1,0.015625,6,0.5416,0.60848333570570001,11.5,111.91666666666667,34,0.3833993943126936,0.0,0.1,0.1,0.1,8.9132391198269705,12.052598177982111,1.7375612726152214,0.037937284472246195,0.03087315124696588,0.05408387470145834,0.0037722734197670671,0.0031972219151852627,0.0050866768588111967,0.014911433172302735,0.016759259259259255,0.010687830687830687,0.015128139242509026,0.015159498197150068,0.015056461631900933,0.044553636378340068,0.041290602601754239,0.052011999296250548,12.159420289855072,10.729166666666666,15.428571428571429,1.3321092106023824,0.78580980939428768,2.5807935562208852,48,5,21,5,30.434782608695656,0.1
1,19,0.0,10,0,100.0,0.1,0.1,0.1,1000,0.004923882631706742,4.0,4.0,4,72,0,0.0,1,0.015625,6,0.5461,0.59363188651107923,12.0,119.66666666666667,35,0.37061135038527532,0.0,0.1,0.1,0.1,8.9308068423278826,11.925969366840116,1.6568407113696044,0.038520461736558001,0.03211199757454021,0.05408387470145834,0.003722393362646226,0.0031606295701077092,0.0050866768588111967,0.015493827160493825,0.017472766884531588,0.010687830687830687,0.015240004305330512,0.015315580700272101,0.015056461631900933,0.043659081551244511,0.040219644832712606,0.052011999296250548,11.958333333333334,10.529411764705882,15.428571428571429,1.2766046601606165,0.73958570295932946,2.5807935562208852,51,5,21,5,29.166666666666668,0.1
1,19,0.0,10,0,100.0,0.1,0.1,0.1,1000,0.004923882631706742,4.0,4.0,4,72,1,2.2737367544323206e-13,3,0.046875,6,0.5059,0.52012546269705773,12.0,140.66666666666666,37,0.37412869231425699,0.0,0.1,0.1,0.1,9.4809696597788395,11.942878420276546,1.5159707287568411,0.036466134828288359,0.030857612082813835,0.05461135547541187,0.003677960977524119,0.0033182692047458973,0.0048416696541595415,0.015709876543209874,0.016767676767676765,0.012287581699346403,0.015494314878642316,0.014979585456438993,0.017159615950476586,0.043770407002732929,0.04179579097372764,0.050158870625985293,11.972222222222221,11.0,15.117647058823529,1.1780938431674264,0.86776877224303306,2.1820867196875229,55,5,17,5,23.61111111111111,0.1
1,19,0.0,10,0,100.0,0.1,0.1,0.1,1000,0.004923882631706742,4.0,4.0,4,74,0,0.0,4,0.0625,6,0.5042,0.51073249969644485,12.333333333333334,149.55555555555554,38,0.36981785353704244,0.0,0.1,0.1,0.1,9.5900620373670247,11.934996384163222,1.7276351098739031,0.036646547506671179,0.031261716956392897,0.054701567587016012,0.0036502665216078438,0.0033530371266533984,0.0046468591988080383,0.015975975975975974,0.016803118908382063,0.013202614379084964,0.015549210885315015,0.015079939818817719,0.017122649167100074,0.043366486672952599,0.042471920764940975,0.046365913540991593,11.864864864864865,10.666666666666666,15.882352941176471,1.1462534690277661,0.96793169556805136,1.7441558859221045,57,5,17,4,22.972972972972975,0.1
1,20,0.0,10,0,100.0,0.1,0.1,0.1,1000,0.00366524123707963,4.0,4.0,4,55,0,0.0,0,0.0,7,0.446,0.33418269410628565,7.857142857142857,76.693877551020393,25,0.28740468456930857,nan,0.1,0.1,0.1,9.9492116987762511,11.568413723955901,0.43639980084580426,0.070286014188889329,0.072495435992850715,0.057305661090616272,0.0017433354835987992,0.0016167633659292257,0.0024869466749075442,0.033252525252525249,0.035555555555555556,0.019722222222222217,0.013495195873861644,0.01043306291226489,0.031485227023242593,0.034823500255834069,0.034653810118580534,0.035820429812198587,2.6909090909090909,2.5531914893617023,3.5,3.3280785846790284,2.2609095494344627,9.5976966667408483,47,3,8,5,14.545454545454545,0.1
1,20,0.0,10,0,100.0,0.1,0.1,0.1,1000,0.00366524123707963,4.0,4.0,4,55,0,0.0,1,0.015625,7,0.446,0.33418269410628565,7.857142857142857,76.693877551020393,25,0.28740468456930857,0.0,0.1,0.1,0.1,10.825145514904451,12.334898553567101,0.47255324978914753,0.070286014188889329,0.072707050689495845,0.053684621041873437,0.0017433354835987992,0.0015900941129050519,0.0027941334540702101,0.033252525252525249,0.035555555555555556,0.017460317460317457,0.013495195873861644,0.010594347238206445,0.033386729375497325,0.034823500255834069,0.035052650713694983,0.033252182830502124,2.6909090909090909,2.5833333333333335,3.4285714285714284,3.3280785846790284,2.3906041792889838,9.7564745073536177,48,3,7,5,12.727272727272727,0.1
1,20,0.0,10,0,100.0,0.1,0.1,0.1,1000,0.00366524123707963,4.0,4.0,4,54,0,0.0,1,0.015625,7,0.4441,0.33858661698361459,7.714285714285714,74.489795918367349,25,0.29903668820474461,0.0,0.1,0.1,0.1,10.764150135914011,12.298660482088957,0.46100924016795281,0.070056997017724026,0.072495435992850715,0.053684621041873437,0.0017693854143919457,0.0016167633659292257,0.0027941334540702101,0.033209876543209872,0.035555555555555556,0.017460317460317457,0.013408538194535758,0.01043306291226489,0.033386729375497325,0.034472117692348155,0.034653810118580534,0.033252182830502124,2.6666666666666665,2.5531914893617023,3.4285714285714284,3.2325568587943532,2.2609095494344627,9.7564745073536177,47,3,7,5,12.962962962962962,0.1
1,20,0.0,10,0,100.0,0.1,0.1,0.1,1000,0.00366524123707963,4.0,4.0,4,53,0,0.0,2,0.03125,7,0.4292,0.31254886207694943,7.571428571428571,76.244897959183689,25,0.29688434160741239,0.0,0.1,0.1,0.1,11.732946719478322,12.897995470534198,0.54847870934190079,0.07040060283299969,0.072707050689495845,0.048258703410636684,0.0016603684667138273,0.0015900941129050519,0.0023350022632780713,0.033836477987421384,0.035555555555555556,0.017333333333333329,0.012869123013852762,0.010594347238206445,0.034706970460057419,0.035043393769610312,0.035052650713694983,0.034954527106397508,2.6603773584905661,2.5833333333333335,3.3999999999999999,3.2042955214766984,2.3906041792889838,11.01573240647876,48,3,5,5,9.433962264150944,0.1
1,20,0.0,10,0,100.0,0.1,0.1,0.1,1000,0.00366524123707963,4.0,4.0,4,55,0,0.0,3,0.046875,6,0.4613,0.29611277423349669,9.166666666666666,98.1388888888889,28,0.27854202818354018,0.15384615384615385,0.1,0.1,0.1,11.957142577853491,13.101485432440452,0.51371403198388044,0.070695783889811598,0.071825633376167972,0.05939728902624801,0.0016970690057639061,0.0016516874616556479,0.0021508844468464891,0.033898989898989894,0.035555555555555556,0.017333333333333329,0.0124091089634002,0.010395105404012206,0.032549144557280169,0.033810907307155788,0.033925194676721671,0.032668033611496949,2.6363636363636362,2.52,3.7999999999999998,2.8553621881955902,2.125254976468395,10.156434305467533,50,3,5,4,9.090909090909092,0.1
1,20,0.0,10,0,100.0,0.1,0.1,0.1,1000,0.00366524123707963,4.0,4.0,4,55,0,0.0,3,0.046875,6,0.4613,0.29611277423349669,9.166666666666666,98.1388888888889,28,0.27854202818354018,0.0,0.1,0.1,0.1,11.675281475832453,12.795391279423024,0.4741834399267314,0.070695783889811598,0.071825633376167972,0.05939728902624801,0.0016970690057639061,0.0016516874616556479,0.0021508844468464891,0.033898989898989894,0.035555555555555556,0.017333333333333329,0.0124091089634002,0.010395105404012206,0.032549144557280169,0.033810907307155788,0.033925194676721671,0.032668033611496949,2.6363636363636362,2.52,3.7999999999999998,2.8553621881955902,2.125254976468395,10.156434305467533,50,3,5,4,9.090909090909092,0.1
1,20,0.0,10,0,100.0,0.1,0.1,0.1,1000,0.00366524123707963,4.0,4.0,4,55,0,0.0,2,0.03125,6,0.4613,0.29611277423349669,9.166666666666666,98.1388888888889,28,0.27854202818354018,0.0,0.1,0.1,0.1,11.45989971218401,12.55894692855038,0.46942754852026736,0.070695783889811598,0.071825633376167972,0.05939728902624801,0.0016970690057639061,0.0016516874616556479,0.0021508844468464891,0.033898989898989894,0.035555555555555556,0.017333333333333329,0.0124091089634002,0.010395105404012206,0.032549144557280169,0.033810907307155788,0.033925194676721671,0.032668033611496949,2.6363636363636362,2.52,3.7999999999999998,2.8553621881955902,2.125254976468395,10.156434305467533,50,3,5,4,9.090909090909092,0.1
1,20,0.0,10,0,100.0,0.1,0.1,0.1,1000,0.00366524123707963,4.0,4.0,4,55,0,0.0,1,0.015625,6,0.4613,0.29611277423349669,9.166666666666666,98.1388888888889,28,0.27854202818354018,0.0,0.1,0.1,0.1,11.298664582883303,12.148000555999504,0.46963092565177716,0.070695783889811598,0.072037933534121856,0.053583375924856,0.0016970690057639061,0.001625902202030417,0.0026044457533658913,0.033898989898989894,0.035555555555555556,0.012777777777777775,0.0124091089634002,0.010547646681530782,0.036142753057235334,0.033810907307155788,0.034314860637650151,0.027385502343352745,2.6363636363636362,2.5490196078431371,3.75,2.8553621881955902,2.2499804040366906,10.57397993622155,51,3,4,4,7.2727272727272725,0.1
1,20,0.0,10,0,100.0,0.1,0.1,0.1,1000,0.00366524123707963,4.0,4.0,4,53,0,0.0,1,0.015625,5,0.5285,0.30702083701921445,10.6,100.23999999999998,28,0.23152446109327185,0.18181818181818182,0.1,0.1,0.1,12.210165143948798,12.905680768917218,0.61823806114183322,0.070825835541503915,0.071825633376167972,0.054162538297103151,0.0016123560840549758,0.0016516874616556479,0.00095683312404377724,0.034507337526205446,0.035555555555555556,0.017037037037037035,0.011742051691675791,0.010395105404012206,0.034191156486068887,0.033992589766264923,0.033925194676721671,0.035115841258652476,2.6037735849056602,2.52,4.0,2.7137407704089798,2.125254976468395,12.521837336085383,50,3,3,3,5.660377358490567,0.1
1,20,0.0,10,0,100.0,0.1,0.1,0.1,1000,0.00366524123707963,4.0,4.0,4,52,0,0.0,0,0.0,4,0.6365,0.36406282422902092,13.0,96.5,28,0.15159604860939671,0.22222222222222221,0.1,0.1,0.1,12.223880946414379,12.693478273946038,0.48394775812289542,0.070801662507277652,0.071825633376167972,0.045202390785019871,0.0015986021526227577,0.0016516874616556479,0.0002714694268004983,0.03517094017094017,0.035555555555555556,0.02555555555555555,0.011571426866539374,0.010395105404012206,0.040979463429718532,0.034088071790826187,0.033925194676721671,0.038159999643439003,2.6153846153846154,2.52,5.0,2.4066831816530927,2.125254976468395,9.4423883112705305,50,3,2,2,3.8461538461538463,0.1
