1 , 1050 , 1,1,2,5,1,1,3,1,1
1 , 1100 , 1,5,1,4,3,1,1,3,2,2
1 , 1150 , 1,26,1,1,1,1,1,1,4,10
1 , 1200 , 76,7,1,1,2,5,1
1 , 1250 , 3,2,1,2,1,1,1
1 , 1300 , 1,3,1,7,3,1,4,2,1,1,2
1 , 1350 , 15,3,1,5,1
1 , 1400 , 2,1,2,3,1,1,2
1 , 1450 , 1,1,1,3,1,2,8
1 , 1500 , 1,2,1,1,1,3
1 , 1550 , 1,2,5,2,2,1
1 , 1600 , 4,1,3,1,2,1
1 , 1650 , 3,1,1,1,4,3
1 , 1700 , 12,3,2,1,2,1,6,2,2
1 , 1750 , 5,5,2,1,1,5,1,58
1 , 1800 , 1,1,1,1,1,6,2,1,1,1,3,21
1 , 1850 , 7,2,1,1,1,1,1,1,1
1 , 1900 , 2,1,2,1,3,1,3,3,1
1 , 1950 , 1,1,2,1,5,17,6
1 , 2000 , 1,2,1,2,2,1,1,1,2
3 , 1050 , 1,3,2,6,2
3 , 1100 , 4,2,9,30,1
3 , 1150 , 1,1,1,1,3
3 , 1200 , 8,2,1
3 , 1250 , 152,1,25,7,1,1
3 , 1300 , 25
3 , 1350 , 24,6
3 , 1400 , 9,1,2
3 , 1450 , 5,4,1
3 , 1500 , 1,2,8
3 , 1550 , 1,1,30
3 , 1600 , 1,1,1
3 , 1650 , 1,1,4
3 , 1700 , 17,2,1,1
3 , 1750 , 29,1,2,1
3 , 1800 , 95,17
3 , 1850 , 118,2
3 , 1900 , 168,1
3 , 1950 , 85,1,1,1
3 , 2000 , 1,1,2,3,1,33
5 , 1400 , 1
6 , 1050 , 207
6 , 1100 , 5,69
6 , 1150 , 166
6 , 1200 , 93
6 , 1250 , 111,1
6 , 1300 , 181
6 , 1350 , 141
6 , 1400 , 153
6 , 1450 , 108
6 , 1500 , 108,1
6 , 1550 , 151
6 , 1600 , 104,1
6 , 1650 , 258
6 , 1700 , 147
6 , 1750 , 187
6 , 1800 , 252,1
6 , 1850 , 192
6 , 1900 , 84
6 , 1950 , 164,5
6 , 2000 , 171
7 , 1050 , 4,1,2
7 , 1100 , 1,8,2,1,22
7 , 1150 , 1,1,1
7 , 1200 , 1,1,2,9,10
7 , 1250 , 1
7 , 1300 , 1,1
7 , 1350 , 8,1,1,1,3,2
7 , 1400 , 79,32,1,2,1,1
7 , 1450 , 1,2
7 , 1500 , 11,1,2,1
7 , 1550 , 1,1
7 , 1600 , 1,1,15,3
7 , 1650 , 1,1
7 , 1700 , 1,1,1,1
7 , 1750 , 3
7 , 1800 , 1,2
7 , 1850 , 2,2
7 , 1900 , 2,1,40,1,1
7 , 1950 , 1
7 , 2000 , 5,1,3,1,1,12
8 , 1050 , 1,1,1
8 , 1100 , 1,1,2,1,1,2
8 , 1150 , 1,1,5,3,1
8 , 1200 , 1,2,2,1,1,3
8 , 1250 , 5,7
8 , 1300 , 16,4,1,1
8 , 1350 , 2,3,214,2,3
8 , 1400 , 1105,1,1,1,1,2
8 , 1450 , 1,1745,1,1,1,2,1,1,1,1
8 , 1500 , 6,281,2,7
8 , 1550 , 1,4,1,13
8 , 1600 , 24,59,5,12
8 , 1650 , 21,12,1,451,3
8 , 1700 , 18,22,391,2
8 , 1750 , 1,2,3
8 , 1800 , 1
8 , 1850 , 1,6,4,5,1,1,2,1
8 , 1900 , 2,1,4,1,25
8 , 1950 , 1,7,4,1,3,1,1038
8 , 2000 , 4,22,3,1,3,1612,3
9 , 1200 , 2
9 , 1250 , 1
9 , 1500 , 1
9 , 1950 , 2
9 , 2000 , 1
10 , 1050 , 3,3,2
10 , 1100 , 1,3,1,1,1,43,1,1
10 , 1150 , 3,3,5
10 , 1200 , 1,2
10 , 1250 , 1
10 , 1300 , 5,3,1,1
10 , 1350 , 2
10 , 1400 , 1,1,1,3,6
10 , 1450 , 1,1,1,278
10 , 1500 , 1
10 , 1600 , 1,2,1,10
10 , 1650 , 1,2,70,2
10 , 1750 , 1
10 , 1800 , 1,1,3
10 , 1850 , 80,6
10 , 1900 , 1,1,1
10 , 1950 , 8,1
10 , 2000 , 8,1,2,1,3
11 , 1050 , 6
11 , 1100 , 1
11 , 1200 , 6
11 , 1250 , 25
11 , 1300 , 8
11 , 1350 , 3
11 , 1450 , 1
11 , 1550 , 12
11 , 1600 , 3
11 , 1650 , 2
11 , 1700 , 1
11 , 1800 , 1
12 , 1050 , 107,1
12 , 1100 , 1,1
12 , 1150 , 1,6
12 , 1500 , 1
12 , 1550 , 1
12 , 1600 , 1,1,4
12 , 1650 , 3
12 , 1900 , 1,5
12 , 2000 , 35
14 , 1050 , 1
14 , 1100 , 2
14 , 1200 , 2
14 , 1300 , 2
14 , 1350 , 4
14 , 1450 , 1
14 , 1500 , 1,2
14 , 1600 , 35,2
14 , 1650 , 40
14 , 1700 , 23
14 , 1750 , 5,24
14 , 1800 , 5
14 , 1850 , 1,1
14 , 2000 , 1,8,3,1
15 , 1050 , 1
15 , 1100 , 1
15 , 1150 , 2,1,2
15 , 1250 , 1
15 , 1300 , 1,1,1
15 , 1350 , 1,1,4,2,2
15 , 1400 , 1
15 , 1500 , 3,1,1
15 , 1550 , 3,2,1,1
15 , 1600 , 1
15 , 1700 , 2
15 , 1750 , 1,1,1,1
15 , 1800 , 1,1
15 , 1850 , 1,2
15 , 1900 , 1,10
15 , 1950 , 1,8
15 , 2000 , 2,1
16 , 1050 , 3,2,3,1
16 , 1100 , 4,31,1,1
16 , 1150 , 1,9,1,1
16 , 1200 , 1,1
16 , 1250 , 1,1,1,6
16 , 1300 , 82,1,1
16 , 1350 , 22,1,3
16 , 1400 , 44,1,1
16 , 1450 , 67,2
16 , 1500 , 1,4,4
16 , 1550 , 1,1,1,2
16 , 1600 , 1,2,1,16
16 , 1650 , 3,1,5,1,2,1
16 , 1700 , 7,5,3,3,1
16 , 1750 , 1,1,1,1,2
16 , 1800 , 9,2,1,3
16 , 1850 , 2,31,2
16 , 1900 , 1,7,4,5
16 , 1950 , 2,3
16 , 2000 , 3,1,4,1,2
17 , 1150 , 1
17 , 1250 , 15
17 , 1300 , 2,2
18 , 1050 , 16,1,1
18 , 1100 , 5,3
18 , 1150 , 3,1
18 , 1200 , 1
18 , 1450 , 2
18 , 1500 , 1
18 , 1600 , 1
18 , 1650 , 1
18 , 1750 , 3
18 , 1800 , 1
18 , 1850 , 1
18 , 1900 , 1
18 , 1950 , 11
18 , 2000 , 2,9
19 , 1100 , 1,7
19 , 1200 , 1,1
19 , 1300 , 4
19 , 1350 , 7,1,4
19 , 1400 , 2
19 , 1450 , 1,2,33,1
19 , 1500 , 1,2,1
19 , 1550 , 1,1,1,2
19 , 1600 , 1,1
19 , 1650 , 1,12
19 , 1700 , 8,5
19 , 1750 , 2,1,1,4,1,1,1,1
19 , 1800 , 19,6
19 , 1850 , 1,39,1,3
19 , 1900 , 3,58,2,1,8,18
19 , 1950 , 17,3,3,13,27
19 , 2000 , 43,4,3,2,3
20 , 1750 , 1
20 , 1800 , 2
20 , 1850 , 1
20 , 1900 , 1
20 , 1950 , 1
20 , 2000 , 1
21 , 1050 , 6,4,1,1
21 , 1100 , 1,3,1
21 , 1150 , 1,4
21 , 1200 , 1,14
21 , 1250 , 62,1
21 , 1300 , 1,1,1,1
21 , 1350 , 1,1,1
21 , 1400 , 7,8
21 , 1450 , 1,3,1
21 , 1500 , 1,6,2
21 , 1600 , 1,3
21 , 1650 , 1
21 , 1700 , 1
21 , 1750 , 2,1,15
21 , 1800 , 1,2,1,4,3,19
21 , 1850 , 44,7,4,1
21 , 1900 , 332,1,2
21 , 1950 , 519,1,2,2
21 , 2000 , 1
22 , 1050 , 6
22 , 1100 , 41,1
22 , 1150 , 1
22 , 1200 , 11,8,1,1
22 , 1250 , 3,96,22
22 , 1300 , 31,1,1,3,337,1,1
22 , 1350 , 1,1,1,1
22 , 1400 , 1,1,1,2
22 , 1450 , 87
22 , 1500 , 608,1,1,1
22 , 1550 , 490,4,1,3
22 , 1600 , 1,17,4,367
22 , 1650 , 2,564,3
22 , 1700 , 1
22 , 1750 , 2,1,1
22 , 1800 , 4
22 , 1850 , 1,3,1
22 , 1900 , 1,1
22 , 1950 , 1,1
22 , 2000 , 7
23 , 1550 , 1
23 , 1600 , 1
23 , 1650 , 3
23 , 1800 , 1
23 , 1850 , 2,2
23 , 1900 , 4
24 , 1200 , 1
24 , 1250 , 1
24 , 1300 , 1,3
24 , 1350 , 1
24 , 1400 , 2,1
24 , 1450 , 1,2,3
24 , 1500 , 3,4
24 , 1550 , 3
24 , 1600 , 1,1
24 , 1650 , 1
24 , 1750 , 3
24 , 1800 , 2
24 , 1850 , 1,3,1
24 , 1900 , 1,13
24 , 1950 , 2
24 , 2000 , 6,1,1,3
26 , 1350 , 1,1
26 , 1450 , 2
26 , 1500 , 2
26 , 1800 , 3
26 , 1850 , 1,2,8
26 , 1900 , 7
27 , 1050 , 84
27 , 1100 , 105
27 , 1400 , 5
27 , 1600 , 2
27 , 1700 , 1,59
27 , 1750 , 88
27 , 1800 , 4,26
27 , 1850 , 33,28
27 , 1900 , 8,17,1,1
27 , 1950 , 2,8,1
27 , 2000 , 53,43
28 , 1050 , 1,4,4
28 , 1100 , 4
28 , 1150 , 1,1
28 , 1200 , 1,1,1,3,62
28 , 1250 , 1,1,2,9,1
28 , 1300 , 1,1,47,2,2
28 , 1350 , 9
28 , 1400 , 6,1
28 , 1450 , 9,2
28 , 1500 , 5,1,1,1,1,1,29,24,1
28 , 1550 , 1
28 , 1600 , 1,1
28 , 1650 , 1,1
28 , 1700 , 2,1,3
28 , 1750 , 1,3,1,1,3,1,1
28 , 1800 , 6,5,1,18,1
28 , 1850 , 43,3
28 , 1900 , 11,1,4,3,1
28 , 1950 , 1,3,2,1,1,1,1
28 , 2000 , 66,1,2,21,9
30 , 1050 , 18
30 , 1100 , 30
30 , 1150 , 21
30 , 1200 , 38
30 , 1250 , 100
30 , 1300 , 31
30 , 1350 , 14
30 , 1400 , 20
30 , 1450 , 36
30 , 1500 , 3,19
30 , 1550 , 4
30 , 1600 , 6
30 , 1650 , 2,38
30 , 1700 , 34
30 , 1750 , 1,16
30 , 1800 , 1,57,2
30 , 1850 , 37
30 , 1900 , 51
30 , 1950 , 4,26
30 , 2000 , 32,1
31 , 1050 , 2,5
31 , 1150 , 1
31 , 1200 , 1
31 , 1300 , 1,13
31 , 1550 , 2,8,1
31 , 1600 , 12
31 , 1650 , 2,3
31 , 1700 , 1
31 , 1850 , 1,1
31 , 1900 , 6
31 , 1950 , 2
31 , 2000 , 1
32 , 1050 , 11
32 , 1400 , 1
32 , 1600 , 7
32 , 1650 , 1,3
32 , 1800 , 1,3
32 , 1850 , 13
32 , 1900 , 1,32,1
32 , 1950 , 1,24,1
32 , 2000 , 17,2
34 , 1050 , 1,1,3,1,1,2,2,1
34 , 1100 , 1,1,8
34 , 1150 , 2,5,3,1,1,14,1
34 , 1200 , 4,1,1,2,2,2,1
34 , 1250 , 2,3,1,1,1
34 , 1300 , 3,1,2,1,1,1
34 , 1350 , 3,3,7
34 , 1400 , 1,2,1,1
34 , 1450 , 1,2
34 , 1500 , 1,7,2,1,2
34 , 1550 , 1,3,1,1,5,1,1,1
34 , 1600 , 1,2,1
34 , 1650 , 3,6,1
34 , 1700 , 1,9,2,1,1,1,1,3
34 , 1750 , 2,2,1
34 , 1800 , 21,2,1,1,1
34 , 1850 , 1,2,2,2,2
34 , 1900 , 1,1,1,1,1
34 , 1950 , 3,1,1,2
34 , 2000 , 1,2,1,1
35 , 1050 , 1
35 , 1100 , 1
35 , 1150 , 1
35 , 1200 , 1
35 , 1250 , 1
35 , 1300 , 1
35 , 1650 , 3
35 , 1700 , 14
35 , 1750 , 5
35 , 1800 , 1
35 , 1850 , 1
36 , 1050 , 2
36 , 1100 , 1
37 , 1050 , 1,1
37 , 1150 , 1
37 , 1200 , 1,1
37 , 1250 , 4
37 , 1300 , 11
37 , 1350 , 5,1
37 , 1400 , 1
37 , 1500 , 5,4
37 , 1550 , 1,3,1
37 , 1600 , 2
37 , 1650 , 6
37 , 1750 , 1,5,1,1
37 , 1800 , 1,1,1
37 , 1850 , 1
37 , 1900 , 1,1
37 , 1950 , 2,1
38 , 1250 , 4
38 , 1300 , 1
39 , 1050 , 6
39 , 1100 , 5
39 , 1150 , 6,1,10
39 , 1200 , 1,1
39 , 1250 , 1
39 , 1300 , 1
39 , 1750 , 1
39 , 1850 , 4
40 , 1050 , 1,1
40 , 1100 , 3
40 , 1150 , 1,4
40 , 1200 , 1
40 , 1350 , 1,1
40 , 1450 , 3,24
40 , 1500 , 5,2,2
40 , 1550 , 3,2
40 , 1600 , 8
40 , 1650 , 1,1,1,4
40 , 1700 , 1,1,3
40 , 1750 , 1
40 , 1800 , 1,9,1,1,2,1
40 , 1850 , 1,1
40 , 1900 , 1
40 , 1950 , 14,1
40 , 2000 , 4,36
42 , 1050 , 1,247
42 , 1100 , 178
42 , 1150 , 1,91
42 , 1200 , 1
42 , 1650 , 1
42 , 1700 , 1
42 , 1750 , 1
42 , 1800 , 1
42 , 1850 , 2
42 , 1900 , 94
42 , 1950 , 183,76
42 , 2000 , 2,463,29
43 , 1050 , 7,1,1,1,2
43 , 1100 , 6,2,1,1
43 , 1150 , 1,5,2,10,4
43 , 1200 , 7,12,4,1
43 , 1250 , 1
43 , 1300 , 3,2,2
43 , 1350 , 10,2,1
43 , 1400 , 2,2,1
43 , 1450 , 1
43 , 1500 , 5,4,21,2
43 , 1550 , 10,1,2,45,13
43 , 1600 , 1,1,1,1,1
43 , 1650 , 4
43 , 1750 , 1
43 , 1800 , 6,1,1
43 , 1850 , 10,2,1,2
43 , 1900 , 5,1,1,1
43 , 1950 , 4
43 , 2000 , 9,1,2
44 , 1250 , 1
44 , 1300 , 9
44 , 1350 , 3
44 , 1500 , 4
44 , 2000 , 6
45 , 1100 , 1
45 , 1150 , 1,4
45 , 1300 , 1
45 , 1350 , 1
45 , 1400 , 1
45 , 1450 , 1,3
45 , 1850 , 1
46 , 1100 , 1
46 , 1150 , 10
46 , 1200 , 5,1
46 , 1350 , 1
46 , 1450 , 1
46 , 1500 , 2,1
46 , 1550 , 2,8,9,2
46 , 1600 , 1,1,123,2
46 , 1650 , 1,58
46 , 1700 , 2,30
46 , 1750 , 30
46 , 1800 , 1,23
46 , 1900 , 1,2,1,2
46 , 1950 , 1
48 , 1050 , 2,266
48 , 1100 , 1,1,125
48 , 1150 , 3,216
48 , 1200 , 3,195
48 , 1250 , 2,172
48 , 1300 , 2,228
48 , 1350 , 2,120
48 , 1400 , 118
48 , 1450 , 295
48 , 1500 , 157
48 , 1550 , 62
48 , 1650 , 4
48 , 1700 , 6
48 , 1750 , 4,4
49 , 1050 , 1
49 , 1200 , 2,3,1
49 , 1250 , 1,2,2,1
49 , 1300 , 1,2,1
49 , 1350 , 1
49 , 1400 , 1,1
49 , 1450 , 18
49 , 1500 , 2,145
49 , 1550 , 2,1,1,1
49 , 1600 , 5,1,1
49 , 1650 , 1,130,12
49 , 1700 , 1
49 , 1750 , 1,1
49 , 1800 , 1,1,1
49 , 1850 , 3
49 , 1900 , 6,1
49 , 1950 , 4,2
49 , 2000 , 1
51 , 1050 , 1,1
51 , 1150 , 4,1
51 , 1200 , 1
51 , 1250 , 3,37,5,5,5,1,1
51 , 1300 , 1,1,1,50,1
51 , 1350 , 1,1
51 , 1400 , 1
51 , 1450 , 1,1
51 , 1500 , 1,1
51 , 1550 , 1,1,2
51 , 1600 , 3,57,3,1,3,1
51 , 1650 , 1,106,1,4
51 , 1700 , 1,2,1,12
51 , 1750 , 1,1,32
51 , 1800 , 2,1
51 , 1850 , 12,2
51 , 1900 , 57,5,1
51 , 1950 , 3,2
51 , 2000 , 49,2,2
52 , 1250 , 1
52 , 1350 , 1
52 , 1600 , 26
52 , 1650 , 8,1
53 , 1050 , 1,1,1
53 , 1100 , 3,2,1
53 , 1150 , 6,2,1
53 , 1200 , 4,1
53 , 1250 , 2
53 , 1300 , 1,2,1
53 , 1350 , 3
53 , 1400 , 1,1
53 , 1450 , 1,1
53 , 1500 , 5,1
53 , 1550 , 1,4,2,1
53 , 1600 , 1
53 , 1700 , 1,3,1
53 , 1750 , 2
53 , 1800 , 2
53 , 1850 , 1,2
53 , 1900 , 2,1,3
53 , 1950 , 1
53 , 2000 , 1
54 , 1150 , 9
54 , 1350 , 1
54 , 1400 , 31
54 , 1450 , 1
54 , 1850 , 1
55 , 1250 , 1,1
55 , 1350 , 4
55 , 1400 , 1,15
55 , 1450 , 3
55 , 1500 , 1
55 , 1600 , 1
55 , 1700 , 6,1,3,1
55 , 1800 , 2
55 , 1850 , 1,4,9
55 , 2000 , 1
56 , 1050 , 51
56 , 1100 , 34
56 , 1150 , 71
56 , 1200 , 23
56 , 1250 , 55
56 , 1300 , 117
56 , 1350 , 47
56 , 1400 , 28,1
56 , 1450 , 4
56 , 1500 , 22
56 , 1550 , 51
56 , 1600 , 14
56 , 1650 , 55,1
56 , 1700 , 32
56 , 1750 , 58
56 , 1800 , 37
56 , 1850 , 37
56 , 1900 , 23
56 , 1950 , 28
56 , 2000 , 57
57 , 1650 , 3
58 , 1100 , 1,1
58 , 1300 , 1,1
58 , 1350 , 28
58 , 1400 , 17
58 , 1450 , 4,3,2
58 , 1500 , 1,5
58 , 1550 , 1,58
58 , 1900 , 30
58 , 1950 , 1,86
58 , 2000 , 1,88
59 , 1050 , 1,1
59 , 1100 , 4
59 , 1150 , 3,3,1
59 , 1200 , 3,1
59 , 1300 , 1
59 , 1350 , 1
59 , 1400 , 1
59 , 1450 , 1
59 , 1500 , 2
59 , 1550 , 1,96
59 , 1600 , 171
59 , 1750 , 1,1,2,3
59 , 1800 , 2,1,6
59 , 1850 , 3,1
59 , 1950 , 1
59 , 2000 , 1,1,6,3
60 , 1050 , 80
60 , 1100 , 1,18
60 , 1150 , 1,52
60 , 1200 , 3,26
60 , 1250 , 1,38
60 , 1300 , 5,3,26
60 , 1350 , 4
60 , 1400 , 2,8,3
60 , 1450 , 13
60 , 1500 , 12
60 , 1700 , 3
60 , 1750 , 4,1,41
60 , 1800 , 158,1,11
60 , 1850 , 116,2,1,10
60 , 1900 , 62,7
60 , 1950 , 13
60 , 2000 , 23
62 , 1050 , 1
62 , 1150 , 1
62 , 1200 , 4
62 , 1250 , 1,2
64 , 1050 , 2,5,2,2,1,1,1,2,12
64 , 1100 , 12,15,8,6,1
64 , 1150 , 2,2,2,1,2,1,1,4
64 , 1200 , 1,1,5,1
64 , 1250 , 1,1,5,24,1,2,1,1
64 , 1300 , 1,1,3,2,2,1,4,1,1,13
64 , 1350 , 4,1,1,1,1,1,2,7,4,1,9
64 , 1400 , 1,2,1,3,1,4,1
64 , 1450 , 2,5,19,4,3,5,1,1,1,4,1
64 , 1500 , 2,2,1,1,11,2,1,4,188,1
64 , 1550 , 4,2,1,3,5,2,2,1,4,1,1
64 , 1600 , 1,1,1,1,1,1,6
64 , 1650 , 3,1,3,3,1,1,1,1,1,5,1,122
64 , 1700 , 2,2,1,1,1,8,1
64 , 1750 , 1,1,1,4,1,1,1
64 , 1800 , 8,1,3,1,4,2,2,4
64 , 1850 , 1,1,1,2
64 , 1900 , 1,2,1,8,26,1,1,1
64 , 1950 , 1,1,8,2,1,3,1
64 , 2000 , 6,4,1,3,1,9,1,2,1,1
65 , 1250 , 1
65 , 1600 , 1
66 , 1650 , 1
67 , 1050 , 2,1,1
67 , 1100 , 1,6,1,1
67 , 1150 , 1,3,5
67 , 1200 , 1,6,2,2,6,5,3
67 , 1250 , 1,2,1,2,4
67 , 1300 , 1,6,2,16
67 , 1350 , 7,1,2
67 , 1400 , 16,17,1,3
67 , 1450 , 3,10,2,69,1,1,1,43
67 , 1500 , 1,1,2,71,1,12,1,59,1
67 , 1550 , 4,2,1
67 , 1600 , 1,20,1,50,16,1
67 , 1650 , 27,16,629,14
67 , 1700 , 1,11,2,1,1,365,2,4,2
67 , 1750 , 1,1,10,15
67 , 1800 , 1,401
67 , 1850 , 1,2,2,775,1
67 , 1900 , 1,1,1
67 , 1950 , 1
69 , 1050 , 5
69 , 1700 , 1
69 , 1750 , 11,4
69 , 1800 , 10
69 , 1850 , 5
69 , 1900 , 1,8
69 , 1950 , 2
69 , 2000 , 2
70 , 1050 , 1,1,1,6,230
70 , 1100 , 7,262,2
70 , 1150 , 2,4,2,215,1
70 , 1200 , 8,1,5,5,1
70 , 1250 , 6,8,8
70 , 1300 , 1,1,4
70 , 1350 , 1,1,88,1
70 , 1400 , 1,394,1
70 , 1450 , 30,1
70 , 1500 , 1,277
70 , 1550 , 1,8,2,527
70 , 1600 , 2,10,1
70 , 1650 , 6
70 , 1700 , 1
70 , 1750 , 1,1,1
70 , 1800 , 2,4
70 , 1900 , 7,1
70 , 1950 , 1,3,2,1
70 , 2000 , 2
71 , 1150 , 34,2
71 , 1200 , 156,12
71 , 1250 , 66,1
71 , 1300 , 24
71 , 1350 , 31
71 , 1400 , 28
71 , 1450 , 16
71 , 1500 , 5
71 , 1550 , 19
71 , 1600 , 30
71 , 1650 , 25
71 , 1700 , 23
71 , 1750 , 34
71 , 1800 , 87
71 , 1850 , 46
71 , 1900 , 10
71 , 1950 , 1
73 , 1050 , 19
73 , 1100 , 2,25
73 , 1200 , 2,1
73 , 1250 , 1
73 , 1300 , 2
73 , 1350 , 7,1
73 , 1450 , 17,9,1
73 , 1500 , 1,11
73 , 1550 , 1,5,1,4
73 , 1600 , 4,2,136,3,1,1
73 , 1650 , 142,5
73 , 1700 , 131,6
73 , 1750 , 71,13,1
73 , 1800 , 38,1,16,4,3
73 , 1850 , 1,4,19
73 , 1900 , 2,1,36,8
73 , 1950 , 21,11,1,8
73 , 2000 , 19,51,3
74 , 1050 , 1,12,1,2,5
74 , 1100 , 1,2,5,1,3,1
74 , 1150 , 1,2,1,1,3,1,1,1,3
74 , 1200 , 1,1,1,1
74 , 1250 , 1,1,1,7
74 , 1300 , 2,2,1,2
74 , 1350 , 1,2,1,7,4,5
74 , 1400 , 1,1,1,10,4
74 , 1450 , 3,1,1
74 , 1500 , 3,3,1
74 , 1550 , 1,4,1,1
74 , 1600 , 1,2,1,2,1,1,2
74 , 1650 , 4,1,9,2
74 , 1700 , 1,1,1,2,2
74 , 1750 , 1,2,1,1,1,1
74 , 1800 , 3,4,1,1,3,4,2
74 , 1850 , 2,1,1,2
74 , 1900 , 1,1,2,1,2,1
74 , 1950 , 5,1,2,1
74 , 2000 , 1,5,3,3,1,5,1
75 , 1050 , 4,18,1,4,1,73,9,1,1,1
75 , 1100 , 2,56,2,52,1,1,1,1,1,5,2
75 , 1150 , 4,2,1,2,1,345,6,1
75 , 1200 , 1,1,14,16,3,10,1,1,9
75 , 1250 , 2,3,2,1,1,1,1,1
75 , 1300 , 1,2,1,4
75 , 1350 , 2,1,4,2,1
75 , 1400 , 21,6,3,1,2,1,1,2
75 , 1450 , 234,16,1,2,1,1,1,1
75 , 1500 , 18,2,7,2,3,2
75 , 1550 , 1,1,1,8,257
75 , 1600 , 1,2,1,1,3,33,1,1,1
75 , 1650 , 2,1,2,13,6,3,3,7,1,1,1,2,33
75 , 1700 , 3,2,1,1,1,2,2,1,1
75 , 1750 , 2,1,1,1,1,16
75 , 1800 , 3,1,207,1,1,4,1,1,1,1
75 , 1850 , 2,3,1,2,7,1,1,1,1,2,1,1
75 , 1900 , 9,2,2,27,10,5,8,4,1,1,7
75 , 1950 , 1,19,1,6,2,1,2,1
75 , 2000 , 6,9,1,2,1,9,5,1,1
76 , 1050 , 1
76 , 1300 , 1
76 , 1550 , 2
76 , 1600 , 1
76 , 2000 , 2
77 , 1050 , 2,25,1,1,1
77 , 1100 , 4
77 , 1150 , 5,3
77 , 1200 , 1,1
77 , 1250 , 2,3,1,4,97
77 , 1300 , 2,1,336
77 , 1350 , 1,2
77 , 1500 , 12
77 , 1600 , 4,4,2
77 , 1650 , 1,1,5,1,78,43
77 , 1700 , 1,8,3,1
77 , 1750 , 1,2,1
77 , 1800 , 3,1,4,58
77 , 1850 , 1,6,1,2,2,170
77 , 1900 , 5
77 , 1950 , 1,1
77 , 2000 , 6
80 , 1050 , 1,9,1,3,5,12,5
80 , 1100 , 6,1,1,1,1,163,4
80 , 1150 , 7,2,2,5,303,3
80 , 1200 , 2,1,1,1,6,3
80 , 1250 , 46,3,1,1,1,11,1,6
80 , 1300 , 1,1,1,1,1,1
80 , 1350 , 1,6,2,1,1,1,2,2,1
80 , 1400 , 1,1,1,5,1,1,2,2
80 , 1450 , 1,1,4,1
80 , 1500 , 2,2,1
80 , 1550 , 1,2,1,7,1
80 , 1600 , 1,3,1,1,26,1,5
80 , 1650 , 2,3,2,85,1,1
80 , 1700 , 2,3,16,1,1,1,1,1
80 , 1750 , 2,1,106,1,1,416,2
80 , 1800 , 1,1,8,1,2,1,874,1
80 , 1850 , 1,1,1,1,14,4,1
80 , 1900 , 3,1,3,2,9
80 , 1950 , 1,1,1,1,1,2,1,1,1
80 , 2000 , 5,6,3,4,1,1,107,2
81 , 1500 , 1
81 , 1700 , 1
81 , 1750 , 10
81 , 1800 , 68
81 , 1850 , 27
81 , 1900 , 10
81 , 1950 , 3
81 , 2000 , 1
82 , 1050 , 4,1
82 , 1300 , 1
82 , 1550 , 1,2
82 , 1600 , 1
82 , 1650 , 1
82 , 1700 , 1,1
82 , 1750 , 1
82 , 1950 , 3,3
83 , 1250 , 1
83 , 1300 , 9
83 , 1350 , 7
83 , 1400 , 2
83 , 1650 , 2
86 , 1050 , 1,1,3,4,2,2
86 , 1100 , 1,2,1,1,2,1,1
86 , 1150 , 4,1,18,2,1,1,2,11,15,3
86 , 1200 , 2,2,3,1
86 , 1250 , 1,5,2,1,1,1,3,1
86 , 1300 , 1,2,1,1,4,1,7
86 , 1350 , 3,33,1,2,1,1
86 , 1400 , 1,30,19,1,1,1
86 , 1450 , 1,5,2,2,1,2,1,1,1
86 , 1500 , 11,1,2,8,1,1
86 , 1550 , 1,14,1,1,1,1
86 , 1600 , 1,1,1,4,1,1,2,6,11,1,1
86 , 1650 , 1,2,1,3,2,1,1,3
86 , 1700 , 2,4,2,1,2,3,2,1
86 , 1750 , 1,1,4,1,2
86 , 1800 , 1,53,7,2,1,1,1,1
86 , 1850 , 6,1,1,1,2,6,3,1,2
86 , 1900 , 1,5,1,1,2,1,1,1,12
86 , 1950 , 1,10,2,1,2
86 , 2000 , 26,1,1,1,1,2,1,6,19,21,3,1,57,1,1,3,1
87 , 1050 , 27
87 , 1100 , 61
87 , 1150 , 15
87 , 1200 , 14
87 , 1250 , 38
87 , 1300 , 19
87 , 1350 , 59
87 , 1400 , 58,2
87 , 1450 , 17
87 , 1500 , 28
87 , 1550 , 13
87 , 1600 , 52
87 , 1650 , 4,34
87 , 1700 , 30,2
87 , 1750 , 6
87 , 1800 , 1,89
87 , 1850 , 21
87 , 1900 , 29
87 , 1950 , 67
87 , 2000 , 13
89 , 1050 , 11,1,1,1
89 , 1150 , 1,1,1,5
89 , 1200 , 1,2,1,2
89 , 1250 , 4,1,1,2
89 , 1300 , 9,2,1
89 , 1350 , 3,2,2,1,8
89 , 1400 , 1,4,1,1
89 , 1450 , 1,1,14,1
89 , 1500 , 4,6,1,6,2,1,1
89 , 1550 , 5,2
89 , 1600 , 1,1,1,1,2
89 , 1700 , 3,1,1
89 , 1750 , 1,2
89 , 1800 , 10,1
89 , 1850 , 3,1
89 , 1900 , 2
89 , 1950 , 3,27
89 , 2000 , 2
90 , 1550 , 1
92 , 1050 , 48,1,6,1,1,26,1,1
92 , 1100 , 5,1,10,314,3,2
92 , 1150 , 2,1,1,4,1,7,1
92 , 1200 , 1,1,1
92 , 1250 , 1,2,10,1,1,4,1,1
92 , 1300 , 4,24,1,1
92 , 1350 , 11,42,1,1,2,5
92 , 1400 , 1,1,20,2
92 , 1450 , 2,1,2,2,1,11,1,4
92 , 1500 , 1,1,1,1,1,6,2,23,2
92 , 1550 , 1,2
92 , 1600 , 1,1,10,1,6,1
92 , 1650 , 1,5,15,13,3,1,1
92 , 1700 , 1,75,1,1,1
92 , 1750 , 1,1,1,2,2
92 , 1800 , 2,2,1,1
92 , 1850 , 5,1,1,2,92,1,1,1
92 , 1900 , 2,1,447,1,2
92 , 1950 , 1,1,2,393,4,8,1,1,1
92 , 2000 , 9,2,3,1
93 , 1050 , 1,2
93 , 1100 , 2,6,7
93 , 1150 , 3,5,8
93 , 1250 , 1,4,1
93 , 1300 , 35
93 , 1350 , 1,1,208,1
93 , 1400 , 172,7,332
93 , 1450 , 57,27,141
93 , 1500 , 69,1,1
93 , 1550 , 10
93 , 1650 , 1,1
93 , 1700 , 5
93 , 1750 , 1,1
93 , 1900 , 2
95 , 1500 , 1
95 , 1600 , 1
96 , 1200 , 14
96 , 1250 , 3
96 , 1650 , 4
96 , 1800 , 6
96 , 1850 , 40
96 , 1900 , 1,4,1
96 , 1950 , 1
96 , 2000 , 6,1
97 , 1100 , 1,1,1
97 , 1150 , 1,1
97 , 1200 , 1
97 , 1250 , 2
97 , 1350 , 1,3,1
97 , 1400 , 1
97 , 1450 , 1,3
97 , 1550 , 1,1
97 , 1600 , 1,1
97 , 1650 , 4,1
97 , 1750 , 4,3
97 , 1800 , 6,1
97 , 1900 , 1,1
97 , 1950 , 11,1,1
97 , 2000 , 1,2,1
98 , 1050 , 45
98 , 1100 , 41
98 , 1150 , 112,1,2
98 , 1200 , 160,2
98 , 1250 , 99
98 , 1300 , 41
98 , 1350 , 62,1
98 , 1400 , 72
98 , 1450 , 112
98 , 1500 , 116
98 , 1600 , 7
98 , 1700 , 1
98 , 1750 , 3
98 , 1800 , 1
99 , 1050 , 1,1,2,2,1
99 , 1100 , 1,2,7,1,3,3,1
99 , 1150 , 1,1,3,1,1,1,2
99 , 1200 , 3,1,1,1,3
99 , 1250 , 2,1,1,2
99 , 1300 , 1,1,1,1
99 , 1350 , 1,2,2,1,1,3,1,1
99 , 1400 , 1,5,7,1,1,1,1,1
99 , 1450 , 1,1,4,1,2,2
99 , 1500 , 1
99 , 1550 , 3,1,1,4,1,1,1
99 , 1600 , 2,5,1,2,3,1,1,1
99 , 1650 , 1,1,1,2,1,1
99 , 1700 , 4,1,5,4,1,1
99 , 1750 , 2,1,1,6,1
99 , 1800 , 1,2,1,3,2,6,1,1,4
99 , 1850 , 1,6,1,1
99 , 1900 , 6,1,3,2
99 , 1950 , 3,5,1,1,4,2,1,2,1
99 , 2000 , 1,2,1,1,14
100 , 1050 , 2,1
100 , 1100 , 1,1
100 , 1150 , 1,2,1
100 , 1200 , 1,1
100 , 1250 , 2
100 , 1300 , 1,1,3
100 , 1350 , 1
100 , 1400 , 2
100 , 1450 , 1
100 , 1500 , 1,2
100 , 1550 , 1,1,3,3
100 , 1600 , 1
100 , 1650 , 1
100 , 1700 , 1,1
100 , 1750 , 1
100 , 1850 , 14
100 , 1900 , 1,1
100 , 1950 , 1,1,2
100 , 2000 , 2,1,1
102 , 1050 , 2
102 , 1150 , 1
102 , 1350 , 1,1
102 , 1400 , 13
102 , 1450 , 1
102 , 1500 , 2
102 , 1550 , 1,1
102 , 1600 , 1
102 , 1650 , 1,1
102 , 1800 , 1
102 , 1850 , 32,66
102 , 1900 , 14,85,3
102 , 1950 , 3,5
102 , 2000 , 3,2,1
103 , 1050 , 3
103 , 1100 , 1,3,1
103 , 1150 , 1,2
103 , 1200 , 1
103 , 1250 , 1
103 , 1500 , 2,1,2
103 , 1550 , 1,3
103 , 1600 , 6,9,1
103 , 1650 , 5,4
103 , 1700 , 1
103 , 1750 , 1,2,1
103 , 1800 , 16,10
103 , 1850 , 2,1,531
103 , 1900 , 1,386
103 , 1950 , 583
103 , 2000 , 1,1,628
104 , 1050 , 1,1,2,1
104 , 1100 , 1,1
104 , 1150 , 2,1,2
104 , 1200 , 6,5,7
104 , 1250 , 1,1,1
104 , 1300 , 8
104 , 1350 , 2,1
104 , 1400 , 1
104 , 1450 , 2,2,6
104 , 1500 , 6,3,1
104 , 1550 , 1,1,1
104 , 1600 , 6,2,1,1,4,1
104 , 1650 , 6,1,2
104 , 1700 , 2,1,1,1,2,9
104 , 1750 , 6,1,1,2
104 , 1800 , 2,3,1
104 , 1850 , 1
104 , 1950 , 6,1,2,1,7,3,1
104 , 2000 , 8,4,1,2
105 , 1050 , 19,2
105 , 1100 , 62,1
105 , 1150 , 46,1
105 , 1200 , 72,1
105 , 1250 , 104,3
105 , 1300 , 103,1
105 , 1350 , 48,1
105 , 1400 , 77,1
105 , 1450 , 87,1
105 , 1500 , 66,1
105 , 1550 , 37
105 , 1600 , 122
105 , 1650 , 39
105 , 1700 , 59
105 , 1750 , 28,3
105 , 1800 , 24
105 , 1850 , 56
105 , 1900 , 41
105 , 1950 , 35
106 , 1050 , 1,1,2,1
106 , 1100 , 1,2,4,2,1,1,1,1,1,1
106 , 1150 , 1,3,1,1,2,4,3,6,1,8,4,1
106 , 1200 , 2,5,2,2,1,2,8,1,2,1,1
106 , 1250 , 4,9,1,2,1,1,2,1,1,2
106 , 1300 , 1,14,2,1,1,1,1,1,2,1
106 , 1350 , 1,2,1,1,1,10,1,1,1,1
106 , 1400 , 2,1,1
106 , 1450 , 1,1,3,7,1,1,2,2,1
106 , 1500 , 8,10,1,3,1,3,1,1,2,1
106 , 1550 , 4,5,1,1,4,1,2,1,1,1
106 , 1600 , 2,1,1,2,5,1
106 , 1650 , 1,3,1,1,1,3,5,1,1
106 , 1700 , 2,82,5,14,4,1,1,4,31
106 , 1750 , 4,1,1,3,1,1,1,1,2,2,1
106 , 1800 , 3,1,1,1,2,7,1,4,1,1,2
106 , 1850 , 1,1,1,1,2,2,1,1
106 , 1900 , 2,1,3,1,1,1,34,2,1,2,4
106 , 1950 , 1,1,1,2,1
106 , 2000 , 1,1,3,6,2,4,1,3,3
107 , 1350 , 2
107 , 1450 , 1
107 , 1650 , 3
108 , 1650 , 1
109 , 1050 , 1
109 , 1100 , 3,1
109 , 1150 , 4
109 , 1200 , 2,1
109 , 1250 , 1,5
109 , 1350 , 3,1
109 , 1400 , 57
109 , 1450 , 289,1,1
109 , 1500 , 2
109 , 1550 , 6,1,5
109 , 1600 , 1,5,2
109 , 1650 , 1,6
109 , 1700 , 9,2,1,5,1
109 , 1750 , 6,2,5,43
109 , 1800 , 4,29
109 , 1850 , 1,2
109 , 1900 , 1,1
109 , 1950 , 4
109 , 2000 , 2,2
110 , 1450 , 1
111 , 1050 , 1,1,8
111 , 1100 , 3,1,2,93,1
111 , 1150 , 2
111 , 1200 , 1,2,1,1
111 , 1250 , 22,6,1
111 , 1300 , 2,2,2,3,1
111 , 1350 , 2,2,3
111 , 1400 , 1,11,2,3,1
111 , 1450 , 2,6,1,1,114,1,4
111 , 1500 , 1,2,1
111 , 1550 , 24,1,1,1,1,1
111 , 1600 , 1
111 , 1650 , 2,2,1
111 , 1750 , 15,8,2,1,1,1
111 , 1800 , 1,6,1
111 , 1850 , 1,1
111 , 1900 , 1,1
111 , 1950 , 1,1
111 , 2000 , 1,1,1,1
112 , 1050 , 49
112 , 1100 , 5
112 , 1150 , 10
112 , 1200 , 14
112 , 1250 , 2,5
112 , 1300 , 1
112 , 1350 , 29
112 , 1400 , 15
112 , 1450 , 10
112 , 1500 , 11
112 , 1550 , 30
112 , 1600 , 1,53,1
112 , 1650 , 1,45
112 , 1700 , 14
112 , 1750 , 8
112 , 1800 , 68
112 , 1850 , 1,31
112 , 1900 , 32
112 , 1950 , 21
112 , 2000 , 28
113 , 1050 , 1,3,1,1,3
113 , 1100 , 6,1,2,2,2,2,2,20,1,1
113 , 1150 , 6,1,5,1,2,3,1
113 , 1200 , 1,1,1,2,2,5,2,1,1,1
113 , 1250 , 2,14,3,11,3
113 , 1300 , 4,1,8,1,6,2,1,1,1,1,1,1,4
113 , 1350 , 12,2,1,4,2,1,2,1,2,5,1
113 , 1400 , 1,1,1,1,2,1
113 , 1450 , 1,1,1,6,4,2,2,2,1,2,1,1
113 , 1500 , 1,1,4,1,1,1,3,5
113 , 1550 , 4,9,17,1,1,1,3,1,1,23,2
113 , 1600 , 1,1,2,1,42,1,2,2,11,1,1
113 , 1650 , 6,7,1,3,1,3,3,1,1,1,9,2
113 , 1700 , 4,8,1,1,1,1,1
113 , 1750 , 1,5,111,1,4,1
113 , 1800 , 1,1,1,1
113 , 1850 , 1,2,2,2,1,4,3,3,6,4,1
113 , 1900 , 5,1,1,2,1,22,20,1,6,1,1,1,1
113 , 1950 , 1,1,9,1,1,1,3,7
113 , 2000 , 5,10,1,5,1,4
114 , 1050 , 1
114 , 1500 , 1
114 , 1550 , 1
115 , 1050 , 1,21,39
115 , 1100 , 4,1,1,52,16
115 , 1150 , 4,19
115 , 1200 , 13
115 , 1250 , 1,31
115 , 1300 , 1,46
115 , 1350 , 12,71
115 , 1400 , 7,2,22,108,2
115 , 1450 , 5,2,10,84
115 , 1500 , 1,1,2
115 , 1550 , 3,1
115 , 1600 , 3,1
115 , 1650 , 1
115 , 1700 , 3,2,1,4
115 , 1750 , 3,24
115 , 1800 , 2,504
115 , 1900 , 11,1
115 , 1950 , 1,3
115 , 2000 , 5,1,1,4,10
116 , 1400 , 2
116 , 2000 , 1
118 , 1050 , 2,1,2,1,2,1,1
118 , 1100 , 5,3,1,2,2,1,1
118 , 1150 , 2,1,7,1,1,2
118 , 1200 , 1,1,2,1,5,2,2,9,2
118 , 1250 , 2,4,1,2
118 , 1300 , 1,1,12
118 , 1350 , 4,6,2,4,1
118 , 1400 , 4,1,1,1
118 , 1450 , 5,2,1,3
118 , 1500 , 2,2
118 , 1550 , 1,2,5,1,3,1,1,1
118 , 1600 , 2,1
118 , 1650 , 1,9,1
118 , 1700 , 2,1,2,1,1,6
118 , 1750 , 3,1,1,31,3,5,1,1,1
118 , 1800 , 1
118 , 1850 , 6,1,2,5,1
118 , 1900 , 1
118 , 1950 , 3,7,2,1,1,3
118 , 2000 , 1,5,1,1,4,2,2
119 , 1050 , 11
121 , 1050 , 1
121 , 1150 , 1,1
121 , 1200 , 2
121 , 1250 , 1
121 , 1300 , 1,2,9
121 , 1350 , 1
121 , 1400 , 1
121 , 1450 , 1,1,1,1
121 , 1500 , 4,3
121 , 1550 , 1,2
121 , 1600 , 1,1
121 , 1650 , 4,2,1
121 , 1700 , 23
121 , 1750 , 1
121 , 1800 , 4,1,3
121 , 1850 , 5,4,1,3,1,2
121 , 1900 , 6,1
122 , 1650 , 6
124 , 1050 , 23
124 , 1100 , 10,2
124 , 1150 , 3
124 , 1200 , 2
124 , 1300 , 1
124 , 1350 , 2,1
124 , 1400 , 7,1
124 , 1450 , 1,2,27,1,29
124 , 1500 , 4,110
124 , 1550 , 1
124 , 1600 , 10,1,3,1
124 , 1650 , 8,1
124 , 1700 , 3,1
124 , 1750 , 2,1
124 , 1800 , 1,1,4,1
124 , 1850 , 4,5,2,1
124 , 1900 , 19
124 , 1950 , 11
124 , 2000 , 9
125 , 1100 , 2
125 , 1500 , 6
125 , 1750 , 1
126 , 1050 , 3
126 , 1100 , 4,1
126 , 1150 , 1,1
126 , 1250 , 2
126 , 1300 , 1
126 , 1350 , 1
126 , 1700 , 1,1
126 , 1750 , 1
126 , 1800 , 6
126 , 1950 , 10
128 , 1050 , 1,5
128 , 1100 , 1
128 , 1150 , 1,1
128 , 1200 , 1
128 , 1250 , 1,1,1
128 , 1300 , 1,2,2
128 , 1350 , 1,1
128 , 1400 , 4,2
128 , 1450 , 1
128 , 1500 , 1,1,5,3
128 , 1600 , 1
128 , 1650 , 1,2
128 , 1800 , 2
128 , 1850 , 4,1
128 , 1950 , 2
128 , 2000 , 1
129 , 1700 , 1
129 , 1750 , 4
129 , 2000 , 1
130 , 1050 , 33
130 , 1250 , 10
130 , 1300 , 1
130 , 1350 , 2,1,2,2
130 , 1400 , 27
130 , 1450 , 42
130 , 1500 , 1
130 , 1550 , 3,1,1
130 , 1650 , 3,4,1
130 , 1700 , 1,2,1,2
130 , 1750 , 1,1
130 , 1800 , 1
130 , 1850 , 7,3
130 , 1900 , 32
130 , 1950 , 1,1,2,16
130 , 2000 , 4,1
131 , 1150 , 6
131 , 1200 , 1
131 , 1300 , 3
131 , 1350 , 2
131 , 1400 , 1
131 , 1550 , 2
131 , 1600 , 1
131 , 1800 , 3
131 , 1900 , 1
132 , 1200 , 4,3
132 , 1250 , 6
132 , 1300 , 7
132 , 1350 , 3
132 , 1400 , 2
132 , 1500 , 2,4
132 , 1550 , 3,1,1
132 , 1650 , 4
132 , 1800 , 2
132 , 1850 , 50,1
132 , 1900 , 173
132 , 2000 , 2
133 , 1500 , 4
133 , 1550 , 1
134 , 1050 , 1
134 , 1250 , 1
134 , 1600 , 1
134 , 1800 , 3
134 , 1850 , 3
134 , 1900 , 2
134 , 1950 , 1
134 , 2000 , 1
135 , 1150 , 1
135 , 1200 , 5
135 , 1400 , 1,10
135 , 1450 , 3,1,1
135 , 1500 , 6
135 , 1550 , 2,2
135 , 1600 , 5,5
135 , 1650 , 2,1
135 , 1700 , 1,4
135 , 1750 , 1,6
135 , 1800 , 4
135 , 1850 , 2,9
135 , 1900 , 1
135 , 1950 , 4
135 , 2000 , 1
136 , 1100 , 1
136 , 1200 , 1
136 , 1500 , 1
136 , 1600 , 4
137 , 1700 , 1
137 , 1900 , 1
137 , 1950 , 5
137 , 2000 , 3
139 , 1050 , 1
139 , 1100 , 4
139 , 1150 , 2,1
139 , 1200 , 2,1
139 , 1250 , 5
139 , 1300 , 9
139 , 1350 , 1
139 , 1400 , 2
139 , 1450 , 2
139 , 1500 , 4,6
139 , 1550 , 2,1,2,25,1
139 , 1600 , 1,2,41
139 , 1650 , 1,26
139 , 1700 , 1,1,16
139 , 1750 , 1,3,9
139 , 1800 , 25,4,26,1
139 , 1850 , 339,17,1
139 , 1900 , 200,8,3
139 , 1950 , 2,1,9,1,6,233
139 , 2000 , 125,10,2
140 , 1500 , 1
140 , 1750 , 1
141 , 1050 , 39,4,1,1,1
141 , 1100 , 47,1,1
141 , 1150 , 39,15,1
141 , 1200 , 1,2,4
141 , 1250 , 22,9
141 , 1300 , 1,3,1
141 , 1350 , 1,1,6
141 , 1400 , 1,1
141 , 1450 , 1,1
141 , 1500 , 5,1,1
141 , 1750 , 2
141 , 1800 , 22,3,7,3
141 , 1850 , 2,5,7,3,4
141 , 1900 , 2,1,1,1,1
141 , 1950 , 1,1,2
141 , 2000 , 14,1
142 , 1850 , 1
143 , 1050 , 49,3
143 , 1100 , 10
143 , 1150 , 57,1
143 , 1200 , 38
143 , 1250 , 45
143 , 1300 , 19
143 , 1350 , 15
143 , 1400 , 67
143 , 1450 , 56
143 , 1500 , 56
143 , 1550 , 35
143 , 1600 , 38
143 , 1650 , 52
143 , 1700 , 36
143 , 1750 , 67
143 , 1800 , 46
143 , 1850 , 23
143 , 1900 , 6
143 , 1950 , 32
143 , 2000 , 59
144 , 1050 , 1,5,2,2,6
144 , 1100 , 1,7,265,33,1,1
144 , 1150 , 2,1,1,1,1,20,3,1,329,57
144 , 1200 , 1,3,63,1,1,1
144 , 1250 , 1,8,1,184,2
144 , 1300 , 378,5,1,1,1,1
144 , 1350 , 1,2,50,5,3,1,1,1,16
144 , 1400 , 4,2,4,46,18,1
144 , 1450 , 1,1,29,22,1,2,1
144 , 1500 , 81,14,3,2
144 , 1550 , 2,1,2,1,1
144 , 1600 , 1,1,1,1,22,2,1
144 , 1650 , 3,11,1,2,2,1,2,1
144 , 1700 , 1,2,1,11,1,4,30,1
144 , 1750 , 4,1,2,1,1,1,125,1,158,1
144 , 1800 , 1,2,1,1,1,14,2
144 , 1850 , 20,1,2,1
144 , 1900 , 13,3,2,1,7
144 , 1950 , 2,16,2,1
144 , 2000 , 1,7,1,8,49,3
145 , 1050 , 1,1,1,1,22,2,2
145 , 1100 , 4,3,1,4,230,2,1,12
145 , 1150 , 2,1,3,1,1,274,140,1
145 , 1200 , 1,1,1,2,2,1,2,650
145 , 1250 , 2,1
145 , 1300 , 3,2,1
145 , 1350 , 1,4,2
145 , 1400 , 1,3,1,1,1,11,1
145 , 1450 , 11,29,1,82,16
145 , 1500 , 1,3,2,2,2,4,135,3,2
145 , 1550 , 2,1,5,5,5,1
145 , 1600 , 122,1,1,6,1,1
145 , 1650 , 1,2,3
145 , 1700 , 1,1,1,1,1,1
145 , 1750 , 1,2,7,1,1
145 , 1800 , 1,18,5
145 , 1850 , 2,1,1,2,5,1,1,4,1
145 , 1900 , 1,1,5,1,2,18,1,2
145 , 1950 , 2,11,1,6
145 , 2000 , 7,1
146 , 1150 , 1
146 , 1200 , 1
146 , 1250 , 2,35
146 , 1300 , 4,1
146 , 1350 , 1,3,1
146 , 1400 , 1,1,1,1,1
146 , 1450 , 1,1,1,1
146 , 1500 , 1,2,1
146 , 1550 , 5
146 , 1600 , 1,9,1,2
146 , 1650 , 2,3,3,2,1
146 , 1700 , 5,4
146 , 1750 , 9,1,1,1
146 , 1800 , 2
146 , 1850 , 1
146 , 1900 , 1,1
146 , 1950 , 3,1
146 , 2000 , 10,2,1,2,2,5
147 , 1050 , 2,4
147 , 1100 , 1
147 , 1150 , 1
147 , 1200 , 2
147 , 1250 , 1,2,1
147 , 1350 , 2,2,1
147 , 1400 , 2,1
147 , 1450 , 1
147 , 1500 , 1
147 , 1550 , 1,2
147 , 1600 , 1,2
147 , 1650 , 1
147 , 1700 , 2,3,2,1,1
147 , 1800 , 1,1,2
147 , 1850 , 1,1
147 , 1900 , 1,2
147 , 1950 , 1,1,2
147 , 2000 , 1,1,1
148 , 1050 , 76,3
148 , 1100 , 122,21
148 , 1150 , 238,66
148 , 1200 , 121,46
148 , 1250 , 160,27
148 , 1300 , 120,35
148 , 1350 , 108,27,6
148 , 1400 , 103,24,2
148 , 1450 , 173,22,2
148 , 1500 , 92,7,1
148 , 1550 , 266,11,2
148 , 1600 , 244,3
148 , 1650 , 114
148 , 1700 , 220
148 , 1750 , 165
148 , 1800 , 131
148 , 1850 , 226,1
148 , 1900 , 367,2
148 , 1950 , 151,2
148 , 2000 , 238
149 , 1100 , 1,2,1
149 , 1150 , 77,2,1
149 , 1200 , 80,1,1,2
149 , 1250 , 1,1,2,1,2,1,3,2,1
149 , 1300 , 1,1,9
149 , 1350 , 3,8,1
149 , 1400 , 1,13,3,2,3,2,1
149 , 1450 , 16,1,1,18
149 , 1500 , 3,1,4,1,15
149 , 1550 , 1,1,1,1
149 , 1700 , 11,1
149 , 1750 , 1,1,1,1,5
149 , 1800 , 4,2,1
149 , 1850 , 1,2,1
149 , 1900 , 19,25,2,1,1
149 , 1950 , 1,1,4,5,2,2,11,1
149 , 2000 , 3,17,3
150 , 1050 , 1,4
150 , 1150 , 13,5
150 , 1200 , 1,2,6
150 , 1250 , 1,1,1
150 , 1350 , 1
150 , 1400 , 3
150 , 1450 , 1
150 , 1600 , 3,1,2,1
150 , 1650 , 1
150 , 1700 , 2,1,7
150 , 1750 , 2
150 , 1800 , 1,1
150 , 1850 , 1,1
150 , 1950 , 2
150 , 2000 , 1
151 , 1300 , 1
151 , 1800 , 1
151 , 1850 , 1
151 , 1950 , 1
151 , 2000 , 3
152 , 1850 , 1
152 , 1900 , 154
154 , 1300 , 1
154 , 1450 , 2
154 , 1600 , 3
155 , 1050 , 1,5
155 , 1100 , 1
155 , 1150 , 3,1
155 , 1200 , 1
155 , 1250 , 1
155 , 1400 , 2
155 , 1450 , 1,2
155 , 1500 , 1
155 , 1550 , 4,1,2,1
155 , 1600 , 46,1,17,32
155 , 1650 , 42,1,1
155 , 1700 , 4
155 , 1750 , 8,1,1
155 , 1800 , 1,1
155 , 1850 , 4,3
155 , 1900 , 1,1,1
155 , 1950 , 1,1
155 , 2000 , 3
156 , 1250 , 1
156 , 1500 , 1
157 , 1400 , 5
157 , 1450 , 1
157 , 1800 , 1
157 , 1850 , 2
157 , 1900 , 2
157 , 1950 , 2
158 , 1550 , 1
160 , 1050 , 4
160 , 1100 , 1
160 , 1150 , 1,2
160 , 1250 , 1
160 , 1300 , 1
160 , 1350 , 1,1
160 , 1400 , 1
160 , 1450 , 9
160 , 1500 , 4,3,311
160 , 1550 , 16,1,1,181,1
160 , 1600 , 1,1,1,119,1
160 , 1650 , 1
160 , 1800 , 1,2
160 , 1850 , 7,5
160 , 1900 , 1,14
160 , 1950 , 2,15
160 , 2000 , 21
161 , 1100 , 1,2
161 , 1150 , 17,8
161 , 1200 , 5,1
161 , 1300 , 1
161 , 1350 , 4,1
161 , 1400 , 1,1
161 , 1500 , 1,1,1,1,1
161 , 1550 , 3,1,1
161 , 1600 , 39,2
161 , 1650 , 9
161 , 1700 , 7
161 , 1750 , 3,2
161 , 1800 , 2,3
161 , 1900 , 1
161 , 1950 , 1,1,1
161 , 2000 , 10
162 , 1050 , 1
162 , 1100 , 1
162 , 1150 , 1
162 , 1300 , 2
162 , 1350 , 1,1,1,1
162 , 1400 , 1,2
162 , 1500 , 1,1
162 , 1550 , 1,2,1,31,1,2
162 , 1600 , 10
162 , 1650 , 13,1,2,1
162 , 1700 , 15
162 , 1750 , 1
162 , 1800 , 3
162 , 1850 , 2
162 , 1900 , 1,2
163 , 1050 , 4,2,2,1,37,1,6,1
163 , 1100 , 2,1,2,1,1,2
163 , 1150 , 2,1,5,1
163 , 1200 , 3,2,2,1,1,1,1,1,1
163 , 1250 , 1
163 , 1300 , 1,1,1,1,1,1
163 , 1350 , 1,3,1,9,2,7
163 , 1400 , 2,2,1,3,7,3,35,2,1
163 , 1450 , 7,1,2,2,1,12,2
163 , 1500 , 1,2,1,3,1,1,1,1
163 , 1550 , 3,2,1,1,1,1
163 , 1600 , 2,1,9,2,1,1,8,1
163 , 1650 , 3,2,1,2,6
163 , 1700 , 1,1,1,2,5,1
163 , 1750 , 2,1,2,5
163 , 1800 , 1,3,3,3,1
163 , 1850 , 1,5,1,3,1,3
163 , 1900 , 1,3,3,1,1
163 , 1950 , 2,1,6,1,1,1,1
163 , 2000 , 1,1,1,2,3,1,2
164 , 1250 , 1
164 , 1300 , 3
164 , 1850 , 2
165 , 1800 , 1
165 , 1850 , 1
165 , 1900 , 1
166 , 1200 , 1
166 , 1650 , 1
166 , 1800 , 2
167 , 2000 , 9
168 , 1050 , 15
168 , 1100 , 6
168 , 1150 , 3
168 , 1250 , 14
168 , 1300 , 51
168 , 1400 , 9
168 , 1450 , 1
168 , 1550 , 7
170 , 1150 , 2,2,1
170 , 1250 , 2,2
170 , 1300 , 1
170 , 1350 , 3,1
170 , 1400 , 1,1
170 , 1450 , 2,15,1,8,1
170 , 1500 , 1
170 , 1600 , 2,1,1
170 , 1650 , 2
170 , 1700 , 1,1,5,1
170 , 1750 , 2,29
170 , 1800 , 1
170 , 1850 , 2,1,2
170 , 1950 , 1
170 , 2000 , 1,12
171 , 1350 , 1
171 , 1400 , 14
171 , 1950 , 2
172 , 1100 , 3
172 , 1150 , 1
172 , 1200 , 1
172 , 1250 , 1
172 , 1300 , 1
172 , 1350 , 9,1
172 , 1400 , 26,1
172 , 1450 , 1
172 , 1550 , 1
172 , 1950 , 26
172 , 2000 , 1,53
173 , 1050 , 54
173 , 1100 , 50
173 , 1150 , 23
173 , 1200 , 18
173 , 1250 , 62
173 , 1300 , 1,103
173 , 1350 , 100
173 , 1400 , 60
173 , 1450 , 27
173 , 1500 , 67
173 , 1550 , 30
173 , 1600 , 18
173 , 1650 , 13
173 , 1700 , 23,93
173 , 1750 , 3,23
173 , 1800 , 6,30
173 , 1850 , 28,21
173 , 1900 , 31,21
173 , 1950 , 29,9
173 , 2000 , 2,52,18
175 , 1250 , 1
175 , 1300 , 47
175 , 1350 , 43
175 , 1400 , 12
175 , 1450 , 28
175 , 1500 , 26
175 , 1550 , 29
176 , 1050 , 70
176 , 1100 , 37
176 , 1150 , 22
176 , 1200 , 1,15,87
176 , 1250 , 2,22
176 , 1300 , 1,26
176 , 1350 , 80
176 , 1400 , 39
176 , 1450 , 30
176 , 1500 , 1,46
176 , 1550 , 44
176 , 1600 , 131
176 , 1650 , 51
176 , 1700 , 68
176 , 1750 , 18
176 , 1800 , 93
176 , 1850 , 48
176 , 1900 , 53
176 , 1950 , 71
176 , 2000 , 44
177 , 1150 , 1
177 , 1600 , 2
177 , 1650 , 8
177 , 1700 , 4
177 , 1750 , 5
178 , 1050 , 3,4
178 , 1100 , 1,1
178 , 1150 , 2,4,2
178 , 1200 , 2,2
178 , 1250 , 1,4,1
178 , 1300 , 3,1,5,102,1
178 , 1350 , 1,22
178 , 1400 , 23
178 , 1550 , 2
178 , 1600 , 6
178 , 1650 , 2
178 , 1700 , 37,3,2,1
178 , 1750 , 1,1
178 , 1800 , 1
178 , 1850 , 3,1
178 , 1900 , 5,1
178 , 1950 , 2,10
178 , 2000 , 8
179 , 1050 , 1,13
179 , 1200 , 2,1,1
179 , 1300 , 1
179 , 1450 , 3
179 , 1550 , 14,1
179 , 1600 , 1
179 , 1650 , 2,2
179 , 1700 , 3,2,1
179 , 1800 , 5
179 , 1850 , 3
179 , 1900 , 4
179 , 1950 , 3
179 , 2000 , 1,1
180 , 1050 , 1,1,1,4,1,2,5,2,12
180 , 1100 , 2,9,4,2,1,1,3,1,1,1,1
180 , 1150 , 1,1,1,4,3,1,1
180 , 1200 , 1,1,2,13,1,1,1
180 , 1250 , 2,2,1,1
180 , 1300 , 1,1,5,2,1,1,3
180 , 1350 , 2,1,2,4,3,2,3,3,1,30
180 , 1400 , 7,1,1,1,13,4,2,1,25,1
180 , 1450 , 10,3,2,1,2,1,1,25,2,1,4,1,1
180 , 1500 , 2,1,1,4,1,4,2,12
180 , 1550 , 10,2,36,2,2,1,3,1,2
180 , 1600 , 4,5,1,1,1,3,2,3,1,1,1,1
180 , 1650 , 1,1,1,119,1,2,1,4,3,1,1
180 , 1700 , 3,1,2,1,1,16,2,1
180 , 1750 , 4,9,6,2,38,2,4,24,2,1,4,2,2,1,7
180 , 1800 , 1,1,1,1,1,1,20,6,1,2,1,1,1
180 , 1850 , 34,1,1,7,3,3,2,2,1
180 , 1900 , 1,1,1,1,2,2,1,1,2,1
180 , 1950 , 1,1,4,33,31,1,2,1,4,7,1,1,1,18
180 , 2000 , 1,1,3,2,1,5,18,1,2
184 , 1050 , 46,2
184 , 1100 , 1,40
184 , 1150 , 29,1
184 , 1200 , 324,1,3
184 , 1250 , 1,9,479,9,9,5
184 , 1300 , 7,13,1
184 , 1350 , 33,1,5,1
184 , 1400 , 89,4,1,1
184 , 1450 , 175,1,1
184 , 1500 , 108,1,8
184 , 1550 , 55,1
184 , 1600 , 1,1
184 , 1650 , 1
184 , 1700 , 1,12
184 , 1750 , 1,3
184 , 1800 , 2,2,2
184 , 1850 , 8,1
184 , 1900 , 1,4,4
184 , 1950 , 1,3,1
184 , 2000 , 1
185 , 1250 , 1
185 , 1450 , 1
185 , 1850 , 4
187 , 1100 , 4
187 , 1150 , 1
187 , 1550 , 1
187 , 1600 , 1
187 , 1650 , 1
187 , 1950 , 3
188 , 1700 , 1
188 , 1750 , 13
188 , 1800 , 24
188 , 1850 , 1
190 , 1050 , 1,1,1
190 , 1100 , 4,1
190 , 1150 , 3
190 , 1200 , 7,1
190 , 1250 , 2,46
190 , 1300 , 17,2,147
190 , 1350 , 1
190 , 1400 , 21
190 , 1450 , 18,1
190 , 1500 , 31,1
190 , 1550 , 20
190 , 1600 , 1,16
190 , 1650 , 42
190 , 1700 , 2,33
190 , 1750 , 1,6
190 , 1800 , 2
190 , 1850 , 2,1,2
190 , 2000 , 13
191 , 1050 , 13
191 , 1100 , 152
191 , 1150 , 64
191 , 1200 , 57
191 , 1250 , 14
192 , 1100 , 1
192 , 1400 , 1
193 , 1950 , 1
194 , 1100 , 3
194 , 1200 , 2
195 , 1050 , 1,1,1,273
195 , 1100 , 439
195 , 1150 , 364
195 , 1200 , 4,1
195 , 1250 , 2,1
195 , 1350 , 1
195 , 1400 , 1,1
195 , 1450 , 3
195 , 1500 , 49
195 , 1550 , 6,1,1,10,2
195 , 1600 , 4,1,3,5
195 , 1650 , 2,10,1,2,1,1
195 , 1700 , 2
195 , 1750 , 1
195 , 1800 , 1
195 , 1850 , 1,2
195 , 1950 , 1
196 , 1050 , 1,3
196 , 1100 , 1
196 , 1150 , 1
196 , 1400 , 1
196 , 1450 , 1
196 , 1600 , 1
196 , 1650 , 14
197 , 1050 , 1
197 , 1100 , 1
197 , 1600 , 7
197 , 1750 , 1
197 , 1850 , 2
197 , 1900 , 29
197 , 1950 , 3
197 , 2000 , 1
198 , 1050 , 154,1,1
198 , 1100 , 60
198 , 1150 , 129
198 , 1200 , 54
198 , 1250 , 109
198 , 1300 , 49
198 , 1350 , 139
198 , 1400 , 53
198 , 1450 , 19
198 , 1500 , 47,3
198 , 1550 , 27,1
198 , 1600 , 44
198 , 1650 , 104,1
198 , 1700 , 84,1
198 , 1750 , 78,10
198 , 1800 , 38,5
198 , 1850 , 122,4
198 , 1900 , 37,2
198 , 1950 , 93,3
198 , 2000 , 34
199 , 1050 , 1,2
199 , 1100 , 1
199 , 1150 , 4,1
199 , 1200 , 9,2,2
199 , 1250 , 1
199 , 1300 , 1,1,3
199 , 1350 , 1,1,3
199 , 1400 , 3,1,1
199 , 1500 , 11,6,3,1
199 , 1550 , 2,5,7,2,2
199 , 1600 , 1
199 , 1650 , 1,1,3,1
199 , 1700 , 2,1
199 , 1800 , 4,3,5,1
199 , 1850 , 2,11,1
199 , 1900 , 2,4
199 , 1950 , 2
200 , 1450 , 4
201 , 1050 , 46,5,1,1,1,1
201 , 1100 , 21,1,1,2,6,1,1,6,1
201 , 1150 , 1,2,3,1,2,1,3,5,5
201 , 1200 , 3,1,6,1,1,5,2,17,1
201 , 1250 , 1,4,9,1,1,1
201 , 1300 , 1,1,2,2,1
201 , 1350 , 1,1,10,1,10,1,1,1,47
201 , 1400 , 2,2,3,1,2,3,2,3,1,22,1,1,2048
201 , 1450 , 55,1,1,2,1
201 , 1500 , 2,2,1,1,1
201 , 1550 , 1,6,2,2,3,1,13,2,1,1
201 , 1600 , 2,2,3,1,13,1,2,3,2
201 , 1650 , 4,1,26,3,1,3,2,2,59
201 , 1700 , 1,1,7
201 , 1750 , 1,1,1,1,7,1,12,1,65
201 , 1800 , 1,1,1,2,1,1,9
201 , 1850 , 2,1,18,2,6,3,3,1,936
201 , 1900 , 5,2,1,1,1,1,1
201 , 1950 , 2,4,2,2,25,1
201 , 2000 , 2,7,2,1,4,1,1,1,16
202 , 1500 , 5
202 , 1750 , 2
202 , 1800 , 6
202 , 1850 , 2
202 , 1900 , 3
202 , 2000 , 1
203 , 1050 , 4,1,1
203 , 1100 , 2,1,5,1,1,6
203 , 1150 , 24,2,2,2,1,2,2,2,12,4,1,2
203 , 1200 , 6,1,4,2,1,208,3
203 , 1250 , 3,1,1,2,1,4,1,3,1989,1
203 , 1300 , 22,3,1,1,9
203 , 1350 , 3,6,1,2,1
203 , 1400 , 1,4,59,3,5,1,9
203 , 1450 , 1
203 , 1500 , 10,1,1,1,1,2
203 , 1550 , 13,1,1,1,2,2,1,1,1,2
203 , 1600 , 2,1,7,15,10
203 , 1650 , 7,1,1,2,33,2,8,1
203 , 1700 , 2,1,1,1,1,4,3,7
203 , 1750 , 7,3,1,24,1
203 , 1800 , 37,9,1,238,2,1,1
203 , 1850 , 6,3,1,1
203 , 1900 , 1,5,3,2,3,2,5,11
203 , 1950 , 1,26,70,11,1,2,128
203 , 2000 , 1,1,2,1,3,3,1,624
204 , 1050 , 1,1,3,2
204 , 1100 , 1,1
204 , 1150 , 9,3,2,56,1
204 , 1200 , 4
204 , 1250 , 2,2,1,5
204 , 1300 , 5,1
204 , 1350 , 1
204 , 1400 , 2,2
204 , 1500 , 1,1,1
204 , 1550 , 1
204 , 1600 , 1,1,2
204 , 1650 , 1,2,2,2
204 , 1700 , 1,1
204 , 1750 , 1,12,1,4
204 , 1800 , 1,2,1,1,1
204 , 1900 , 1
204 , 1950 , 9
204 , 2000 , 1,1
205 , 1050 , 39
205 , 1100 , 67
205 , 1150 , 1,54
205 , 1200 , 7,30
205 , 1250 , 1,22,35
205 , 1300 , 4,4,32
205 , 1350 , 10,14
205 , 1400 , 49,2,5
205 , 1450 , 79
205 , 1500 , 50
205 , 1550 , 216
205 , 1600 , 246,1
205 , 1650 , 263,9
205 , 1700 , 166,1,7
205 , 1750 , 225,1,5
205 , 1800 , 184,2,1
205 , 1850 , 71
205 , 1900 , 129
205 , 1950 , 195
205 , 2000 , 116
206 , 1050 , 2,5
206 , 1100 , 4,9,1,6,1
206 , 1150 , 1,4
206 , 1250 , 1,18,7
206 , 1350 , 2
206 , 1400 , 1,3,1,1
206 , 1450 , 9,1,3,2,1
206 , 1500 , 1,1,1,1
206 , 1550 , 3,1
206 , 1600 , 1
206 , 1650 , 1,3,1
206 , 1700 , 1
206 , 1750 , 1,1,1,1,2,2
206 , 1800 , 1,6,4,11,1,1,1
206 , 1850 , 1,2,1,1
206 , 1900 , 3,1
206 , 1950 , 1,6
206 , 2000 , 1,2,1,1
208 , 1050 , 3,1
208 , 1150 , 1
208 , 1200 , 1,5
208 , 1250 , 2
208 , 1300 , 1
208 , 1450 , 1
208 , 1500 , 1,73
208 , 1600 , 2
208 , 1750 , 1,2
208 , 1800 , 1
208 , 1850 , 2
208 , 1900 , 39
208 , 1950 , 1,1
208 , 2000 , 9
209 , 1050 , 1,1,2,1,1,3,1
209 , 1100 , 22,2,8,1,1,1,3,1,10,1,3,2,1,1
209 , 1150 , 2,1,1,1,1,3
209 , 1200 , 1,2,2,1,1,1,2,4,1,1,2
209 , 1250 , 4,1,9,3,4,1,1
209 , 1300 , 2,1,1,1,30,3,1
209 , 1350 , 2,1,1,3,1,19,1,1,4,2
209 , 1400 , 2,2,3,1,1,1,2,5,1
209 , 1450 , 3,4,4,3,1,1,5,1,1,1
209 , 1500 , 1,3,4,1,1,1,47,1,5,3,1
209 , 1550 , 4,4,1,1,3,2
209 , 1600 , 4,172,1,1,1,1
209 , 1650 , 9,2,1,1,2,2,1,1
209 , 1700 , 4,1,9,4,2,1,1
209 , 1750 , 3,3,1,1,2,2,1,11,25
209 , 1800 , 2,1,1,4
209 , 1850 , 1,1,3,2,3,1,1
209 , 1900 , 1,1,2,4,2
209 , 1950 , 1,1,1,4,2,2
209 , 2000 , 17,1,2,1,1,3,8,1,20,1,1,1,1
210 , 1050 , 11
210 , 1100 , 2
210 , 1150 , 1,2,1
210 , 1200 , 1,1
210 , 1550 , 1
210 , 1600 , 5,1
211 , 1050 , 1,1,1,109,2,1,8
211 , 1100 , 43,1
211 , 1150 , 1,1
211 , 1200 , 2,5
211 , 1250 , 12,1,1
211 , 1300 , 1,1
211 , 1350 , 3
211 , 1400 , 2,1,4
211 , 1450 , 3
211 , 1500 , 17,1,1
211 , 1550 , 1,1,1,1,1
211 , 1600 , 13,1,5,1,1
211 , 1650 , 1
211 , 1700 , 1,2
211 , 1750 , 1
211 , 1800 , 2
211 , 1850 , 1,4,8
211 , 1900 , 1,9
211 , 1950 , 3,3
211 , 2000 , 1
212 , 1050 , 62
212 , 1100 , 33,1
212 , 1150 , 43,5
212 , 1200 , 49
212 , 1250 , 69
212 , 1300 , 71
212 , 1350 , 116
212 , 1400 , 110
212 , 1450 , 106
212 , 1500 , 86
212 , 1550 , 124
213 , 1050 , 1
213 , 1100 , 1
213 , 1150 , 1
213 , 1250 , 1,9
213 , 1300 , 4,3
213 , 1350 , 1
213 , 1400 , 6
213 , 1450 , 1,3,3
213 , 1500 , 7,39,1
213 , 1550 , 2,36
213 , 1600 , 40,1,1,5,3
213 , 1650 , 129,1,1,1
213 , 1700 , 1,1,2,1,158,1,5,1
213 , 1750 , 153,1,7,1
213 , 1800 , 4,4,6,341,3,11
213 , 1850 , 1,8,1,1,1,393,2,2
213 , 1900 , 266,1,1,10,5
213 , 1950 , 3,3,8,1,1,274,6,2
213 , 2000 , 192,4,5,1
214 , 1050 , 1,4,11
214 , 1100 , 1,1,2
214 , 1150 , 2,1,42,30,1,1
214 , 1200 , 1,5,1,1,507,127,1
214 , 1250 , 4,1,1,2,1,3,1,1,1
214 , 1300 , 1,2,6,3,4
214 , 1350 , 1,2,5
214 , 1400 , 1,1,2,2,4,2
214 , 1450 , 10,4,1,1,1,1,1
214 , 1500 , 4,1,1,1,2,8,1,2
214 , 1550 , 3,1,4,1,3,1,3
214 , 1600 , 1,1,1,1,1,157,1
214 , 1650 , 1,1,1,1,1,3,2,2,2,2,2,1
214 , 1700 , 38,4,1,1,9,1
214 , 1750 , 1,1,4,1,1,2,1,2,2,23
214 , 1800 , 21,33,5,2,1,30,2,1
214 , 1850 , 1,24,1,8,1,2,2
214 , 1900 , 1,1,2,1,1,1,2
214 , 1950 , 4,2,1,3,2,26,1,1,3
214 , 2000 , 4,2,3,2
216 , 1050 , 1,14,209,2,3,1,1,3,2
216 , 1100 , 1,1,1
216 , 1150 , 2,1,1,1,1
216 , 1200 , 1,1,2,1
216 , 1250 , 2,1,3,2,1,1
216 , 1300 , 1,1,1,2,7,1,1,1
216 , 1350 , 24,3,3,3,13,3,4,2
216 , 1400 , 70,1,4,14,3,1,2,3
216 , 1450 , 22,5,7,2,7,2,1,1,1,1
216 , 1500 , 17,5,1,1,1,1,2,3,1
216 , 1550 , 10,1,1,5,4,2
216 , 1600 , 2,1,1,3
216 , 1650 , 1,2,1,5,2,1
216 , 1700 , 2,1,6,1,2,1,2,1,1
216 , 1750 , 1,12,1,3,6
216 , 1800 , 10,1,1,2,1,3,1
216 , 1850 , 1,120,1,4,1,2,2
216 , 1900 , 1,2,1,1,1,18
216 , 1950 , 1,1
216 , 2000 , 1,2,1
219 , 1050 , 16
219 , 1100 , 20
219 , 1150 , 12
219 , 1200 , 29
219 , 1250 , 23
219 , 1300 , 26
219 , 1350 , 48
219 , 1400 , 16
219 , 1450 , 1
219 , 1500 , 19
219 , 1550 , 55
219 , 1600 , 33
219 , 1650 , 10
219 , 1700 , 12
220 , 1050 , 52
220 , 1100 , 17
220 , 1150 , 52
220 , 1200 , 33,4
220 , 1250 , 17,25
220 , 1300 , 2,30
220 , 1350 , 3,25
220 , 1400 , 7,17
220 , 1450 , 1,4
220 , 1500 , 4,3
220 , 1550 , 34,10
220 , 1600 , 44,3
220 , 1650 , 21,2
220 , 1700 , 8,1
220 , 1750 , 19
220 , 1800 , 37
220 , 1850 , 197,1
220 , 1900 , 50
220 , 1950 , 44
220 , 2000 , 41,3
222 , 1050 , 23,1,4
222 , 1100 , 1,1,1,1,5
222 , 1150 , 2,6,112,5,2,47,1
222 , 1200 , 2,75,3,1,240
222 , 1250 , 2,1,1
222 , 1300 , 5,1
222 , 1350 , 9,1,1
222 , 1400 , 2,1
222 , 1450 , 13,14,2,9
222 , 1500 , 1,5,1,24,5,2,2
222 , 1550 , 1,1,2,4
222 , 1600 , 13,2,48,14,1,1
222 , 1650 , 9,2,4,1
222 , 1700 , 1,8,3
222 , 1750 , 1,1,1
222 , 1800 , 2,1,1
222 , 1850 , 106,10,1,1
222 , 1900 , 73,1,1,1,2
222 , 1950 , 2,5,1,23,71,1,1
222 , 2000 , 1,1,1,66,2,1
223 , 1050 , 3
223 , 1100 , 1,1,1
223 , 1150 , 1
223 , 1200 , 2,1,1,1
223 , 1250 , 3,2,2
223 , 1300 , 12,1
223 , 1350 , 137
223 , 1450 , 4,1
223 , 1500 , 11
223 , 1550 , 5
223 , 1600 , 5,3,1
223 , 1650 , 1,3,8,4
223 , 1700 , 4,3
223 , 1750 , 1,1
223 , 1800 , 1
223 , 1850 , 14
223 , 1900 , 294
223 , 1950 , 1,1,553
223 , 2000 , 15,7,210
224 , 1100 , 2,3
224 , 1300 , 4
224 , 1350 , 30
224 , 1400 , 3,1
224 , 1450 , 1
224 , 1500 , 1
224 , 1700 , 1
224 , 1750 , 4
224 , 1800 , 1,1
224 , 1850 , 1
224 , 1900 , 4
225 , 1250 , 32
225 , 1300 , 24
225 , 1350 , 14
225 , 1400 , 4,1
225 , 1500 , 1
225 , 1550 , 1
225 , 1800 , 2
226 , 1050 , 1
226 , 1100 , 2,1,22
226 , 1150 , 1,2,8,5
226 , 1200 , 2,1,1,1,1,2
226 , 1250 , 6,1,2
226 , 1300 , 1,1,1
226 , 1350 , 1,1,13
226 , 1400 , 1
226 , 1450 , 2,5
226 , 1500 , 1,2,15,1
226 , 1550 , 1,1
226 , 1600 , 1
226 , 1650 , 15,1,1,1
226 , 1700 , 2,1,1,2,1
226 , 1750 , 1,1,1
226 , 1800 , 1,2,1,1
226 , 1850 , 32,1,1,1
226 , 1900 , 32,1,2,1
226 , 1950 , 4
226 , 2000 , 1,2,3
227 , 1150 , 1,1
227 , 1200 , 2,1,1
227 , 1250 , 2,3
227 , 1300 , 1,69
227 , 1350 , 31,132
227 , 1400 , 23,15
227 , 1500 , 5
227 , 1550 , 1
227 , 1700 , 1,1,1
227 , 1750 , 9
227 , 1850 , 7
227 , 1900 , 1
227 , 1950 , 2
227 , 2000 , 1
228 , 1350 , 1
228 , 1450 , 2
228 , 1500 , 1
228 , 1550 , 1
228 , 1650 , 1,1,2
228 , 1700 , 1,1,29
228 , 1750 , 2
228 , 1850 , 1
228 , 1900 , 223
228 , 1950 , 169
228 , 2000 , 121
229 , 1100 , 1
229 , 1150 , 2,2
229 , 1200 , 1
229 , 1250 , 1,1
229 , 1300 , 2
229 , 1350 , 1,1
229 , 1400 , 1
229 , 1750 , 2
229 , 1800 , 4
229 , 1850 , 1,41
229 , 1900 , 2,5
229 , 1950 , 1,6
229 , 2000 , 15,18
230 , 1150 , 1
230 , 1200 , 1
230 , 1250 , 1
230 , 1550 , 1,3
230 , 1600 , 1
231 , 1100 , 1
231 , 1550 , 3
232 , 1050 , 6,1,7,1,2,2
232 , 1100 , 2,5,6,15
232 , 1150 , 1,5,28
232 , 1200 , 5,8,1
232 , 1250 , 1,5,1,5,1,1
232 , 1300 , 1,6,34
232 , 1350 , 1,1
232 , 1400 , 2,1
232 , 1450 , 2,2
232 , 1500 , 1,1,5
232 , 1550 , 1,1,2,7,1,54
232 , 1600 , 1,34
232 , 1650 , 1,1,1,1,2,4,1,47
232 , 1700 , 4,1,30
232 , 1750 , 5,1,6,1,1,2,24
232 , 1800 , 2,1,1,15
232 , 1850 , 1,7
232 , 1900 , 1,246,2,3
232 , 1950 , 1,684,1,1,3
232 , 2000 , 613,1,1
234 , 1050 , 2
234 , 1100 , 1
234 , 1150 , 4
234 , 1200 , 6
234 , 1250 , 2
234 , 1450 , 2
234 , 1700 , 3
234 , 1750 , 8,1
234 , 1800 , 2
235 , 1050 , 1
235 , 1100 , 5
235 , 1150 , 2
235 , 1200 , 2
235 , 1250 , 1
235 , 1600 , 7
235 , 1650 , 2
235 , 1700 , 1
235 , 1750 , 1
236 , 1100 , 2
236 , 1150 , 2
236 , 1200 , 1,1
236 , 1250 , 4,1
236 , 1300 , 1,3
236 , 1500 , 1,1
236 , 1550 , 1,1
236 , 1600 , 2,5
236 , 1650 , 3,1
236 , 1700 , 2
236 , 1750 , 2,2,2,3
236 , 1800 , 18
236 , 1850 , 3
236 , 1900 , 1
236 , 1950 , 9,1,2
236 , 2000 , 2,3
237 , 1050 , 49
237 , 1100 , 11,1
237 , 1150 , 62
237 , 1200 , 25
237 , 1250 , 21
237 , 1300 , 10
237 , 1350 , 52
237 , 1400 , 36
237 , 1450 , 86
237 , 1500 , 38
237 , 1550 , 10
237 , 1600 , 4
237 , 1650 , 56,1
237 , 1700 , 70
237 , 1750 , 96
237 , 1800 , 34
237 , 1850 , 80
237 , 1900 , 37
237 , 1950 , 70
237 , 2000 , 63,1
238 , 1050 , 2,1,1
238 , 1100 , 10,1,1
238 , 1150 , 296,1,3,1
238 , 1200 , 3,1,2,6
238 , 1250 , 2,1,27
238 , 1300 , 1,1,44,1,16,2
238 , 1350 , 1,54,30,8,6
238 , 1400 , 4,11
238 , 1450 , 1,12,1,53
238 , 1500 , 1,395
238 , 1550 , 3,16
238 , 1600 , 2,3,1
238 , 1650 , 1,2,3
238 , 1700 , 1,5,1,1,8
238 , 1750 , 18,1,18
238 , 1800 , 1,9
238 , 1850 , 2,19,4
238 , 1900 , 15,1,3,33
238 , 1950 , 5,23,20
238 , 2000 , 1,9,12
239 , 1050 , 14
239 , 1100 , 445,2,1
239 , 1150 , 1
239 , 1200 , 1,1,1
239 , 1250 , 1,1,6,1
239 , 1300 , 2,3,2
239 , 1500 , 1,1,1,1
239 , 1550 , 6,1
239 , 1600 , 1
239 , 1650 , 1,2
239 , 1700 , 2,9
239 , 1750 , 2
239 , 1800 , 15
239 , 1850 , 1,22
239 , 1900 , 1,1,17,3
239 , 1950 , 1,1
239 , 2000 , 3
240 , 1100 , 1
240 , 1200 , 1
240 , 1400 , 1
240 , 1500 , 1
240 , 1650 , 1
240 , 1750 , 1
240 , 1800 , 1
240 , 1850 , 1,2
240 , 1900 , 2,1
240 , 1950 , 23,1
240 , 2000 , 21
241 , 1200 , 3
241 , 1250 , 40
241 , 1300 , 2,5
241 , 1400 , 1
241 , 1450 , 1
241 , 1600 , 4
241 , 1650 , 3,17
241 , 1700 , 7
241 , 1750 , 4,1
241 , 1800 , 2
241 , 1850 , 4,5,2
241 , 1900 , 4,3
241 , 1950 , 1
242 , 1050 , 1,1
242 , 1100 , 1,1,1,1
242 , 1150 , 1,5,8,1,1
242 , 1200 , 1,3,1,4
242 , 1250 , 1,5,2,3
242 , 1300 , 60,1,2,3,6,1,1
242 , 1350 , 1,3,1
242 , 1400 , 1,12,2,6,2
242 , 1450 , 1,2,2,3,1,8
242 , 1500 , 6,2
242 , 1550 , 10,9,5,5,2
242 , 1600 , 2,1,1,1,2
242 , 1650 , 17,9,1
242 , 1700 , 3,3
242 , 1750 , 4,2,14,2
242 , 1800 , 1,2,6,3
242 , 1850 , 2,1,1,3,4,2
242 , 1900 , 1,1
242 , 1950 , 1,1,1,3,1,1
242 , 2000 , 2,2,3,1
243 , 1150 , 1,1
243 , 1200 , 7
243 , 1250 , 2,1
243 , 1350 , 1,1
243 , 1400 , 18
243 , 1450 , 2
243 , 1500 , 1,4
243 , 1550 , 1,2,164,1
243 , 1600 , 1,468
243 , 1650 , 3,2,1,8,3
243 , 1700 , 1,1,28,76
243 , 1750 , 22
243 , 1850 , 1,3
243 , 1900 , 1
243 , 2000 , 1
244 , 1050 , 1,1
244 , 1150 , 38,2
244 , 1200 , 3,1
244 , 1250 , 1
244 , 1300 , 2,1,2
244 , 1350 , 1
244 , 1400 , 1
244 , 1450 , 1
244 , 1550 , 1,3
244 , 1600 , 2,3,2
244 , 1650 , 1
244 , 1700 , 16,6
244 , 1750 , 1,6,9
244 , 1800 , 1
244 , 1850 , 1,2
244 , 1900 , 1,2,2
244 , 1950 , 2,2,116,1
244 , 2000 , 86
245 , 1150 , 1
245 , 1200 , 1
245 , 1250 , 1,17
245 , 1300 , 317
245 , 1350 , 29
245 , 1400 , 5
245 , 1450 , 1
245 , 1650 , 1
245 , 1750 , 1
245 , 1950 , 1
246 , 1950 , 10
246 , 2000 , 16
249 , 1250 , 1
250 , 1050 , 4,2
250 , 1100 , 1,5
250 , 1150 , 3,5,1
250 , 1200 , 1,1
250 , 1250 , 1,1
250 , 1300 , 1,2,1,6,3
250 , 1350 , 1
250 , 1400 , 1,2,1
250 , 1500 , 9,2,1
250 , 1550 , 2,5
250 , 1600 , 1,1,1,4
250 , 1650 , 2,1,1
250 , 1700 , 2
250 , 1750 , 2
250 , 1800 , 4,1
250 , 1850 , 5,1,5,3
250 , 1900 , 1
250 , 1950 , 1,4
250 , 2000 , 5,1
251 , 1050 , 2,3,1,10,1
251 , 1100 , 9,1,1,1,1,1,2,2
251 , 1150 , 8,1,5,1,3,2,1
251 , 1200 , 2,5,2,56,13
251 , 1250 , 1,7,1,1,1
251 , 1300 , 1,1,13,1,37,3,1,1
251 , 1350 , 4,1,1,1,2
251 , 1400 , 3,2,1,1,162,1
251 , 1450 , 20,1,2,1,13
251 , 1500 , 52,1,2,8,4,3
251 , 1550 , 9,1,3,1,24
251 , 1600 , 28,3,2,1,12
251 , 1650 , 6,4,1,1,18
251 , 1700 , 1,1
251 , 1750 , 9,2,1
251 , 1800 , 1,1,2,4
251 , 1850 , 25,2,1,1,4,1,2
251 , 1900 , 1,2,2,97,33,1,1,11
251 , 1950 , 1,10,1,3,3,11,1,36,1,1,1,135,1
251 , 2000 , 317,1,2,19,1,171
252 , 1650 , 1
252 , 1850 , 1
252 , 1900 , 16
252 , 2000 , 1
253 , 1500 , 1
254 , 1050 , 81
254 , 1100 , 49,2
254 , 1150 , 73,1
254 , 1200 , 38
254 , 1250 , 102
254 , 1300 , 45
254 , 1350 , 103
254 , 1400 , 87
254 , 1450 , 115
254 , 1500 , 33
254 , 1550 , 122
254 , 1600 , 48
254 , 1650 , 116,1
254 , 1700 , 1,37
254 , 1750 , 43
254 , 1800 , 119
254 , 1850 , 47,6
254 , 1900 , 128
254 , 1950 , 43
254 , 2000 , 64
255 , 1050 , 2,1,1,1,1,1,1
255 , 1100 , 3,3,2,5,3,1
255 , 1150 , 4,2
255 , 1200 , 2,3,6,1
255 , 1250 , 1,1,8,1,1,1,2
255 , 1300 , 9,3,5,2,1,1
255 , 1350 , 2,1,2,1,2
255 , 1400 , 2,1,1,2,1
255 , 1450 , 1,1,1
255 , 1500 , 2,1
255 , 1550 , 1,1,3,3,1,10
255 , 1600 , 1,1,1,1
255 , 1650 , 1,1,7,2,3,2,2,1
255 , 1700 , 1,1,5,2
255 , 1750 , 1,1,1,1
255 , 1800 , 1,2,1,1
255 , 1850 , 1,1,1,1
255 , 1900 , 1,1,3,3,1
255 , 1950 , 1,1,1,1,2,1
255 , 2000 , 1,1,2,2,1
256 , 1200 , 7
256 , 1250 , 1
256 , 1400 , 1
256 , 1450 , 1
256 , 1500 , 1
256 , 1550 , 1,12
256 , 1600 , 61
256 , 1650 , 45
256 , 1700 , 1,27
256 , 1750 , 7,1,30
256 , 1800 , 32
256 , 1850 , 4,10
256 , 1900 , 4
256 , 1950 , 2
256 , 2000 , 1
257 , 1050 , 2,1,1
257 , 1100 , 1,4,1,1,3,2,2,1
257 , 1150 , 1,2,2
257 , 1200 , 1,1,1,1
257 , 1250 , 2,4,2,2,5,1
257 , 1300 , 2,4,1,4,1
257 , 1350 , 6,7,3,1,1,4,1,1
257 , 1400 , 2,2,2,11,1,2,5,1
257 , 1450 , 1,3,1,1,3,1,3
257 , 1500 , 1,1,1,2
257 , 1550 , 1,1,2,3
257 , 1600 , 1,1,1,2
257 , 1650 , 1,2,1,3
257 , 1700 , 1,2,2,2,4,1
257 , 1750 , 2,1,1,5,2,1
257 , 1800 , 1,4,9,18,5,1,3
257 , 1850 , 1,2,5,4,1
257 , 1900 , 2,2
257 , 1950 , 11,1,1
257 , 2000 , 1,1,2,10,4
258 , 1100 , 3
258 , 1150 , 3,1
258 , 1250 , 1
258 , 1350 , 1
258 , 1400 , 1
258 , 1450 , 4
258 , 1500 , 48
258 , 1550 , 1,46
258 , 1600 , 22
258 , 1650 , 3
258 , 1800 , 10
258 , 1850 , 6
258 , 1900 , 3
258 , 1950 , 1
258 , 2000 , 2
259 , 1050 , 1,1,1
259 , 1100 , 2
259 , 1150 , 6,1
259 , 1200 , 1,1,2,1,1
259 , 1250 , 1,2,1,3,2
259 , 1300 , 1,10,1,9,5
259 , 1350 , 1,2,1
259 , 1400 , 2,1,7
259 , 1450 , 1,1
259 , 1500 , 2,1,1,4,1
259 , 1550 , 1,1,2,1,1,19,1
259 , 1600 , 1,2,1
259 , 1650 , 4,2,1,16,1
259 , 1700 , 8,2
259 , 1750 , 1
259 , 1800 , 7
259 , 1850 , 3,1,1,1,1
259 , 1900 , 3,1,6
259 , 1950 , 1,5
259 , 2000 , 1,1
260 , 1050 , 3,1
260 , 1100 , 3
260 , 1150 , 1,1,1,2
260 , 1200 , 2,2,8,6,3,27
260 , 1250 , 1,1,1
260 , 1300 , 2,8,1
260 , 1350 , 1,1,1,2
260 , 1400 , 2,2,2,3,1,1
260 , 1450 , 50,1
260 , 1500 , 7,1,3,2,1
260 , 1550 , 3
260 , 1600 , 2,13,1,2
260 , 1650 , 2,1,1,11
260 , 1700 , 1,1,2,1,4
260 , 1750 , 7,1,1,5
260 , 1800 , 6
260 , 1850 , 2,1,1
260 , 1950 , 1,2
260 , 2000 , 1,1,2,1
261 , 1100 , 2
261 , 1150 , 1,2
261 , 1200 , 5
261 , 1250 , 15,2,1
261 , 1300 , 27,4
261 , 1350 , 7,1,19
261 , 1400 , 36,12
261 , 1450 , 1,133
261 , 1500 , 2,1,273
261 , 1550 , 95
261 , 1600 , 1,173,1
261 , 1650 , 1,250,1
261 , 1700 , 1
261 , 1850 , 3
261 , 1900 , 2
261 , 1950 , 218
261 , 2000 , 15
262 , 1600 , 1
263 , 1050 , 13
263 , 1100 , 2
263 , 1150 , 5
263 , 1200 , 13
263 , 1250 , 4
263 , 1300 , 12
263 , 1350 , 17
263 , 1400 , 2
263 , 1450 , 1
263 , 1500 , 2
263 , 1550 , 8
263 , 1600 , 4
263 , 1650 , 7
263 , 1700 , 9
263 , 1750 , 22
263 , 1800 , 2
264 , 1050 , 2
264 , 1100 , 26
264 , 1150 , 27
264 , 1200 , 4
264 , 1250 , 9,1
264 , 1300 , 3,1
264 , 1350 , 33
264 , 1400 , 25
264 , 1450 , 39
264 , 1500 , 11
264 , 1550 , 11
264 , 1600 , 9
264 , 1650 , 4
264 , 1700 , 15
264 , 1750 , 19
264 , 1800 , 2
264 , 1850 , 12
264 , 1900 , 37
264 , 1950 , 17
264 , 2000 , 32
265 , 1050 , 1,1,2,21,3,2,10,28
265 , 1100 , 4,3,1,23,3,2,68,2,3,1,4
265 , 1150 , 1,4,1,1,75,2
265 , 1200 , 2,84,1
265 , 1250 , 1,1
265 , 1300 , 1,5
265 , 1350 , 2,1,6,2
265 , 1400 , 1,12,2,55,3,2
265 , 1450 , 4,4,1
265 , 1500 , 53,1,9,5
265 , 1550 , 45,1,105,7,1,22
265 , 1600 , 2,1,1,2
265 , 1650 , 1,13
265 , 1700 , 5
265 , 1750 , 1
265 , 1800 , 3,4
265 , 1850 , 1
265 , 1900 , 22,4,1,2,1
265 , 1950 , 1,1,6
265 , 2000 , 1,3,1,6,29
267 , 1100 , 1,1
267 , 1200 , 1,1,11
267 , 1250 , 1,1
267 , 1300 , 1,1
267 , 1350 , 2,1
267 , 1400 , 1,1,2
267 , 1450 , 1,1
267 , 1600 , 1
267 , 1650 , 1,7
267 , 1700 , 1,23
267 , 1750 , 5,1,1,15
267 , 1800 , 7,6,98
267 , 1850 , 6,44
267 , 1900 , 1
267 , 1950 , 5
267 , 2000 , 1,4
268 , 1050 , 4,1
268 , 1400 , 1,1
268 , 1450 , 18,34
268 , 1500 , 1,83,121
268 , 1550 , 33,110,51
268 , 1600 , 20
268 , 1650 , 19,1
268 , 1700 , 53
268 , 1750 , 137
268 , 1800 , 89
268 , 1850 , 10
268 , 1900 , 5
269 , 1050 , 232,1
269 , 1100 , 112,13
269 , 1150 , 103,1
269 , 1200 , 53,1
269 , 1250 , 27
269 , 1300 , 75
269 , 1350 , 62
269 , 1400 , 81
269 , 1450 , 1,52
269 , 1500 , 120,3
269 , 1550 , 114,1
269 , 1600 , 93
269 , 1650 , 69
269 , 1700 , 85
269 , 1750 , 45
269 , 1800 , 104,1
269 , 1850 , 152,1
269 , 1900 , 36
269 , 1950 , 109
269 , 2000 , 160
270 , 1050 , 1,2,36,3
270 , 1100 , 33,1,1
270 , 1150 , 1,1
270 , 1200 , 2
270 , 1250 , 7,2,1,1
270 , 1300 , 2,3
270 , 1350 , 10,5
270 , 1450 , 1,1
270 , 1500 , 5,4
270 , 1550 , 1,3,3
270 , 1600 , 5,4,1
270 , 1650 , 31,1,2,114
270 , 1700 , 2,65,3,1,2
270 , 1750 , 35,1,75,2,1
270 , 1800 , 1,1,3,40,174,1
270 , 1850 , 352,33,3,3
270 , 1900 , 1,298,23,1
270 , 1950 , 515,11,1,1,1
270 , 2000 , 1,2,2,445,1,2
271 , 1300 , 1
271 , 1900 , 1
271 , 1950 , 9
271 , 2000 , 6
272 , 1050 , 1
272 , 1100 , 1,3,8,1
272 , 1150 , 2,1,1
272 , 1200 , 2,15
272 , 1250 , 51,21,1,5
272 , 1300 , 601,18,6,2,1
272 , 1350 , 2,2,2,265,1,2
272 , 1400 , 122,1,15,38,1
272 , 1450 , 388,9,3
272 , 1500 , 158,43
272 , 1550 , 1,1,1
272 , 1600 , 1,5
272 , 1650 , 1,5,11
272 , 1700 , 44,1
272 , 1750 , 1,1,38
272 , 1800 , 1,4,56,6,1,28
272 , 1850 , 1,3,12,15
272 , 1900 , 21
272 , 1950 , 1,1,19
272 , 2000 , 2,1,21
273 , 1050 , 6,145
273 , 1100 , 3,39
273 , 1150 , 1,33
273 , 1200 , 1,97
273 , 1250 , 1,113
273 , 1300 , 1,1,110
273 , 1350 , 111
273 , 1400 , 143
273 , 1450 , 112
273 , 1500 , 162
273 , 1550 , 63
273 , 1600 , 62
273 , 1650 , 1,194
273 , 1700 , 1,48
273 , 1750 , 62
273 , 1800 , 75
273 , 1850 , 69
273 , 1900 , 58
273 , 1950 , 124
273 , 2000 , 107
274 , 1050 , 5,1
274 , 1150 , 1
274 , 1200 , 2
274 , 1350 , 1,1
274 , 1400 , 1,1
274 , 1450 , 1
274 , 1500 , 1,1
274 , 1550 , 1
274 , 1650 , 1
274 , 1700 , 2
274 , 1750 , 2
274 , 1800 , 1,3
274 , 1850 , 1,5
274 , 1900 , 1,3
274 , 1950 , 2
275 , 1050 , 21,6,3
275 , 1100 , 86,3
275 , 1150 , 136
275 , 1200 , 83,4
275 , 1250 , 47,2
275 , 1300 , 5,1,2,74,1,1,1
275 , 1350 , 1,1,1,84,1,44
275 , 1400 , 48,61,1,4
275 , 1450 , 1,142,16
275 , 1500 , 145,1,1
275 , 1550 , 16,1,2
275 , 1750 , 4
275 , 1850 , 14
275 , 1900 , 1,1,1,147
275 , 1950 , 2,1,153
275 , 2000 , 71
276 , 1050 , 1
276 , 1100 , 3,1,2
276 , 1150 , 1
276 , 1200 , 1,3
276 , 1300 , 2,1
276 , 1350 , 1,1
276 , 1400 , 1,4,1
276 , 1450 , 3,1,2
276 , 1500 , 4,2
276 , 1550 , 1,2,1,2
276 , 1600 , 4,2,27,1,3
276 , 1650 , 1,3
276 , 1700 , 1
276 , 1750 , 1,1
276 , 1800 , 1
276 , 1850 , 2
276 , 1900 , 14,1
277 , 1050 , 1
277 , 1150 , 1
277 , 1350 , 1
277 , 1400 , 1
277 , 1600 , 1
278 , 1150 , 1
278 , 1200 , 1
278 , 1550 , 4
278 , 1750 , 1
278 , 2000 , 1
279 , 1050 , 1,6,1
279 , 1100 , 1,1,2,10
279 , 1200 , 1,1,1,1
279 , 1250 , 1,3
279 , 1300 , 1,1,1
279 , 1350 , 1,1
279 , 1400 , 2,2,2
279 , 1450 , 3,1
279 , 1500 , 4,1,1,1
279 , 1550 , 2,2
279 , 1600 , 1,2,1
279 , 1650 , 2
279 , 1700 , 1,1,1,1
279 , 1750 , 1,3,1,10
279 , 1800 , 3,2
279 , 1850 , 1,3,6,1
279 , 1900 , 2,2
279 , 1950 , 1,1,1
279 , 2000 , 2,1,1
280 , 1050 , 1,2,1
280 , 1100 , 19,2,1,2
280 , 1150 , 3,9,3,1,1,1
280 , 1200 , 1,2,3
280 , 1250 , 1,2,1
280 , 1300 , 3,3,3,1,1
280 , 1350 , 6,2,2,2,1,27,3
280 , 1400 , 1,1,3,140,3
280 , 1450 , 1,3,3
280 , 1500 , 2,1,2,2
280 , 1550 , 1,1,5,1,1
280 , 1600 , 1,1,2,1,1,1,4
280 , 1650 , 2,1,1,3,1
280 , 1700 , 2,2,3,1,1,1
280 , 1750 , 2,1,5
280 , 1800 , 1,2,1,2,1,3
280 , 1850 , 1,3,1,1,1,2,1
280 , 1900 , 1,4,1,1,12,3
280 , 1950 , 1,3,3,2,8,1
280 , 2000 , 2,5,2,1
281 , 1150 , 1
281 , 1200 , 20
281 , 1250 , 88,1
281 , 1350 , 1
281 , 1400 , 3
281 , 1450 , 1
281 , 1500 , 3
281 , 1550 , 2,8
281 , 1600 , 2,1
282 , 1050 , 25
282 , 1100 , 13
282 , 1150 , 17
282 , 1200 , 51
282 , 1250 , 100,1
282 , 1300 , 49
282 , 1350 , 5
282 , 1400 , 68
282 , 1450 , 103,1
282 , 1500 , 103
282 , 1550 , 63
282 , 1600 , 136
282 , 1650 , 62
282 , 1700 , 13
282 , 1750 , 4
282 , 1800 , 16
282 , 1850 , 62
282 , 1900 , 27,1
282 , 1950 , 40
282 , 2000 , 29
284 , 1050 , 8,15,4,1
284 , 1100 , 2,1,1
284 , 1150 , 1,1,1,10,1
284 , 1200 , 1,1,2,3
284 , 1250 , 1,3,2,1,1
284 , 1300 , 7,5
284 , 1350 , 1,4,6,2,1,2
284 , 1400 , 1,1,6
284 , 1450 , 1
284 , 1500 , 3,3,1
284 , 1550 , 2,1,1,1,1,3,2,1,56
284 , 1600 , 2,5,171
284 , 1650 , 1,2,1,9
284 , 1700 , 1,1,1,2,1,1,1
284 , 1750 , 1,3
284 , 1800 , 2,5,2,1,2,2
284 , 1850 , 19,1,22
284 , 1900 , 1,1,6,12
284 , 1950 , 1,2,11
284 , 2000 , 1,3,4,1,1,1
285 , 1150 , 5,3
285 , 1200 , 3,16,75,1
285 , 1250 , 1,36
285 , 1300 , 1,19
285 , 1350 , 1
285 , 1450 , 1
285 , 1500 , 1,10
285 , 1550 , 6,3,1,1,3,1
285 , 1600 , 1,2
285 , 1650 , 4,1
285 , 1750 , 2
285 , 1800 , 1
285 , 1850 , 4
288 , 1050 , 4
289 , 1050 , 220
289 , 1100 , 159,2,2
289 , 1150 , 253,1,1,1,23
289 , 1200 , 319,2,1,27
289 , 1250 , 6
289 , 1300 , 5,1
289 , 1350 , 1
289 , 1400 , 1
289 , 1450 , 1
289 , 1500 , 1,1
289 , 1550 , 4,18,1
289 , 1600 , 1,2,1,1,2,1
289 , 1650 , 9,2
289 , 1700 , 2,6
289 , 1750 , 1,1,8
289 , 1800 , 1,1,13
289 , 1850 , 1,11,15
289 , 1900 , 12,1,1,6
289 , 1950 , 45,3
289 , 2000 , 133,3
290 , 1050 , 141
290 , 1100 , 77
290 , 1150 , 2,196
290 , 1200 , 7,1,171
290 , 1250 , 2,82
290 , 1300 , 1,1,63
290 , 1350 , 3,109
290 , 1400 , 6,178
290 , 1450 , 4,89
290 , 1500 , 3,151
290 , 1550 , 88
290 , 1600 , 25
290 , 1650 , 179
290 , 1700 , 84
290 , 1750 , 71
290 , 1800 , 34
290 , 1850 , 105
290 , 1900 , 2,2,1,185
290 , 1950 , 164
290 , 2000 , 80
291 , 1050 , 1,1,4,1,1
291 , 1100 , 6,1,1,2
291 , 1150 , 1,1
291 , 1200 , 1,6,1,1,1,1
291 , 1250 , 1,4,1,2,1
291 , 1300 , 2,1,2,1,1,3
291 , 1350 , 1,2,3,4,1,1
291 , 1400 , 1,3,2,1,7
291 , 1450 , 14,1,50
291 , 1500 , 2,1,1,1,135,2,2
291 , 1550 , 1,3,1,1,1,20,1,5,1,1
291 , 1600 , 1,1,1,8,34,5,1
291 , 1650 , 3,4,372,1
291 , 1700 , 1,1,23,1036,1
291 , 1750 , 3,1
291 , 1800 , 1,3,2,2,2,3
291 , 1850 , 2,2,6,1
291 , 1900 , 1,24,10,2
291 , 1950 , 68,1
291 , 2000 , 1,1
293 , 1550 , 1
293 , 1700 , 1
294 , 1050 , 1,22,2,4,3,1,1
294 , 1100 , 1,2,12,1
294 , 1150 , 1,1,1
294 , 1200 , 1,1,1
294 , 1250 , 1,3
294 , 1300 , 1,1,1,2
294 , 1350 , 2,4
294 , 1400 , 1,2,2,1
294 , 1450 , 3,74,1
294 , 1500 , 1,1,4,1,1
294 , 1550 , 2,1,1
294 , 1600 , 2,4,23,2,2,1,1,1,1
294 , 1650 , 1,3,18,1,3,2
294 , 1700 , 1,1,5,1,1,1,2,2
294 , 1750 , 6,2,1,7
294 , 1800 , 1,1,5,1,1
294 , 1850 , 1,1,2,1,1,1,2
294 , 1900 , 7,1,3,7,1,1,3
294 , 1950 , 1,1,2,2,1
294 , 2000 , 1,3,1
297 , 1350 , 1
297 , 1400 , 1,9
297 , 1450 , 3
297 , 1500 , 1
297 , 1750 , 1
298 , 1050 , 1
298 , 1100 , 1,24
298 , 1150 , 28,360,1
298 , 1200 , 2,89
298 , 1250 , 6
298 , 1300 , 1
298 , 1450 , 1
298 , 1500 , 1
298 , 1600 , 1
298 , 1800 , 1,1
298 , 1850 , 1,1,1
299 , 1050 , 1
299 , 1200 , 2
299 , 1250 , 2
299 , 1300 , 2
299 , 1350 , 2
299 , 1450 , 1
299 , 1550 , 1
299 , 1800 , 2
299 , 1850 , 4
299 , 1900 , 2,17
299 , 1950 , 1
300 , 1300 , 1,1
300 , 1350 , 1
300 , 1450 , 1
300 , 1500 , 2
300 , 1650 , 1
300 , 1750 , 1,1
300 , 1950 , 5
301 , 1050 , 12
301 , 1150 , 3
301 , 1200 , 66
301 , 1450 , 2
301 , 2000 , 1,4
302 , 1050 , 40
302 , 1100 , 26,1
302 , 1150 , 8
302 , 1200 , 12
302 , 1250 , 5
302 , 1300 , 4
302 , 1350 , 5
302 , 1400 , 5,1
302 , 1450 , 26
302 , 1500 , 50
302 , 1550 , 16
302 , 1600 , 8
302 , 1650 , 3
302 , 1700 , 1
302 , 1850 , 1
302 , 1900 , 4
302 , 1950 , 1
303 , 1050 , 114,2
303 , 1100 , 2,97,1
303 , 1150 , 60,4
303 , 1200 , 110,1,1
303 , 1250 , 43,1,1
303 , 1300 , 1,76,1
303 , 1350 , 1
303 , 1400 , 9,1
303 , 1450 , 1
303 , 1600 , 3
303 , 1650 , 1,2
303 , 1700 , 1
303 , 1800 , 2,1
303 , 1850 , 1
303 , 2000 , 1,7
304 , 1050 , 13
304 , 1100 , 17
304 , 1150 , 53
304 , 1200 , 24
304 , 1250 , 23
304 , 1300 , 32
304 , 1350 , 37
304 , 1400 , 4
304 , 1550 , 1
304 , 1700 , 1
305 , 1050 , 4,1,2,1,4,1,6,1
305 , 1100 , 3,1,1,2,1,1,32,1,5
305 , 1150 , 2,1,8,1,1,2
305 , 1200 , 1,1,1,1,1,1,1
305 , 1250 , 2,1,1,3,3,4,2,2,1
305 , 1300 , 1,4
305 , 1350 , 2,8,2,1,2,2,1
305 , 1400 , 1,5,5,1,1,1,1
305 , 1450 , 31,8,1,1,1,3,4,1,3
305 , 1500 , 1,2,1,2,1,2,1,3,1
305 , 1550 , 5,1,1,1,1,1,1
305 , 1600 , 1,1,1,2,3,1,1
305 , 1650 , 6,1,1,1,1,2,1,1,2,1,1
305 , 1700 , 1,2,1,1,4,6,3,2,2,2,1
305 , 1750 , 11,1,1,10,1
305 , 1800 , 3,2,15,9,4,14,1,1,29,1
305 , 1850 , 1,1,1,1,1,2
305 , 1900 , 7,2,1,1,1,2,13,2
305 , 1950 , 2,12,11,1,1,1,1,1
305 , 2000 , 1,1,8,2,1,3,1,2,1
