0 , 1050 , 0.96099068869656534,0.78634850564074465
0 , 1100 , 0.76813628371322573,0.52764024286056022
0 , 1150 , 0.81878223898815505,0.30754364262004258
0 , 1200 , 1.4798301097285875,0.61934401131709294
0 , 1250 , 0.47895690606457852,1.5039089690046785
0 , 1300 , 0.81878223898815505,0.42131532849597098
0 , 1350 , 1.0127055967177481,0.8619787902379602
0 , 1400 , 0.69983116292206327,0.71445113014966921
0 , 1450 , 1.2137688702742417,0.60933401375057539
0 , 1500 , 1.1491505726557059,0.51218472222380473
0 , 1550 , 0.42241952576610464,0.27055702748439109
0 , 1600 , 0.6814668317413668,2.502701807182854
0 , 1650 , 0.33471369483832741,0.43094543038664412
0 , 1700 , 0.49344463707485348,0.32951298727666872
0 , 1750 , 0.61581768216871979,2.0812409754300525
0 , 1800 , 0.72311426031507731,0.44620509918691686
0 , 1850 , 1.2099225503740956,0.99210300585881506
0 , 1900 , 1.1317937077972569,2.5273797257543196
0 , 1950 , 0.90770361745929529,0.62542584233417775
0 , 2000 , 1.0781058314708485,0.44797952705735716
3 , 1050 , 0.077527052111640904,0.58717185843362885
3 , 1100 , 0.13940636273953308,0.40319410866473349
3 , 1150 , 0.018474197716650112,3.3658593973077502
3 , 1200 , 0.0091843249682415796,0.26077904357275372
3 , 1250 , 0.0,0.41647149196542627
3 , 1300 , -1.1431511429864259e-31,3.196870706956616
3 , 1350 , 0.0477010052132638,2.4742724967443039
3 , 1400 , -1.0740262595724622e-31,3.0997879315529824
3 , 1450 , 0.0,0.41772691062717476
3 , 1500 , 0.0,0.33034960640866107
3 , 1550 , 0.0,0.46752025827593169
3 , 1600 , 0.0,0.91841697705741765
3 , 1650 , -2.1720486586117187e-31,65.482405740612094
3 , 1700 , -2.0573437895872897e-31,0.21783059393162216
3 , 1750 , 0.0,0.20814483193289707
3 , 1800 , -3.3604436368687541e-31,112.92191128393542
3 , 1850 , -1.0905107588530822e-30,0.18217039047076997
3 , 1900 , -1.912594520572015e-31,181.44556037279702
3 , 1950 , 0.19805357432673151,0.18414101038846864
3 , 2000 , 0.23753111312755174,227.66859802691175
4 , 1650 , 0.0,0.63092975357145198
7 , 1050 , 0.41819665771325376,0.3407001346929846
7 , 1100 , 0.45397953745599812,0.36663899507109038
7 , 1150 , 0.49041536668367869,2.0252330188297347
7 , 1200 , 0.41718509764557116,0.35923459944035452
7 , 1250 , 0.45412648263220179,2.1834784398060658
7 , 1300 , 0.47472119945919422,0.28899717854593848
7 , 1350 , 0.40283385912759673,0.26995533088291385
7 , 1400 , 0.41886784347357464,1.8765909033721235
7 , 1450 , 0.54041534272988301,1.2850183080118551
7 , 1500 , 0.56873846551443563,0.60338479223067409
7 , 1550 , 0.77838143722721598,0.2319939541339206
7 , 1600 , 0.53898366012024779,0.75325967547316452
7 , 1650 , 0.67385128707676667,0.22353612881653795
7 , 1700 , 0.66402939850116882,0.27582725787329693
7 , 1750 , 0.63731591384040953,0.61717008402104767
7 , 1800 , 0.47339635112570627,0.60961912882069602
7 , 1850 , 0.44404974924851692,0.24769421504315434
7 , 1900 , 0.43018867805690131,2.9404653699949606
7 , 1950 , 0.38571295615814905,3.0801934613975552
7 , 2000 , 0.3312577534473542,0.28918491656707135
8 , 1050 , 0.70492207659626138,1.0
8 , 1100 , 0.44475631207395927,1.0
8 , 1150 , 0.44475631207395927,1.0
10 , 1350 , 0.0,0.0
11 , 1050 , 1.2007760142336608,0.35539519962190458
11 , 1100 , 1.22519144704335,0.36049051200844445
11 , 1150 , 1.2604109149080727,0.45930562688533183
11 , 1200 , 1.0258513319092968,0.23388379445239008
11 , 1250 , 1.0561628089056987,0.68337882100149394
11 , 1300 , 0.98097416515686509,0.34395355261785437
11 , 1350 , 1.0869540989934863,0.26487500120405133
11 , 1400 , 1.0478848535837588,0.45068933052623467
11 , 1450 , 0.92708529197557754,0.23892875094461788
11 , 1500 , 0.91141632676847173,0.30927710905303757
11 , 1550 , 0.9072668360533116,0.35793411324218727
11 , 1600 , 0.93045423408737837,0.57601789881100118
11 , 1650 , 0.789537891700829,0.59694131415967766
11 , 1700 , 0.73574312458646174,0.2344680955071346
11 , 1750 , 0.73574312458646174,8.742402784003616
11 , 1800 , 1.7727509624024849,6.110898676893215
11 , 1850 , 1.7727509624024849,0.46725756945386632
11 , 1900 , 1.7727509624024849,0.7232430486296999
11 , 1950 , 1.8577572732995127,0.39801217948350587
11 , 2000 , 1.9997255542127195,0.59349508631084236
12 , 1050 , 0.79355709639339933,0.17028761005119247
12 , 1100 , 0.79389468323896251,0.20296102103885769
12 , 1150 , 0.79504890028756592,0.40622086247351019
12 , 1200 , 0.85975683803792391,0.17668406987403759
12 , 1250 , 0.8282679698755242,4.0354376133451071
12 , 1300 , 0.94920005094301885,0.90908398352519171
12 , 1350 , 1.144970838515498,0.32615993577891428
12 , 1400 , 1.1558151223950808,15.333381413546993
12 , 1450 , 1.1558151223950808,0.26652999055863119
12 , 1500 , 1.1558151223950808,0.43964033709381983
12 , 1550 , 0.80502177544000753,0.22512967132741765
12 , 1600 , 1.0922563993038295,0.65730394923912783
12 , 1650 , 1.0872592476133529,0.20128295750316796
12 , 1700 , 0.98739720953612353,0.13020434910664691
12 , 1750 , 0.94856124717191848,0.33846818306820259
12 , 1800 , 0.86264079885333655,0.42047517738328055
12 , 1850 , 0.86264079885333655,1.1256109469437667
12 , 1900 , 0.86264079885333655,24.482442020027523
12 , 1950 , 0.81878385568515299,0.17783068228782872
12 , 2000 , 0.81878385568515299,28.487169479251349
13 , 1050 , 0.47600631334138105,0.44708222949366849
13 , 1100 , 0.47600631334138105,0.27548585322164371
13 , 1150 , 0.43115008823463802,0.5651327723777595
13 , 1200 , 0.42197000513623412,0.21110934770231674
13 , 1250 , 0.41023317951837929,0.32632729533424226
13 , 1300 , 0.4169153423486649,0.23013129518654235
13 , 1350 , 0.49058897851182881,1.6414608441605076
13 , 1400 , 0.44868831035197976,0.33594400068804536
13 , 1450 , 0.48892273476136494,0.35695306422280526
13 , 1500 , 0.50764388333417731,0.94669715522776388
13 , 1550 , 0.32683435871839117,4.1795233836400518
13 , 1600 , 0.50764388333417731,25.699752404716332
13 , 1650 , 0.87398509803839197,0.31066912431604154
13 , 1700 , 0.88433396082735594,0.22729530362751119
13 , 1750 , 0.70490157792255614,0.54494029918273879
13 , 1800 , 0.70490157792255614,0.21438975198029075
13 , 1850 , 0.70490157792255614,2.2830629851603663
13 , 1900 , 0.56724341342853901,2.7862508422606389
13 , 1950 , 0.54638169340335563,0.22804130531043015
13 , 2000 , 0.79716470735713385,0.16993886171116235
15 , 1050 , 1.5993972113273607,0.39274096456491525
15 , 1100 , 0.46053230644148202,0.23377572793543705
15 , 1150 , 1.9982974121542008,5.5346477081098726
15 , 1200 , 0.0,0.0
15 , 1250 , 0.0,0.0
18 , 1050 , 1.0734744099326843,0.34557681630496573
18 , 1100 , 1.7359309949323234,5.9718174924838081
18 , 1150 , 1.6410809542894684,0.47404776584193137
18 , 1200 , 2.1703778162865444,0.29376473223265159
18 , 1250 , 2.2098304306449852,0.27363454009690119
18 , 1300 , 1.1947249943992595,1.9467047070260128
18 , 1350 , 0.6846967069201001,1.1639286353043525
18 , 1400 , 0.0,1.5506158831914925
18 , 1450 , 0.0,0.83847241605628364
18 , 1550 , 0.0,0.0
20 , 1050 , 0.094245177128709348,0.84950763741322399
20 , 1100 , 0.43545165020151577,0.79124468630155909
20 , 1150 , 0.27492740761358814,0.22209865294403136
20 , 1200 , 0.44872365481374621,0.54581684053843749
20 , 1250 , 0.52312354571050435,2.065595654309885
20 , 1300 , 0.437194132612229,2.0812243455674748
20 , 1350 , 0.41967664700281365,0.26339127021683273
20 , 1400 , 0.23396677225659779,0.81117992831864127
20 , 1450 , 0.43883459188628593,0.26424782640492278
20 , 1500 , 0.33196555363601515,0.25573565621899585
20 , 1550 , 0.34240379467644499,0.26486311295245007
20 , 1600 , 0.63223561959364383,0.36532596249551186
20 , 1650 , 0.42114407439468055,0.39817899105120191
20 , 1700 , 0.57083956939438329,0.2910607894037045
20 , 1750 , 0.35620321742685357,0.31793744730952561
20 , 1800 , 0.5526354013339162,0.28164617238179862
20 , 1850 , 0.5526354013339162,0.31221215335141611
20 , 1900 , 0.38412658009981082,0.22881222406990426
20 , 1950 , 0.37319403513738086,0.20132505979935869
20 , 2000 , 0.47091844124713111,32.386235813630712
21 , 1050 , 0.0,0.0
22 , 1050 , 0.33321531360467804,0.53385228855521172
22 , 1100 , 0.42592714336865412,0.51180340757083398
22 , 1150 , 0.27864833816912937,2.4426768513155022
22 , 1200 , 0.2198002191625589,0.46105266525097444
22 , 1250 , 0.35382727800283947,0.56371865745771799
22 , 1300 , 0.33522808781436109,0.41433785782021493
22 , 1350 , 0.19204818736789761,0.61337551058167139
22 , 1400 , 0.18231604344135915,0.76106271703363804
22 , 1450 , 0.19204818736789761,0.37631150623592785
22 , 1500 , 0.14238438418106683,0.30982543532626922
22 , 1550 , 0.16010465847256924,0.50106107887235984
22 , 1600 , -6.0745045353069014e-32,0.19908842135570615
22 , 1650 , -6.0745045353069014e-32,0.24751387889903195
22 , 1700 , -6.0745045353069014e-32,0.23217554170371221
22 , 1750 , 0.0,0.29983860457453226
22 , 1800 , 0.12368027948330544,2.1583947126899292
22 , 1850 , 0.0,1.1572879121965489
22 , 1900 , 0.0,0.21762986248830699
22 , 1950 , 0.0,1.1339340285454655
22 , 2000 , 0.0,0.32899476859627474
25 , 1050 , 1.0902304454321077,0.23903560170630811
25 , 1100 , 1.0902304454321077,10.406977341797251
25 , 1150 , 1.0902304454321077,0.20288393013318906
25 , 1200 , 1.0902304454321077,0.2830245764233687
25 , 1250 , 0.0,26.850328823214095
25 , 1300 , 0.0,0.2069392081449199
25 , 1350 , 0.0,0.20599659327371503
25 , 1400 , 0.0,0.20943227776624351
25 , 1450 , 2.848396819192395,21.500667630021873
25 , 1500 , 2.848396819192395,0.23860850494694494
25 , 1550 , 2.848396819192395,37.72016610662731
25 , 1600 , 2.848396819192395,64.631852048180477
25 , 1650 , 2.848396819192395,0.15830406691168489
25 , 1700 , 2.848396819192395,54.823273714640344
25 , 1750 , 2.7302262297288578,0.19562386404910057
25 , 1800 , 1.7225809623171577,0.14262838210335838
25 , 1850 , 1.7225809623171577,107.09086552967932
25 , 1900 , 2.7302262297288578,0.20638929721600274
25 , 1950 , 0.0,0.0
25 , 2000 , 0.0,0.0
26 , 1050 , 0.43811637724109154,0.36414121907662972
26 , 1100 , 0.61539420417455815,0.54041626688066613
26 , 1150 , 0.50397794416259079,2.9043770446374619
26 , 1200 , 0.5367451353781405,0.37381520853726263
26 , 1250 , 0.43073413624401863,0.38422396229580724
26 , 1300 , 0.47690551702026113,0.47704112123539671
26 , 1350 , 0.56835168542680703,0.51922422007757274
26 , 1400 , 0.38181170940240461,0.31729258603055971
26 , 1450 , 0.56313678477448514,0.28017547060561987
26 , 1500 , 0.47841704329021301,0.68927078947458986
26 , 1550 , 0.50591821683169458,0.32897300453254558
26 , 1600 , 0.35763411292010233,0.35285462299508452
26 , 1650 , 0.62140144265239616,1.012377582428087
26 , 1700 , 0.30218469031523654,0.60199082023258565
26 , 1750 , 0.44543067300722256,0.78783996302461312
26 , 1800 , 0.4200126517653443,0.45226400368919251
26 , 1850 , 0.52798534712673229,1.0871097837049077
26 , 1900 , 0.84407863930684879,0.361580384726994
26 , 1950 , 0.35522781632159783,0.35779713204509189
26 , 2000 , 0.10993125542500067,0.4041235094190192
27 , 1400 , 0.0,0.0
27 , 1500 , 0.0,0.0
27 , 1550 , 0.0,0.0
29 , 1050 , 0.22111532620325905,0.38116744173446332
29 , 1100 , 0.43515980373118535,1.0728055280926763
29 , 1150 , 0.61721451763339019,0.28287017916699253
29 , 1200 , 0.052104980465486055,0.31466553002353692
29 , 1250 , 0.18372809347094432,0.43380368848988432
29 , 1300 , 0.11976050990742579,0.37937770472369026
29 , 1350 , 0.087574797071070729,0.88481403421435234
29 , 1400 , 0.16399982098482249,0.40542081134810987
29 , 1450 , 0.088449323292952381,1.0829790888811794
29 , 1500 , 0.018401296718113695,0.48420330884151375
29 , 1550 , 0.14357644702871108,1.2030513753567942
29 , 1600 , 0.0,0.94468654136177177
29 , 1650 , 0.0,1.2906137797635842
29 , 1700 , 0.0,0.086865423686510776
29 , 1750 , 0.10011318474744604,3.4043335427068873
29 , 1800 , 0.0,0.46200454677546049
29 , 1850 , 0.05040818450928531,0.39984648880951157
29 , 1900 , 0.0,0.0
29 , 1950 , 0.0,0.0
29 , 2000 , 0.0,0.0
31 , 1050 , 1.4245629144392979,0.92739070167945425
31 , 1100 , 1.3457494392151461,0.71936905405066576
31 , 1150 , 1.7386641238089375,0.74995841179056888
31 , 1200 , 1.4502577583437934,1.0722146675205513
31 , 1250 , 1.4070235044395565,1.2699406387009471
31 , 1300 , 1.4007189893872818,0.45838592069537681
31 , 1350 , 1.475041980298005,0.38116272199826268
31 , 1400 , 0.76193927521990445,2.7052106021258271
31 , 1450 , 1.3025437943125706,0.47990593551663024
31 , 1500 , 0.3426138330095021,0.52831469664137476
31 , 1550 , 0.6688120974268148,0.61357485535478451
31 , 1600 , 0.6676816468784551,0.36403301740881622
31 , 1650 , 0.3426138330095021,0.23940057128822997
31 , 1700 , 0.76193927521990445,0.4037976967468867
31 , 1750 , 0.63228970132343876,0.54550120602059182
31 , 1800 , 1.3025437943125706,0.55871689750592879
31 , 1850 , 0.95992996130306829,0.60204126044539086
31 , 1900 , 0.4193254422104023,2.0442305132639271
31 , 1950 , 0.95992996130306829,2.5833833810910942
31 , 2000 , 1.2481600779547712,4.0057449216686942
32 , 1050 , 1.0357278738503548,0.25279856938268153
32 , 1100 , 0.85079616643105305,0.36739677278926047
32 , 1150 , 1.2215200529528782,0.2100809414820175
32 , 1200 , 0.39748303916809746,0.20343016389376392
32 , 1250 , 0.85476606812838485,0.71466435551987995
32 , 1300 , 1.2692681344220831,2.6469040384609857
32 , 1350 , 1.163725649549483,0.25249409336947948
32 , 1400 , 1.3324819552117422,0.25641626344518226
32 , 1450 , 1.0239951059701049,0.62276238104597237
32 , 1500 , 0.88353700769332821,3.1682069955389194
32 , 1550 , 0.76966322537720067,0.25768635657850192
32 , 1600 , 1.3901808258634192,0.60305495106934148
32 , 1650 , 0.87008352369498454,174.19145527671
32 , 1700 , 1.1405590292361247,212.74086015946341
32 , 1750 , 1.1405590292361247,0.2098761293905245
32 , 1800 , 0.51482008602570195,238.21069350073739
32 , 1850 , 0.7049662929000271,260.91674455978341
32 , 1900 , 1.0327569520972184,165.90720539172122
33 , 1050 , 0.58495916561030303,0.23087391728589038
33 , 1100 , 0.65550749021688071,0.5538782655832386
33 , 1150 , 0.50259302579035925,0.24856444381673173
33 , 1200 , 0.63438462768462722,0.31017552344105137
33 , 1250 , 0.77625414362375611,0.23268185663103672
33 , 1300 , 0.85761068640039895,0.64844462013021342
33 , 1350 , 0.70898742814077487,0.3706690440199924
33 , 1400 , 1.6721550419700677,0.36953807498939351
33 , 1450 , 1.1715962830523692,0.34572841181694219
33 , 1500 , 1.5624609846996966,0.24335398663472579
33 , 1550 , 2.6180816156603419,3.4400411518230913
33 , 1600 , 2.5075668949777854,4.1066707647838374
33 , 1650 , 3.7980650185603797,0.50463731893161545
33 , 1700 , 4.974291865777432,0.23130588163820151
33 , 1750 , 7.3985987805977205,1.2125684321344679
33 , 1800 , 14.41207351700694,440.22227740783853
33 , 1850 , 19.993360654715374,0.28516083218598964
33 , 1900 , 67.021962911719299,0.61237709467514279
35 , 1050 , 0.0,0.0
35 , 1100 , 0.0,0.0
35 , 1150 , 0.0,0.0
38 , 1050 , 0.89561488733101757,0.32770669436823974
38 , 1100 , 0.83827266238107268,0.4036070510493211
38 , 1150 , 0.83112415819870289,0.26473677002253082
38 , 1200 , 0.80811815350968086,0.34237785217130928
38 , 1250 , 0.19923667773916623,0.35629958674831641
38 , 1300 , 0.19923667773916623,0.15665404605884606
38 , 1350 , 0.087281554195233146,1.2559783801921272
38 , 1400 , 1.2865387999921282e-31,1.4838763962772998
38 , 1450 , 0.26060446975750662,0.2731196149047519
38 , 1500 , 0.087959349901216705,0.31370891746246371
38 , 1550 , 0.19998501634311466,0.1982622966872763
38 , 1600 , 0.28184483775344821,0.404060364714875
38 , 1650 , 0.19998501634311466,0.96551194061571743
38 , 1700 , 0.43647141987799232,0.26814574346845466
38 , 1750 , 0.24243821018432518,0.24804017269240897
38 , 1800 , 0.32783326848745098,0.68852535979980967
38 , 1850 , 0.24243821018432518,0.20642274359614379
38 , 1900 , 0.30356488039084029,0.80012323993822709
38 , 1950 , 0.21490325069233568,0.23915874970215079
38 , 2000 , 0.40046328919890234,0.18074790698294674
42 , 1050 , 0.0,0.29073762410332654
42 , 1100 , -1.0193101090592105e-32,0.42821486420650862
42 , 1150 , 0.0,0.32891182959229459
42 , 1200 , 0.0,0.32309639804244911
42 , 1250 , 0.0,0.29237199086241727
42 , 1300 , 0.0,0.31013037381647363
42 , 1350 , 0.0,0.34757782480089255
42 , 1400 , 0.0,0.40575167682957863
42 , 1450 , 0.0,0.38475675594930359
42 , 1500 , 0.0,0.29494920001296143
42 , 1550 , 0.41815030706322515,0.32213834674602637
42 , 1600 , 0.4151645103828896,0.3311392090446022
42 , 1650 , 0.52367381862356555,0.37469010017941962
42 , 1700 , 0.6553149018078257,0.3425418062680412
42 , 1750 , 0.52744320435801295,0.38909600668728345
42 , 1800 , 0.77448035767891021,0.30293192905548327
42 , 1850 , 0.77513672740886363,0.32699237242540835
42 , 1900 , 0.81769137047054774,0.33223635857187495
42 , 1950 , 0.793967251440993,0.39010665515872356
42 , 2000 , 0.76933461456405716,0.31694337558573249
43 , 1050 , 0.60297986732755882,0.25662951010617102
43 , 1100 , 1.0691365404826267,0.26890604146627878
43 , 1150 , 1.2050128541625336,0.20759829016105433
43 , 1200 , 0.83297888306163614,1.0091267539317998
43 , 1250 , 0.73654343289766888,0.18176251872393592
43 , 1300 , 0.73654343289766888,0.25235721203776212
43 , 1350 , 0.73654343289766888,0.21534394213633964
43 , 1400 , 0.73654343289766888,101.95629190680872
43 , 1450 , 1.5932422945187836,0.24889585042168533
43 , 1500 , 1.4670291787956125,0.20590252897882691
43 , 1550 , 1.4670291787956125,0.23478680645794486
43 , 1600 , 1.5932422945187836,413.81749521183002
43 , 1650 , 0.0,0.0
43 , 1700 , 0.0,0.25
43 , 1750 , 2.9005085299663875,0.21733020794704452
43 , 1800 , 11.910310954887484,1.0730460118937601
46 , 1050 , 0.20236259285624128,0.30024254081260465
46 , 1100 , 0.26158626049096179,5.8025078085212023
46 , 1150 , 0.33404288399581711,56.338688078723671
46 , 1200 , 0.48591869153582395,0.29336209176714428
46 , 1250 , 0.65192433153538842,0.25189978893641812
46 , 1300 , 0.7035445124351255,0.36932295196395204
46 , 1350 , 1.0317541194787569,4.5949678912484897
46 , 1400 , 0.91559054941139584,88.886519118515366
46 , 1450 , 1.1870182537993976,190.10131036051894
46 , 1500 , 1.2470791697642927,0.32835812627383731
46 , 1550 , 1.5817169164011782,0.50803846731596758
46 , 1600 , 1.0246235728394619,0.26085557153544209
46 , 1650 , 1.6856161273207724,0.24743750886798868
46 , 1700 , 2.0976507724925124,344.86848593844752
46 , 1750 , 2.0976507724925124,407.57520887973334
46 , 1800 , 2.925255669420725,0.26220537107289332
46 , 1850 , 3.1568810583333367,0.29858187019491428
46 , 1900 , 3.7980366111417045,330.6169775910044
46 , 1950 , 3.9801586845814279,0.28273554965192393
46 , 2000 , 5.7155019935528415,0.32165614795710379
47 , 1050 , 0.0,0.22234421701219781
47 , 1100 , 0.0,0.22151998900806719
47 , 1150 , 0.0,0.36947492269892851
47 , 1200 , 0.0,0.42643599183278258
47 , 1250 , 0.0,9.5502419750470207
47 , 1300 , 0.0,396.34210860910525
47 , 1350 , 0.0,0.15829640815641799
47 , 1400 , 0.17730657905831076,0.15897148115683882
47 , 1450 , 0.17730657905831076,353.76826809809137
47 , 1500 , 0.0,0.1597448004632514
47 , 1550 , 0.0,0.15657309415255438
47 , 1600 , 0.0,0.19225201273129475
47 , 1650 , 0.0,616.91513977865918
47 , 1700 , 0.0,0.21987071106560543
47 , 1750 , 0.0,0.010268628432319453
47 , 1800 , 0.0,3.0269940879550008
47 , 1850 , 0.0,0.16751740671759607
47 , 1900 , 0.0,0.1688282469606984
47 , 1950 , 0.0,260.10581417987026
47 , 2000 , 0.16291774659631386,297.81407590320094
48 , 1050 , -2.9880263970794195e-31,0.63057873891183069
48 , 1100 , 0.045212946289289332,0.7494189496653656
48 , 1150 , -4.666829708153311e-31,2.1473652496413722
48 , 1200 , -2.3334148540766555e-31,0.31868646320865762
48 , 1250 , 0.015679278753546532,0.84110059464461195
48 , 1300 , 0.0,0.87382491306362331
48 , 1350 , 0.026993116341389491,1.2806866245299169
48 , 1400 , 0.0,2.4211129122138306
48 , 1450 , 0.0,0.83390410009795712
48 , 1500 , 0.032000464994804897,0.65188364481617045
48 , 1550 , 0.0,0.41096120236202238
48 , 1600 , 0.10279723522638254,1.0200996666837774
48 , 1650 , 0.018258685908484,0.9202180142658889
48 , 1700 , 0.039934743623986996,0.62128588989455991
48 , 1750 , 0.040573777317850203,0.60929418316874406
48 , 1800 , 0.019499813435014283,0.83858611131001992
48 , 1850 , 0.069520986922255362,0.87020019063085663
48 , 1900 , 0.023791014146157256,0.95016593459103915
48 , 1950 , 0.03501918283773605,0.99603132213204315
48 , 2000 , 0.1429564767405167,1.0583692825537259
51 , 1050 , 0.16565180397486023,66.737810371901446
51 , 1100 , 0.0,0.24367850345818023
51 , 1150 , 0.0,61.547683885535825
51 , 1200 , 0.0,0.21834659082404667
51 , 1250 , 0.0,0.2040229690090489
51 , 1300 , 0.0,287.3391601140039
52 , 1950 , 0.0,0.0
52 , 2000 , 0.0,0.0
57 , 1050 , 0.52223557566688439,1.2503152536767874
57 , 1100 , 1.100448694184722,2.482855797792026
57 , 1150 , 1.2971254541134782,0.9081807845656592
57 , 1200 , 0.75566120625712441,0.5862816785660997
57 , 1250 , 1.0613601614409414,0.26076851011327129
57 , 1300 , 0.83495280477228606,0.18929559253134895
57 , 1350 , 1.0985615313310948,0.86514491845588637
57 , 1400 , 0.81289468337351156,1.5574932905531402
57 , 1450 , 1.0965502821993065,0.69988106687713003
57 , 1500 , 1.4171163018626358,0.23202671849064052
57 , 1550 , 1.2206375425517906,0.11875519117040251
57 , 1600 , 1.2206375425517906,0.70872122124272019
57 , 1650 , 0.96733236595850647,0.31207994863158117
57 , 1700 , 0.8984441966026806,0.29337977272170823
57 , 1750 , 0.62250116851304305,3.5040883421879081
57 , 1800 , 0.62250116851304305,0.40239334079882916
57 , 1850 , 0.88489705745557679,0.2960043391618582
57 , 1900 , 0.88489705745557679,0.34436178895870595
57 , 1950 , 0.92437851777405733,0.24119642372256572
57 , 2000 , 1.0429824907189507,0.51961493133488279
58 , 1050 , 0.16657249900373658,0.43892873233048174
58 , 1100 , 0.14123867403702445,0.44549594591869368
58 , 1150 , 0.33710183770574947,0.54855861632994252
58 , 1200 , 0.3173963295529994,1.6446623010820631
58 , 1250 , 0.36376919096289284,0.56827739431843927
58 , 1300 , 0.43747971953132869,0.33421198727382651
58 , 1350 , 0.21473678891723408,0.60231918289206721
58 , 1400 , 0.50818547888738275,0.68138437927939088
58 , 1450 , 0.2804952323692797,0.56990475484472913
58 , 1500 , 0.38640660511489477,0.33671496658854633
58 , 1550 , 0.51913976531537909,0.32754913401150426
58 , 1600 , 0.78790544863554612,0.7409111308976738
58 , 1650 , 0.55913419163047118,0.71463877189836322
58 , 1700 , 0.728856810979154,0.79060032433225946
58 , 1750 , 0.45055291889477983,0.74949835010426069
58 , 1800 , 0.87861538543113105,0.53944860247477611
58 , 1850 , 0.67190647494546463,1.3144608742325263
58 , 1900 , 0.73198064834509213,0.64637852951808084
58 , 1950 , 0.81044681398470431,0.40926809989148444
58 , 2000 , 0.75596800477241555,0.86710946629910834
59 , 1050 , 0.54083899207397956,0.24053616891521887
59 , 1100 , 0.65060172761601309,0.83427456655537746
59 , 1150 , 0.42079313150377695,0.56413405882734302
59 , 1200 , 0.0,0.22615996526008664
59 , 1250 , 0.0,0.20644192532822758
59 , 1300 , 0.0,0.0
59 , 1350 , 0.31291779609695081,0.12085944443279323
59 , 1400 , 0.0,0.28710198193040709
59 , 1450 , 0.0,1.9503656147561811e-30
59 , 1500 , 0.0,0.0
59 , 1550 , 0.58835767178510856,0.0
59 , 1600 , 0.0,-2.7955658620308939e-28
59 , 1650 , 0.0,0.0
59 , 1700 , 0.0,0.20871759597004375
59 , 1750 , 4.1393968182637115,0.24465054211821105
59 , 1800 , 0.0,0.0
60 , 1150 , 0.0,0.0
61 , 1050 , 0.8740248464280822,0.56761072109177746
61 , 1100 , 0.7400796538473402,0.35717111967690174
61 , 1150 , 0.65913307148711631,0.5642312743200415
61 , 1200 , 0.5935311252385892,1.066293640897257
61 , 1250 , 0.63590690563431285,0.5205201164096509
61 , 1300 , 0.63837494128374173,0.47787925611861265
61 , 1350 , 0.47625351741026167,0.42719569852811357
61 , 1400 , 0.40318123732578842,0.61140773246859248
61 , 1450 , 0.41005566362470308,0.40521625472487116
61 , 1500 , 0.28572423520621315,10.585238789851628
61 , 1550 , 0.31167680010778287,0.41660366512709163
61 , 1600 , 0.26468798312660208,0.34876982474789725
61 , 1650 , 0.35308276820174506,0.32390960985164696
61 , 1700 , 0.23664540939098444,0.27966700959693563
61 , 1750 , 0.15774373280872947,0.57095275313618399
61 , 1800 , 0.25949015531746389,0.30174788406705105
61 , 1850 , 0.13301670197618701,0.4722736921071059
61 , 1900 , 0.19646522256966908,6.0605663785789368
61 , 1950 , 0.096988620195772493,0.32724391319296131
61 , 2000 , 0.24286674350412238,0.72082432994274381
63 , 1550 , 0.0,0.0
64 , 1050 , 0.0,1.2708576443049231
64 , 1100 , 0.0,163.92906396423535
64 , 1150 , 0.0,0.13339247000027665
64 , 1200 , 1.6897647708979728,0.15415029051607726
64 , 1250 , 0.0,0.81484155188953999
64 , 1300 , 6.6985422261457632,0.0
65 , 1050 , 0.85523156726917915,0.72456057366921101
65 , 1100 , 0.74032590224826011,0.58513527795546194
65 , 1150 , 0.60407027353959575,0.61132257067800866
65 , 1200 , 0.65925473420990721,0.57897863155240969
65 , 1250 , 0.65925473420990721,0.43266905787341625
65 , 1300 , 0.58332745296842903,0.58128866607808161
65 , 1350 , 0.5398222405545654,0.36351285948040113
65 , 1400 , 0.62624141443954962,0.37461037623923044
65 , 1450 , 0.62624141443954962,0.30679553084907801
65 , 1500 , 0.79789216606724289,0.33765351305342262
65 , 1550 , 0.53435675570696473,3.3398552484201307
65 , 1600 , 0.81400427609305137,0.39013015671775159
65 , 1650 , 0.92298694962074923,0.82895934685130457
65 , 1700 , 0.45873442667061037,0.18973785483335062
65 , 1750 , 0.5181324329112349,0.32987385118335438
65 , 1800 , 0.14321970846555651,0.50109046146475811
65 , 1850 , 0.5181324329112349,5.1221441112871187
65 , 1900 , 0.70391458551628894,14.471088375607614
65 , 1950 , 0.5181324329112349,0.41361297403179786
65 , 2000 , 0.25146202586540672,0.31917081672151698
66 , 1050 , 0.0,4.8830363673422674
66 , 1100 , 0.0,0.49405178101125791
66 , 1150 , 0.0,4.3607691720965684
66 , 1200 , 0.51326925316792837,0.6213990922513084
66 , 1250 , 0.0,0.34661783417468434
66 , 1300 , 0.0,0.4353983311380929
66 , 1350 , 0.0,4.1602179939266017
66 , 1400 , 0.0,0.34520374078433402
66 , 1450 , 0.0,0.37952270656110176
66 , 1500 , 0.54219003542216038,9.8691906230812574
66 , 1550 , 0.0,3.7833522390703176
66 , 1600 , 0.0,0.79230958007946084
66 , 1650 , 0.54219003542216038,1.0
66 , 1700 , 0.92687998761242851,1.0
66 , 1750 , 0.92687998761242851,1.0
66 , 1800 , 0.92687998761242851,1.0
66 , 1850 , 0.92687998761242851,1.0
66 , 1900 , 0.92687998761242851,1.0
66 , 1950 , 0.92687998761242851,1.0
66 , 2000 , 0.92687998761242851,1.0
67 , 1050 , 0.57627681158685951,0.58775904227276565
67 , 1100 , 0.52266750458083888,0.95684655275837471
67 , 1150 , 0.57627681158685951,0.63369692711010839
67 , 1200 , 0.55508529715039634,1.540487529625576
67 , 1250 , 0.55508529715039634,0.47419218005128894
67 , 1300 , 1.5394503820912855,0.19182774834867133
67 , 1350 , 1.0936273406709214,0.50466533988743212
67 , 1400 , 1.2317187663551017,0.43067655807339272
67 , 1450 , 1.069553924993031,2.4094208396531367
67 , 1500 , 1.069553924993031,2.4094208396532739
67 , 1550 , 1.069553924993031,2.4094208396532197
67 , 1600 , 1.069553924993031,0.5
67 , 1650 , 1.069553924993031,3.1062837195054138
67 , 1700 , 1.4786895339579431,0.27894294565113031
67 , 1750 , 1.4786895339579431,0.18920035951686973
67 , 1800 , 1.4786895339579431,0.27894294565113031
67 , 1850 , 1.4786895339579431,10.740053666281348
67 , 1900 , 1.4786895339579431,0.35620718710801696
67 , 1950 , 1.4786895339579431,0.33333333333333298
67 , 2000 , 1.4786895339579431,3.1062837195053943
70 , 1550 , 0.0,0.0
70 , 1650 , 0.0,0.0
70 , 1800 , 0.0,0.0
71 , 1100 , 0.25472337696959213,2.4094208396532317
71 , 1150 , 0.54594045447962325,3.1062837195053881
72 , 1050 , 1.2836337068592838,0.2654476493092941
72 , 1100 , 1.1923187969548641,0.28543618243491781
72 , 1150 , 0.91796651747874347,14.830173291517127
72 , 1200 , 1.263266793123283,0.25066703979979904
72 , 1250 , 1.3154792106355357,0.24609739731207178
72 , 1300 , 1.4226280870469727,0.20281645701894063
72 , 1350 , 1.5172090544475489,0.110031958820259
72 , 1400 , 1.5245996777003912,0.14636099991379839
72 , 1450 , 4.136545798913227,0.10651137182165182
72 , 1500 , 5.5944426954095841,3.0296788832066421
72 , 1550 , 8.9476167722870112,587.40636297160461
72 , 1600 , 0.0,1.0
75 , 1050 , 1.6397796250449022,1.4685118920511764
75 , 1100 , 1.2727560792509094,1.4967541636275292
75 , 1150 , 1.4382007258046312,0.74297967525235398
75 , 1200 , 1.5209205495381137,0.80704084356925876
75 , 1250 , 1.4513867845702322,0.77577230246258655
75 , 1300 , 1.4005889993363145,0.37081024287801972
75 , 1350 , 1.3728029507886355,8.2095441144625774
75 , 1400 , 1.3800202766641116,0.69587816353044507
75 , 1450 , 1.3800202766641116,0.38542122303974641
75 , 1500 , 1.3728029507886355,0.47419426861155634
75 , 1550 , 1.3516707880179617,0.44636532130741652
75 , 1600 , 1.3893250280368878,0.63800201665292355
75 , 1650 , 1.1824680995172936,0.53578075092742172
75 , 1700 , 1.3446938152915342,7.1583154256121357
75 , 1750 , 1.3446938152915342,0.40629535018974017
75 , 1800 , 1.3303990800883509,0.59849008662349823
75 , 1850 , 1.3733375776225949,0.6075462362287043
75 , 1900 , 1.3035579790873728,1.2769870599450079
75 , 1950 , 1.3303990800883509,0.60780010658344807
75 , 2000 , 1.3303990800883509,0.27794858708784137
77 , 1050 , 1.3587210333638899,0.35775934467581499
77 , 1100 , 1.8016073059053737,0.55473009253677141
77 , 1150 , 1.8454231138730148,0.56375470341553691
77 , 1200 , 2.2867794690222643,0.52722217815983252
77 , 1250 , 2.3875996767453374,0.38351193037911008
77 , 1300 , 3.8522908849017821,0.46621189687459591
77 , 1350 , 0.0,0.39439963547729134
77 , 1400 , 0.0,2.1736279294659089
77 , 1450 , 0.0,1.0037648577509033
77 , 1500 , 0.0,0.74051626473200405
77 , 1550 , 0.0,0.0
77 , 1700 , 0.0,0.76886568861897087
77 , 1750 , 0.0,5.4863885883558318e-27
79 , 1900 , 0.0,0.0
79 , 1950 , 1.0001162050653871,0.095711032569796184
82 , 2000 , 0.0,0.0
85 , 1050 , 0.91018533290898196,0.53887183150578732
85 , 1100 , 0.80582385719913385,0.28630388540710155
85 , 1150 , 0.65273553105479121,0.11903734813373813
85 , 1200 , 0.85447953669882071,0.51623379630539179
85 , 1250 , 0.51185170378686451,0.15266625774138431
85 , 1300 , 0.72418434881699034,0.12976391891323921
85 , 1350 , 2.4582654360189449,0.63359672355686147
85 , 1400 , 1.7734823625614531,0.21760295804711371
85 , 1450 , 6.6046491005023915,0.15953243048891233
85 , 1500 , 0.0,-9.6769138227647121e-26
88 , 1050 , 0.67466973837473054,0.3289924300878273
88 , 1100 , 0.7387854549109516,0.80383856783601215
88 , 1150 , 0.59446296670050869,0.52379338592680447
88 , 1200 , 0.54125771667145917,0.57570152244525341
88 , 1250 , 0.43704015654729972,0.35869353019526146
88 , 1300 , 0.45154967904760185,0.78388758451548546
88 , 1350 , 0.59528805277973329,0.32888972079500484
88 , 1400 , 0.24879093930712864,4.0977559276711037
88 , 1450 , 0.21532340879330544,0.30698868099101029
88 , 1500 , 0.36198172306900089,1.0151681766079124
88 , 1550 , 0.12545052023676462,0.29169570126931699
88 , 1600 , 0.067379730342522495,0.35731682730251296
88 , 1650 , 0.094714842528277193,0.25578589659615431
88 , 1700 , 0.047214528568551788,0.23405973257656734
88 , 1750 , 0.053798073103493202,0.19944889923958037
88 , 1800 , 0.044589515450572811,0.22376295370604821
88 , 1850 , -2.892328105217573e-31,0.23349594336329124
88 , 1900 , 0.07830870466032977,0.20944029387366075
88 , 1950 , 0.0,0.30350710037233092
88 , 2000 , 0.0,0.26759549851137221
89 , 1050 , 0.04381784295847603,0.18596649636694126
89 , 1100 , 0.19774300098523287,5.0113043517514999
89 , 1150 , 0.052633830097284375,4.3522205452104314
89 , 1200 , 1.1007182416295735e-31,4.6091290291527232
89 , 1250 , 1.1007182416295735e-31,0.28228157011166644
89 , 1300 , 2.0376427069371566e-32,-0.125
89 , 1350 , 0.0,0.0625
89 , 1400 , -4.512681862284715e-31,0.4822061368322782
89 , 1450 , 9.1712270744501943e-32,0.0625
89 , 1500 , 1.2255032523359533e-31,0.0625
89 , 1550 , 0.051944805442017933,1.1998571715364885
89 , 1650 , 0.0,0.125
89 , 1700 , 3.2382703288209222e-31,1.1011530392987641
89 , 1800 , 0.0,0.0
90 , 1050 , 0.32505212326636312,0.74129923812180343
90 , 1100 , 0.33767260908402269,3.8584813876690407
90 , 1150 , 0.23818457672922383,0.31261833383608678
90 , 1200 , 0.36071179916037693,0.40413712524197742
90 , 1250 , 0.28109376231392458,0.62480271383328156
90 , 1300 , 0.30040973711986546,0.28274940025116219
90 , 1350 , 0.37283174116278889,0.46157997045303462
90 , 1400 , 0.36798961000424002,0.46056462206804055
90 , 1450 , 0.31777452818227864,0.32239516288064152
90 , 1500 , 0.12213303185688429,0.51322834876984846
90 , 1550 , 0.33460857223138285,0.35075095581665211
90 , 1600 , 0.17383578769244143,0.37214601203592496
90 , 1650 , 0.29097755020152122,0.38895006736178095
90 , 1700 , 0.17014981347313865,0.25404938713008424
90 , 1750 , 0.22263904047264246,0.29206600794027748
90 , 1800 , 0.16712980626416662,0.44444602855508741
90 , 1850 , 0.24935479223301779,0.25806881066130022
90 , 1900 , 0.20212962873894089,0.30629361458688192
90 , 1950 , 0.25614654342141513,0.30086446616450718
90 , 2000 , 0.32125651981905468,0.2823754889292508
91 , 1050 , 0.39223875786702372,0.34419109427416056
91 , 1100 , 1.0855087958787202,0.2868973823531038
91 , 1150 , 1.0106613020929529,0.19377918270162958
91 , 1200 , 0.83466009185087497,0.1520407586286783
91 , 1250 , 1.2921509346128133,0.392971639493358
91 , 1300 , 1.4923831408451083,0.16710685195053301
91 , 1350 , 0.97161010456484143,0.16774103490832412
91 , 1400 , 1.3960098325880752,0.16120781495152633
91 , 1450 , 1.1990160886312549,0.22565078279822282
91 , 1500 , 0.96075563725754465,0.12980745751079609
91 , 1550 , 1.2324165269831766,0.034670080163599286
92 , 1050 , 0.39488134473401493,5.0741375796709312
92 , 1100 , 0.40002621366657398,0.59998241590255719
92 , 1150 , 0.42695453638438458,0.56396526676320846
92 , 1200 , 0.40002621366657398,0.55822275466327609
92 , 1250 , 0.45896291085703633,0.51572444821815799
92 , 1300 , 0.24177805486777182,0.49538986164411519
92 , 1350 , 0.26341632111346786,0.74382494921689724
92 , 1400 , 0.3499666754923782,3.4121129565992963
92 , 1450 , 0.24168783026613508,2.98141883661087
92 , 1500 , 0.10185635164613763,1.527578644146401
92 , 1550 , 0.33026040011930174,2.261187719829056
92 , 1600 , -1.758740613201303e-31,0.44616717641642323
92 , 1650 , 0.1420417678233126,1.0461930782066535
92 , 1700 , 0.3848637737607874,0.42870490231028535
92 , 1750 , 0.26690591970487837,0.38685280723454074
92 , 1800 , 0.2520238436635408,0.43067655807339211
92 , 1850 , 0.2520238436635408,0.43067655807336697
92 , 1900 , 0.2520238436635408,0.4306765580734121
92 , 1950 , 0.27755335820086502,0.63092975357141889
92 , 2000 , 0.27755335820086502,1.0
95 , 1050 , 1.3866767434996425,0.56967750987187293
95 , 1100 , 1.1733351994903933,0.28049146506362721
95 , 1150 , 1.3840928162528996,0.4205379254281349
95 , 1200 , 1.1559892185551723,0.51103461720506671
95 , 1250 , 1.1269767009051403,0.56154011920620561
95 , 1300 , 1.1280240831119679,0.41356114331756327
95 , 1350 , 1.1847679513066942,0.77443156160259108
95 , 1400 , 1.3327037176355461,0.44636841254222775
95 , 1450 , 1.20819298479156,0.63943302714397154
95 , 1500 , 1.2210378275209002,2.3501917825059109
95 , 1550 , 1.2413816707445202,1.0443786242050341
95 , 1600 , 0.2823754200359968,0.5574324504098962
95 , 1650 , 0.7167919591289027,1.4186126604785101
95 , 1700 , 0.2823754200359968,2.8182893699052047
95 , 1750 , 0.76590345683665606,2.116852156467314
95 , 1800 , 0.76590345683665606,1.5789026018767669
95 , 1850 , 0.71984224424913223,0.43050233207350802
95 , 1900 , 1.1391789826102856,0.47880665984942977
95 , 1950 , 0.78314571699756408,0.24040301987677887
95 , 2000 , 0.32503483995360616,2.1115696542212348
97 , 1050 , 0.62668095799825863,0.23946797724295188
97 , 1100 , 0.55118906843286819,0.28515490558426987
97 , 1150 , 0.38605036305818591,0.61278904090720909
97 , 1200 , 0.33587388002731128,0.47126196315429209
97 , 1250 , 0.51800378875895881,0.14755761904044556
97 , 1300 , 0.51800378875895881,0.27017455584161448
97 , 1350 , 0.32567605306560576,0.36535743882910859
97 , 1400 , 0.32567605306560576,0.17573732159897981
97 , 1450 , 0.36542554633582625,0.39429323082199397
97 , 1500 , 0.36766501634057586,0.72772592280376991
97 , 1550 , 0.0,0.32230194530685735
97 , 1600 , 0.0,0.80380725047068902
97 , 1650 , 0.52681838216355881,0.22664108953969211
97 , 1700 , 0.52681838216355881,0.14341864666210877
97 , 1750 , 0.52681838216355881,0.44974452333606912
97 , 1800 , 0.47158974069159781,1.7365740737113071
97 , 1850 , 0.59596218994359496,0.45567686156731196
97 , 1900 , 0.0,0.61246729078979856
97 , 1950 , 0.0,0.42061758898742657
97 , 2000 , 0.35453288997989169,0.047851736162576389
98 , 1050 , 0.31566216290309518,0.90532582632336178
98 , 1100 , 0.39788125158021914,0.94656767432799993
98 , 1150 , 0.29824638260889808,1.4018589191140574
98 , 1200 , 0.38755854298784931,0.79428686045404029
98 , 1250 , 0.38755854298784931,0.80180051368641592
98 , 1300 , 0.38755854298784931,0.87396026612526889
98 , 1350 , 0.38755854298784931,0.84077539739260743
98 , 1400 , 0.22413855639726282,0.72153335379025241
98 , 1450 , 0.24663526791523074,0.38883519157613972
98 , 1500 , 0.0,9.9784517089223961
98 , 1550 , 0.0,0.31396118879656615
98 , 1600 , 0.17256267030403716,11.245791708605614
98 , 1650 , 0.0,6.8589993693488642
98 , 1700 , 0.54163310126574071,0.92142710024284591
98 , 1750 , 0.0,1.3895643372727096
98 , 1800 , 0.17256267030403716,0.41598628498559775
98 , 1850 , 0.46756050365454715,0.35931095447551065
98 , 1900 , 0.46756050365454715,0.54659488414099822
98 , 1950 , 0.51008045804705704,0.34456354639103559
98 , 2000 , 0.4863736025838834,0.40672558168439249
99 , 1050 , 0.077674911687159648,0.23972498512587523
99 , 1100 , 0.083655480770019247,1.2396141118035546
99 , 1150 , 0.16780167573509575,1.313490368959733
99 , 1200 , 0.066165837066097161,0.24530697609845489
99 , 1250 , 0.053929197249729166,0.3184620702106315
99 , 1300 , 0.020283273003666669,1.8482303710009029
99 , 1350 , 0.027807985128322901,0.31350415770778545
99 , 1400 , 0.012504146567764503,2.1044577059974174
99 , 1450 , 0.053118516086484234,1.4956116966231949
99 , 1500 , 0.054276402255740111,0.16348274473120236
99 , 1550 , 0.0,7.5158904676294629
99 , 1600 , 0.0,4.1555770570530051
99 , 1650 , 0.048757542846512923,0.2345676182045513
99 , 1700 , 0.0,0.42785098598880184
99 , 1750 , 0.0,0.22746283407966689
99 , 1800 , 0.032856956915191221,0.24417685733263894
99 , 1850 , 0.0,0.20831755909501043
99 , 1900 , 0.0,13.497727539544503
99 , 1950 , 0.0,0.28145410107726621
99 , 2000 , 0.0,144.61613148850688
100 , 1050 , 0.3363957910573448,0.3193634499770075
100 , 1100 , 0.6355586240738661,0.19866816006093821
100 , 1150 , 0.0,0.35862855174093694
103 , 1050 , 0.49582511113921995,0.32629894829915129
103 , 1100 , 0.49195592770616492,0.38261924585218782
103 , 1150 , 0.3441590589462466,0.65296611994783971
103 , 1200 , -1.8252376066825607e-31,1.1971309558234375
103 , 1250 , 0.1158627837167665,0.22514478247745204
103 , 1300 , 0.074641134530103015,0.33543280682596138
103 , 1350 , 0.08865962826061996,0.61669929822422176
103 , 1400 , 0.074960647604890032,0.2778993967409864
103 , 1450 , 0.0,0.24815058144161242
103 , 1500 , 0.029588432026227043,0.42744277736536285
103 , 1550 , 0.079560959387398947,1.5115945936327007
103 , 1600 , 0.019226083193328525,2.3548221249293961
103 , 1650 , 0.06098624749963262,0.26266184444369467
103 , 1700 , 0.0,1.7745313258098674
103 , 1750 , -9.1261880334128037e-32,20.465764852363758
103 , 1800 , 0.0,0.32800190787547923
103 , 1850 , 0.0,0.19724427779943449
103 , 1900 , 0.0,10.383522909271315
103 , 1950 , 0.0,0.3749893406226677
103 , 2000 , 0.0,0.38954613126834864
104 , 1050 , 0.7597401544034067,5.7158846914913415
104 , 1100 , 0.82457058217348767,0.41892085691725439
104 , 1150 , 0.84723062595799314,0.22580278101716297
104 , 1200 , 0.92871976640546583,0.27369557691923763
104 , 1250 , 0.86501665278149409,0.17250264038832552
104 , 1300 , 0.67627040528743643,0.18193911315055664
104 , 1350 , 0.86501665278149409,0.25203633255671204
104 , 1400 , 0.29434441561542823,0.16730017881017206
104 , 1450 , 0.51782015664952252,0.14746305199023901
104 , 1500 , 0.57047508284846427,151.45239459375679
104 , 1550 , 0.57047508284846427,0.11588349445115079
104 , 1600 , 0.66129266139187559,480.69748642733214
104 , 1650 , 1.0481240703082162,525.68548660063868
104 , 1700 , 0.97952387991230172,522.44176557403625
104 , 1750 , 0.97952387991230172,770.5864201802342
104 , 1800 , 1.0065986675645731,0.15323736267772498
104 , 1850 , 1.1223226523725951,0.16557592166844579
104 , 1900 , 1.1223226523725951,0.11753652969979946
104 , 1950 , 0.71366943180433051,0.095748942816384117
104 , 2000 , 0.81044584236413253,1412.9804992363995
107 , 1750 , 0.0,0.0
108 , 1050 , 0.89877661557067412,1.462306938395934
108 , 1100 , 0.81661150987559361,0.65859543136802068
108 , 1150 , 0.87449296819664535,0.49007205376350182
108 , 1200 , 0.79237072514167206,0.37518215812392774
108 , 1250 , 0.77963685944524574,0.57456493710586709
108 , 1300 , 0.79006027744554341,0.49773268131959858
108 , 1350 , 0.95142654571695584,0.4517224807601658
108 , 1400 , 0.95271803790833232,0.49818932178417863
108 , 1450 , 0.93630265778230015,0.38276124790638
108 , 1500 , 1.0111316472424225,0.45331143919355177
108 , 1550 , 0.98140536616955254,0.41070122498859785
108 , 1600 , 1.0632440753307393,0.67035590384905941
108 , 1650 , 1.076912097943191,0.37795081560583776
108 , 1700 , 1.144421186225961,0.69697913519490684
108 , 1750 , 1.13735656825577,0.48449660251825571
108 , 1800 , 1.0575704659850544,0.35172422278196491
108 , 1850 , 1.0205284695211996,0.39985774283277969
108 , 1900 , 0.94100400462141054,0.25367198423516113
108 , 1950 , 0.9436073914638744,0.30496007076480658
108 , 2000 , 0.91158167449047622,0.37408631640557649
110 , 1050 , 0.59608977035265021,0.21546906422084283
110 , 1100 , 0.51199245137816496,0.48755328604579118
110 , 1150 , 0.54875675474033836,0.24289728977885178
110 , 1200 , 0.66579920413982352,0.22034117302980005
110 , 1250 , 0.44183735268086499,0.54337091753784117
110 , 1300 , 0.73762005226307736,0.42499386475803275
110 , 1350 , 0.79413063198676825,0.18264096099581092
110 , 1400 , 0.34587170204484879,0.42457309213478112
110 , 1450 , 0.49362408612140829,2.0211022760313235
110 , 1500 , 0.64046584726420552,1.3473800184219682
110 , 1550 , 0.79901183349662763,2.6691887479833616
110 , 1600 , 0.77317871632543012,0.34976550071881585
110 , 1650 , 0.826777340293819,0.51466382852191161
110 , 1700 , 0.91490313297463999,0.6590481805110594
110 , 1750 , 0.80578406565959038,0.93815328021785405
110 , 1800 , 1.4766998465778256,1.6097283544881082
110 , 1850 , 2.1925116120020638,1.1772602244873198
110 , 1900 , 1.6762080505099721,0.45225547560295837
110 , 1950 , 2.9106136318353064,0.38489194453873199
110 , 2000 , 3.5450029789519006,0.48257379225035346
112 , 1050 , 0.8200811836223072,0.31376560983348439
112 , 1100 , 0.96580431049000082,0.31449347191311083
112 , 1150 , 0.96635643477946676,0.5047932016744292
112 , 1200 , 0.85943576290703272,0.42149911196533779
112 , 1250 , 0.89738806658901948,0.42635777156355908
112 , 1300 , 0.91581393904819786,0.35238600020253752
112 , 1350 , 0.91678597962864228,0.32926592826864626
112 , 1400 , 1.0875884655127688,0.98568151388283931
112 , 1450 , 1.0047113084832013,0.42862254850887538
112 , 1500 , 0.95370948392619248,0.9763931309475139
112 , 1550 , 0.98399516917600727,0.44715005578510092
112 , 1600 , 0.9917909715759885,0.42540714688502057
112 , 1650 , 1.1274124866762301,0.35106825415419418
112 , 1700 , 0.93904990230783814,0.63781397426251485
112 , 1750 , 0.31996901422964508,0.53291314798339107
112 , 1800 , 0.39186897329120823,0.54284887347114774
112 , 1850 , 0.31996901422964508,5.2238224166028102
112 , 1900 , -2.71940201434716e-31,8.6900808436370642
112 , 1950 , 0.20144835223800978,0.47751876494328804
112 , 2000 , 0.2239288938353674,0.34807645818562433
113 , 1050 , 0.38425060238693015,2.4094208396532664
113 , 1100 , 0.38425060238693015,1.709511291351546
113 , 1150 , 0.38425060238693015,1.0
113 , 1200 , 0.38425060238693015,1.0
113 , 1250 , 0.38425060238693015,1.0
113 , 1300 , 0.38425060238693015,1.0
113 , 1350 , 0.38425060238693015,1.0
113 , 1400 , 0.31122148479075534,1.0
113 , 1450 , 0.31122148479075534,1.0
113 , 1500 , 0.31122148479075534,1.0
113 , 1550 , 0.31122148479075534,0.63092975357145586
113 , 1600 , 0.31122148479075534,0.33333333333333381
113 , 1650 , 0.31122148479075534,0.25595802480981539
113 , 1700 , 0.31122148479075534,0.21030991785714809
113 , 1750 , 0.31122148479075534,0.23981246656813249
113 , 1800 , 0.31122148479075534,11.43342687825273
113 , 1850 , 0.31122148479075534,0.2702381544273198
113 , 1900 , 0.16812503099769951,0.35620718710802207
113 , 1950 , 0.16812503099769951,0.38685280723455179
113 , 2000 , 0.16812503099769951,3.8017840169234685
114 , 1050 , 0.34370756383568113,2.7529621962599404
114 , 1100 , -2.9828841623961663e-31,0.30624728884416924
114 , 1150 , 0.33364038193714923,0.78381071082103404
114 , 1200 , 0.0,3.8017840169240191
114 , 1250 , 0.0,0.43067655807339816
114 , 1300 , 0.61783384502701244,3.1062837195053703
114 , 1350 , 0.61783384502701244,0.38685280723454241
114 , 1400 , 0.0,2.4094208396532073
114 , 1450 , 0.0,0.5
114 , 1500 , 0.0,1.709511291351445
114 , 1550 , 0.61783384502701244,1.0
114 , 1600 , 0.61783384502701244,1.0
115 , 1050 , 0.08429634173526375,0.26367648128738042
115 , 1100 , 0.0,2.3958011636369032
115 , 1150 , 0.0,0.29539947508275766
115 , 1200 , 0.098682309776056923,3.3448505861628051
115 , 1250 , 6.6716457702698693e-31,2.7558532628365224
115 , 1300 , 0.60315440344900018,0.18790182470911387
115 , 1350 , 0.0,0.19055141242677257
115 , 1400 , 0.0,0.18428883314869837
115 , 1450 , 0.0,35.002788781146542
115 , 1500 , 0.0,0.0
115 , 1600 , 0.0,0.0
115 , 1650 , 0.0,0.0
115 , 1700 , 0.0,0.0
115 , 1800 , 0.0,0.0
115 , 1850 , 0.0,0.0
115 , 1900 , 0.0,-0.125
115 , 1950 , 0.0,-0.125
121 , 1050 , 1.1088273161089301,0.90009590649607729
121 , 1100 , 1.254087119048819,0.91936671275480064
121 , 1150 , 1.9010612056741105,0.47048416384712427
121 , 1200 , 1.1869233156925436,0.51999954285234751
121 , 1250 , 1.5012419951385363,0.49488899687416882
121 , 1300 , 2.1638348829301473,0.61258544995594655
121 , 1350 , 2.0433777571128005,0.47173602597448794
121 , 1400 , 2.2092515323437967,0.42907669005042209
121 , 1450 , 2.0146257588111571,0.30097475446349309
121 , 1500 , 2.3181072352319778,0.26271499601750803
121 , 1550 , 2.637948061007215,0.36065853199776088
121 , 1600 , 2.1732853804582986,0.31251157784825967
121 , 1650 , 2.539942487244228,0.39108322519266947
121 , 1700 , 2.5439597322913654,0.38281068194566342
121 , 1750 , 2.0761464502418279,3.0595652422941759
121 , 1800 , 2.2840107026031169,0.31606921654957171
121 , 1850 , 1.8536953442671082,0.20361565703254425
121 , 1900 , 1.8848637058419553,9.6150123443218671
121 , 1950 , 1.5203404223227492,0.21745153045680363
121 , 2000 , 0.71632185130505333,0.24120617881669609
122 , 1400 , 0.0,0.0
122 , 1450 , 0.0,0.0
122 , 1500 , 0.0,0.0
122 , 2000 , 0.0,0.0
123 , 1050 , 0.0,0.0
123 , 1850 , 0.0,0.0
124 , 1500 , 0.0,0.0
125 , 1050 , 1.3778903070196296,0.2695897378660142
125 , 1100 , 1.3778903070196296,0.343764081126818
125 , 1150 , 0.39137947270552498,0.37793763973814071
125 , 1200 , 0.56458454868080854,0.37392758501777523
125 , 1250 , 0.97287799358927896,5.8640080589470642
125 , 1300 , 0.95555210345323893,0.61219532239309804
125 , 1350 , 0.96752937953947282,0.41162155921864113
125 , 1400 , 1.054433231899724,7.9579136094681573
125 , 1450 , 0.79849097395863322,0.33768443003728599
125 , 1500 , 2.9342076395592769,16.286500477641408
125 , 1550 , 2.9342076395592769,0.20584683246044122
125 , 1600 , 2.9342076395592769,26.684666065500075
125 , 1650 , 2.5822068599440735,23.9119033669777
125 , 1700 , 2.5822068599440735,0.18316925091364231
125 , 1750 , 2.5822068599440735,0.16929380759878365
125 , 1800 , 2.5822068599440735,44.013936308542512
125 , 1850 , 2.5822068599440735,0.16370565544521556
125 , 1900 , 2.5822068599440735,76.592240713587572
125 , 1950 , 2.5822068599440735,109.17031419265616
125 , 2000 , 3.4607276316533353,0.13986508659473149
126 , 1050 , 0.37986884732859616,0.35301769067251865
126 , 1100 , 0.36082512010287199,0.47713173673536008
126 , 1150 , 0.39042978628745356,2.205422648784312
126 , 1200 , 0.35227482328116655,0.3017723916893566
126 , 1250 , 0.41352948936519413,0.33640095814204113
126 , 1300 , 0.40104926288081016,0.43746123808594367
126 , 1350 , 0.12039630260204136,1.7502492347644094
126 , 1400 , 0.13750721023705115,0.55385098046273384
126 , 1450 , 0.17092993787855823,0.26444408143460063
126 , 1500 , 0.24153278428618893,0.22079405517776904
126 , 1550 , 0.051175220935969323,0.49383616664800256
126 , 1600 , 0.051175220935969323,0.24253522142657433
126 , 1650 , 0.085343282292870706,0.78000221141041803
126 , 1700 , 0.81179876643093007,0.68780983728511236
126 , 1750 , 0.3050218168936738,6.2804973413093421
126 , 1800 , 0.16779124572854484,0.56323985583353831
126 , 1850 , 0.57548823199979571,0.40162957976838198
126 , 1900 , 0.0,1.6592979940365709
126 , 1950 , 0.0,0.22582176891870229
126 , 2000 , 0.0,0.89127312421273053
128 , 1050 , 0.93141595186897175,1.0384589152704866
128 , 1100 , 0.64616348434451054,0.63484984607758055
128 , 1150 , 0.90202535625849067,0.42228063370665331
128 , 1200 , 0.65759752343521405,0.53023766308715647
128 , 1250 , 1.0436844726243646,0.46752522611828462
128 , 1300 , 1.7000702564576098,0.40547745250632444
128 , 1350 , 1.7509352777066758,0.34684541671752533
128 , 1400 , 1.8738560900276737,0.35234791203146787
128 , 1450 , 1.7516500014136029,1.4534222561130645
128 , 1500 , 1.8488302395380971,0.2876066891391012
128 , 1550 , 4.9081973764077347,0.39029919270441249
128 , 1600 , 6.553560083688982,1.1572928236556812
128 , 1650 , 9.4427870613134708,80.999379348274118
128 , 1700 , 18.194444868821019,0.29002800362726705
128 , 1750 , 22.973957759621484,44.955738427378485
129 , 1050 , 0.67259662253903818,2.5523834182213525
129 , 1100 , 0.55485092405742453,0.91510915540437687
129 , 1150 , 0.55485092405742453,0.44064721102806692
129 , 1200 , 0.56089459528482533,0.28822812839977013
129 , 1250 , 0.4677306032440034,0.55645070508833061
129 , 1300 , 0.45103094927559007,0.30725116806933628
129 , 1350 , 0.0,0.30762758113912275
129 , 1400 , 0.22946695761842476,0.29273448987910494
129 , 1450 , 0.24438830602773212,0.50824678772747289
129 , 1500 , 0.10005766545529961,0.5027701593763072
129 , 1550 , 0.4993296458026466,0.43538722732930124
129 , 1600 , 0.43395060319114875,0.36168943964736439
129 , 1650 , 0.61949338156000855,0.37425598878966287
129 , 1700 , 0.1994323241209435,0.27618592325366992
129 , 1750 , 0.61949338156000855,0.40498824338512424
129 , 1800 , 0.26844695722731066,0.29506056175184958
129 , 1850 , 0.38035726883339754,0.26364521720541967
129 , 1900 , 0.31563668093819924,0.7172711923396371
129 , 1950 , 0.52496239118653065,0.23096180835758962
129 , 2000 , 0.31563668093819924,0.2693006298120425
130 , 1750 , 0.0,0.0
132 , 1050 , 0.8238127089558942,0.7743773046973973
132 , 1100 , 0.84030234293783601,0.41924717684350021
132 , 1150 , 0.90325246818983851,0.31853555116778021
132 , 1200 , 0.71687713134374575,0.61932268164420345
132 , 1250 , 0.61510834098927247,1.0432541309181083
132 , 1300 , 0.54447331782434971,0.42581128936982177
132 , 1350 , 0.18508316528628849,1.4337168048696507
132 , 1400 , 0.18508316528628849,0.67205155337862899
132 , 1450 , 0.17146055324301107,1.5770436111446029
132 , 1500 , 0.16381398849136541,0.30343283270381771
132 , 1550 , 0.2111929626836013,0.28663144853696759
132 , 1600 , 0.15281477272697758,0.71634722211057145
132 , 1650 , 0.20125881113042798,4.9218575121046362
132 , 1700 , 0.44047276719060985,0.27988998797336889
132 , 1750 , 0.20125881113042798,0.28791988171291277
132 , 1800 , 0.19137096698903905,0.25094465224319878
132 , 1850 , 0.0,1.1178411387115605
132 , 1900 , 0.0,1.8910089901042797
132 , 1950 , 0.18161397812334387,3.3666263724721297
132 , 2000 , 0.17661063786949904,1.1610515890792537
133 , 1050 , 0.54509602937347323,0.30120751005124813
133 , 1100 , 0.56254722013811986,0.46709699820087652
133 , 1150 , 0.32906902866572935,0.93661284761622676
133 , 1200 , 0.32906902866572935,0.6281437710287362
133 , 1250 , 0.0,0.19636791507026261
133 , 1300 , 0.56254722013811986,0.38962636105628201
133 , 1350 , 0.56254722013811986,1.2748674433391312
133 , 1400 , 0.56254722013811986,0.95392159240822294
133 , 1450 , 0.56328883898529181,0.39777335533880032
133 , 1500 , 0.53873678868485764,1.017959435691246
133 , 1550 , 0.0,0.0
133 , 1600 , 0.0,0.0
133 , 1650 , 0.0,0.0
137 , 1050 , 0.70553778427283464,0.47402073320699001
137 , 1100 , 0.83882123682799259,0.68024822047676192
137 , 1150 , 0.82099546461011319,0.81474521823741664
137 , 1200 , 0.77108008194808553,0.78190479905997123
137 , 1250 , 0.22881209473495456,0.74641368374685912
137 , 1300 , 0.21115896463986983,0.63488934553620069
137 , 1350 , 0.45561093952221859,0.9713355281726771
137 , 1400 , 0.30917948657820987,0.56740975752261325
137 , 1450 , 0.77738968489196247,0.59695319270089187
137 , 1500 , 0.41839356868529698,2.8082427907425318
137 , 1550 , 0.41839356868529698,0.57102961444837741
137 , 1600 , 0.6631381169090973,2.2968798658964289
137 , 1650 , 0.41839356868529715,1.3569154488568052
137 , 1700 , 0.0,1.2386126258464523
137 , 1750 , 0.0,3.8017840169239188
137 , 1800 , 0.0,5.190893069684515
137 , 1850 , 0.0,6.9256917232263433
137 , 1900 , 0.0,0.25389735903335903
137 , 1950 , 0.0,14.206699082890417
137 , 2000 , 0.0,0.27645932030705317
138 , 1050 , 0.047009798795132618,0.27819550800453413
138 , 1100 , 0.018195334014474769,0.36787707785716711
138 , 1150 , 0.0,0.75854058215900777
138 , 1200 , 0.018195334014474769,0.24126914552478604
138 , 1250 , 0.022032403585107406,0.293517923147051
138 , 1300 , 0.12580430287352351,0.70726097898780682
138 , 1350 , 0.10898442975852926,0.22500392672058442
138 , 1400 , 0.16236893881029732,0.20572806183562173
138 , 1450 , 0.041414571660917533,0.26070291812487212
138 , 1500 , 0.17176047274297007,0.30010727027769529
138 , 1550 , 0.0,0.98104267959289537
138 , 1600 , 0.2041289524385827,0.56242932840514792
138 , 1650 , 0.063411158154100006,0.93462504697222804
138 , 1700 , 0.17938165588776556,0.32244201846832232
138 , 1750 , 0.063589482112702239,1.9598078220048343
138 , 1800 , 0.045022131187241597,2.1896440177947651
138 , 1850 , 0.034921878013581237,0.60358320319147563
138 , 1900 , 0.034507331424925611,0.58707618537680184
138 , 1950 , 0.039090580333194812,0.57567112712992219
138 , 2000 , 0.012580379424952116,1.8255510318117474
139 , 1050 , 0.79733906294010204,0.37384525343755809
139 , 1100 , 0.90602612008787964,0.45094203193975069
139 , 1150 , 0.60309681339995047,0.49089514048650834
139 , 1200 , 0.98149977468963157,0.30073428396782131
139 , 1250 , 1.1810284350379263,0.3919189736715788
139 , 1300 , 0.65445308682445125,0.25132547358832347
139 , 1350 , 0.74364584920784627,24.137203435786812
139 , 1400 , 1.0748360032453677,0.51959081288765152
139 , 1450 , 1.0062059574664564,0.28293197737145198
139 , 1500 , 0.79580343619604166,0.3875851958831375
139 , 1550 , 0.82227579058078637,0.3472303918294869
139 , 1600 , 0.91846705042086363,0.36867840948610997
139 , 1650 , 1.0949919045743195,0.40069923480413966
139 , 1700 , 0.9280559805394667,0.43264064571949112
139 , 1750 , 0.91901769149885415,0.31056293204510249
139 , 1800 , 0.99225520641282228,0.4345765773766449
139 , 1850 , 0.71648468473269067,0.31074208882535836
139 , 1900 , 0.40426008454651585,0.2905620008356789
139 , 1950 , 0.22759475643611338,0.41211513733467003
139 , 2000 , 0.47435534833807691,0.55212444442878872
140 , 1050 , 1.4450056530265283,3.599266626802291
140 , 1100 , 1.4935819910832278,0.40684594259523132
140 , 1150 , 1.4450056530265283,0.4410920835877648
140 , 1200 , 1.4895103334611879,0.48428469862536977
140 , 1250 , 1.0912675294005287,0.40134054833035482
140 , 1300 , 0.85918765682818588,1.7257154027936401
140 , 1350 , 0.95068263554290477,0.41588222297635147
140 , 1400 , 0.95068263554290477,1.240801328753327
140 , 1450 , 1.3640956398769446,0.49418020183892403
140 , 1500 , 1.1010187616740719,1.4031009285005493
140 , 1550 , 1.1145463205481705,0.83703308460400505
140 , 1600 , 0.9270182662339127,0.3750829426989209
140 , 1650 , 0.86047716222468906,0.33042092039287296
140 , 1700 , 0.86047716222468906,0.52959870788136687
140 , 1750 , 0.80771578906460306,0.21712746843028302
140 , 1800 , 0.48975266232264753,0.41060975184020415
140 , 1850 , 0.58736704114829486,0.89839067263543293
140 , 1900 , 0.48975266232264753,0.95856834683264203
140 , 1950 , 0.48975266232264753,2.493795121687767
140 , 2000 , 0.48975266232264753,0.30792492674924216
143 , 1050 , 0.15628942766420648,0.50656871757297028
143 , 1100 , 0.13617564576455063,0.79219219585092615
143 , 1150 , 0.3567933310036171,0.40208259996629259
143 , 1200 , 0.11236764781931254,0.25944080970567113
143 , 1250 , 0.3448995882677508,0.29653675369827714
143 , 1300 , 0.21258799082041518,0.46149014246307957
143 , 1350 , 0.13462105605104804,0.56730924638821922
143 , 1400 , 0.42748553092870523,0.31636333925872784
143 , 1450 , 0.41645352375170541,0.43816171841628865
143 , 1500 , 0.7526908737493393,0.49639584393315789
143 , 1550 , 0.99470249239160191,0.20089798739972131
143 , 1600 , 0.58431136915479953,2.1023050161487835
143 , 1650 , 1.088047695327512,0.30621477253348184
143 , 1700 , 1.1259745910891632,0.33270880097696265
143 , 1750 , 1.3124665430135853,1.5470084911725377
143 , 1800 , 1.4466216547201285,0.36072492285839675
143 , 1850 , 1.5980023050383965,0.18445445631657539
143 , 1900 , 1.4825706895505535,2.031056662005688
143 , 1950 , 1.9936531228642362,0.48636204558079627
143 , 2000 , 1.7309758577368008,1.059930642487642
145 , 1050 , 0.2150503612723893,1.2850062377796445
145 , 1100 , 0.0,0.37019930867967066
145 , 1150 , 0.089253964161504384,0.36424303537895525
145 , 1200 , 0.12453725501486305,1.6939782991420229
145 , 1250 , 0.0,0.30584886803621658
145 , 1300 , 0.0,0.63321970931206073
145 , 1350 , 0.0,0.27389746726467928
145 , 1400 , 0.0,0.36983644087327378
145 , 1450 , 0.0,8.9440550870758546
145 , 1500 , 0.0,0.27400922929194516
145 , 1550 , 0.0,0.381437931582224
145 , 1600 , 0.0,0.36497423821550451
145 , 1650 , 0.0,12.896336907240363
145 , 1700 , 0.22013443796340088,36.277976224394394
145 , 1750 , 0.0,0.2066058228538713
145 , 1800 , 0.0,0.18724149922100966
145 , 1850 , 0.0,25.662367588252394
145 , 1900 , 0.0,0.27216416048272385
145 , 1950 , 0.0,0.24695517693842858
145 , 2000 , 0.0,25.665494803871262
147 , 1450 , 0.0,0.0
147 , 1500 , 0.0,0.0
147 , 1550 , 0.0,7.5408750689894392e-24
147 , 1700 , 0.0,0.0
148 , 1050 , 1.264787080489068,0.48035514217481934
148 , 1100 , 1.3315482003818964,5.4020844126595762
148 , 1150 , 0.631960785552792,0.23887900090419881
148 , 1200 , 0.44443068684626474,0.38743493396751016
148 , 1250 , 0.56603343910361092,6.9238193186729866
148 , 1300 , 0.092880265210367519,0.43198739530084179
148 , 1350 , 0.85648164882005262,0.36301160287797274
148 , 1400 , 0.68847616825901825,0.52875309862016606
148 , 1450 , 1.1384005686497414,4.0463304724321718
148 , 1500 , 0.81668759492662635,2.3431084878549644
148 , 1550 , 0.0,0.67868099359031686
148 , 1600 , 0.0,1.6117724542906249
148 , 1650 , 0.0,1.543203367597705
148 , 1700 , 0.81668759492662635,0.73769120764147522
148 , 1750 , 0.0,1.9168259890140593
148 , 1800 , 0.0,0.81020804774994526
148 , 1850 , 0.0,0.61264441131932101
148 , 1900 , 0.0,1.3777424994018461
148 , 1950 , 0.0,0.61058448643941488
148 , 2000 , 0.0,0.67966839735404749
152 , 1050 , 0.24463851930258615,1.0566772347739823
152 , 1100 , 0.14253071250414479,0.32227719357945678
152 , 1150 , 0.29569789716362066,0.22896201218404122
152 , 1200 , 0.37648280636480985,0.26555644321831218
152 , 1250 , 0.37548791886603972,0.69471314691047514
152 , 1300 , 0.25997512830439168,0.29487141980666048
152 , 1350 , 0.46075533461142743,150.57774535089794
152 , 1400 , 0.71408093795394145,0.31748441017360496
152 , 1450 , 0.81120681705483044,0.54410080090748147
152 , 1500 , 0.64872744705231089,0.44917721206114469
152 , 1550 , 0.80214471785548414,0.28654007427563644
152 , 1600 , 1.6680399418053233,0.28758118992605475
152 , 1650 , 2.1445180058679623,1.425849011903062
152 , 1700 , 1.4993801562603708,0.87488464262958265
152 , 1750 , 3.3704774328242135,0.33248960495591146
152 , 1800 , 5.1797153869170645,108.26253328726294
152 , 1850 , 11.370728986794642,0.57427230668372653
152 , 1900 , 25.629353603125178,0.74918216498727874
153 , 1050 , 0.18916266497413484,0.80326000463967639
153 , 1100 , 0.10339593825105531,0.36016659540705026
153 , 1150 , 0.10496998995687547,0.31471541498645222
153 , 1200 , 0.0,0.64197509555787402
153 , 1250 , 0.10339593825105531,0.55975991284171767
153 , 1300 , 0.0,0.25474504189213404
153 , 1350 , 0.0,0.31459342022883902
153 , 1400 , 0.0,0.26224368976507245
153 , 1450 , 0.13334050744593676,0.42663787683149224
153 , 1500 , 4.4267326239186364e-32,0.22928506030515902
153 , 1550 , 4.4267326239186364e-32,6.8543119895593465
153 , 1600 , 0.0,0.30127710240996153
153 , 1650 , 0.0,5.4524486482541903
153 , 1700 , 0.0,0.30673691089358851
153 , 1750 , 0.0,0.37912104297399002
153 , 1800 , 0.0,2.6550181138517193
153 , 1850 , 0.18793288996423713,0.41274910514274138
153 , 1900 , 0.19178101045675522,0.51586798033628056
153 , 1950 , 0.18016612766999249,0.4380362400119524
153 , 2000 , 0.18016612766999249,0.47056234293823607
154 , 1850 , 0.0,0.0
154 , 1900 , 0.0,-0.5
154 , 1950 , -5.0539079669170246e-30,1.0140037595805569e-23
155 , 1050 , 0.78971774952432983,0.68771953993752222
157 , 1050 , 1.2759467659809896,1.0364342510431597
157 , 1100 , 1.2482019024251032,3.7427462628742632
157 , 1150 , 1.2584969006218421,0.57351488839053077
157 , 1200 , 1.1410764851824433,0.57969347936443893
157 , 1250 , 1.1602167458955173,0.69774804636842302
157 , 1300 , 1.1980877218504007,1.1686463381228849
157 , 1350 , 1.1214496025640783,0.86305765684776392
157 , 1400 , 1.0335174661103879,0.7877891580447377
157 , 1450 , 1.0525801181636096,0.8315003696597969
157 , 1500 , 0.70815453698828323,2.4021776991132744
157 , 1550 , 0.68602812747056163,1.1997135074463261
157 , 1600 , 0.70815453698828323,2.1935422075756952
157 , 1650 , 0.70815453698828323,0.54179452197417222
157 , 1700 , 0.74074235591636939,0.59270204944177918
157 , 1750 , 0.46735639207825574,0.30423176019866971
157 , 1800 , 0.46735639207825574,0.1918014544370833
157 , 1850 , 0.46735639207825574,0.40973132053535338
157 , 1900 , 0.43476857315016965,0.44049411109370473
157 , 1950 , 0.43476857315016965,0.40639288008111241
157 , 2000 , 0.4329288568945362,0.21955428078446484
158 , 1050 , 1.0877282241934561,0.49451348781561189
158 , 1100 , 1.1584100866790898,0.2713492281201117
158 , 1150 , 1.0532772909519725,0.23583208390076427
158 , 1200 , 1.0361689242312917,0.26483381661678418
158 , 1250 , 1.0532772909519725,0.23501861762928572
158 , 1300 , 0.90141999465364908,2.5508437161579689
158 , 1350 , 0.97457393812406856,0.92364438058604104
158 , 1400 , 0.36176728764360194,0.21315305144129271
158 , 1450 , 0.36176728764360194,1.7711750336882284
158 , 1500 , 0.24133500054269894,0.85068172187399604
158 , 1550 , 0.0,1.8817749124393157
158 , 1600 , 0.0,0.21542349379597417
158 , 1650 , -1.4704155366475473e-30,1.0740540622412902
158 , 1700 , -1.4704155366475473e-30,0.99999999999999911
158 , 1750 , -1.4704155366475473e-30,0.9867184297621483
158 , 1800 , 0.0,0.71321668217028011
158 , 1850 , 6.6984018418812055e-31,1.0377534424013735
158 , 1900 , 6.6984018418812055e-31,0.85086614642454927
158 , 1950 , 6.6984018418812055e-31,0.81407927991276463
158 , 2000 , 6.6984018418812055e-31,1.3717273171326276
159 , 1050 , 0.66935433869599636,2.0506861003709727
159 , 1100 , 0.5577429070463874,0.37206064525166355
159 , 1150 , 0.65908099339561443,0.410679347478209
159 , 1200 , 0.61793806642858196,0.47027262284303772
159 , 1250 , 0.61429105433534503,0.23270053995748952
159 , 1300 , 0.60994840717696674,0.36289945079039937
159 , 1350 , 0.47072769095775352,1.2265401656624384
159 , 1400 , 0.51650387745247517,1.4201236663110099
159 , 1450 , 0.4922760830730909,2.5624728599189379
159 , 1500 , 0.43132905821833184,0.30951536965794862
159 , 1550 , 0.28945750841669443,0.37478501537730469
159 , 1600 , 0.28410861109119495,0.86401805630904638
159 , 1650 , 0.43746503970898271,0.66785890877623377
159 , 1700 , 0.41784991762545221,0.29590149157036055
159 , 1750 , 0.42995455072208411,0.29057744860869422
159 , 1800 , 0.42541996016387756,1.1990655520069047
159 , 1850 , 0.56570994773853278,0.25584642999924245
159 , 1900 , 0.35027125260581399,1.9628925093273415
159 , 1950 , 0.36026528810630715,0.26957469439246012
159 , 2000 , 0.54085004076353793,0.29108881629250966
160 , 1050 , 0.063950214956785101,0.33150250114122809
160 , 1100 , 0.069380187616561256,0.302858919163072
160 , 1150 , 0.1280500917978255,0.23330377174994943
160 , 1200 , 0.10132910815355267,0.20572428342022347
160 , 1250 , 0.1598045459924039,1.3038338961999572
160 , 1300 , 0.15905999132782864,1.4405178896714681
160 , 1350 , 0.19967735419083987,2.3088470428075021
160 , 1400 , 0.0,0.41727133213660006
160 , 1450 , 0.098000209818550177,1.0530699072944949
160 , 1500 , 0.0,1.011211683467391
160 , 1550 , 0.0,0.60778690176912054
160 , 1600 , 0.0,0.33758169707796887
160 , 1650 , 0.0,0.37680451773079265
160 , 1700 , 0.0,0.80640105619466895
160 , 1750 , 0.0,0.5990900905942228
160 , 1800 , 0.36689406873319436,0.59057816739917213
160 , 1850 , 0.28980362335303866,1.7226081636449297
160 , 1900 , 0.0,0.19098911463245943
160 , 1950 , 0.35994021065993892,0.45335299929195233
160 , 2000 , 0.96572757981363566,1.9451527386345997
161 , 1300 , 0.0,0.0
161 , 1350 , 0.0,0.0
161 , 1400 , 0.0,0.0
161 , 1450 , 0.0,0.0
161 , 1800 , 0.0,0.0
161 , 1850 , 0.0,0.0
163 , 1050 , 0.62264746432167029,0.68937146051305309
163 , 1100 , 1.0362306994905963,0.34887091226680272
163 , 1150 , 0.86759945947842232,0.79991355145374998
163 , 1200 , 1.5073489338966246,0.26681134499547654
163 , 1250 , 1.5274734860329757,0.59041096205999255
163 , 1300 , 1.3725850749706425,0.42641699554187068
163 , 1350 , 1.4135873230844691,0.30022713264059175
163 , 1400 , 1.6161655090437759,3.2621685005233036
163 , 1450 , 1.1694257306736622,0.4167343772739458
163 , 1500 , 0.93083839473856378,0.2994365880050292
163 , 1550 , 1.2209821163618548,0.29414196196284487
163 , 1600 , 1.3167316367532707,0.37797144060720161
163 , 1650 , 1.2872998248658449,0.35169608314882556
163 , 1700 , 1.3561724877090646,0.36304415481144203
163 , 1750 , 1.6389512322411406,0.23048756496117004
163 , 1800 , 1.1850416023839476,0.24362915871762642
163 , 1850 , 0.78907929942777044,1.2123270211401362
163 , 1900 , 0.78825403790250737,0.35336978134002506
163 , 1950 , 0.83497612516078601,0.2637633237221495
163 , 2000 , 0.52843354419564348,1.9213249192514461
164 , 1300 , 0.0,0.0
164 , 1350 , 0.0,0.0
164 , 1550 , 0.0,0.28906482631788355
164 , 1600 , 0.0,0.0
166 , 2000 , 0.0,0.0
176 , 1050 , 0.076058963332419904,0.88349655250374792
176 , 1100 , 0.041213470514395611,0.4259121840819981
176 , 1150 , 1.0317323395666764e-30,0.56345624114401061
176 , 1200 , 0.0,0.73896843800200718
176 , 1250 , 0.03550838347268219,0.68290038827985144
176 , 1300 , 0.087031565133711367,0.3099633392881655
176 , 1350 , 0.12401792950845039,0.43244273966057589
176 , 1400 , 0.0,0.45462110611745127
176 , 1450 , 0.0,0.37681571294423577
176 , 1500 , 0.10960417585579936,0.36288762519293355
176 , 1550 , 0.06272704362772695,0.30889743760012944
176 , 1600 , 0.24374884568751951,0.72850572423071669
176 , 1650 , 0.10960417585579936,0.42261756230988312
176 , 1700 , 0.0,0.371742978452416
176 , 1750 , 0.1276167542375399,0.74078011197101934
176 , 1800 , 0.0,0.50584457996430643
176 , 1850 , 0.0,1.0909500918041573
176 , 1900 , 0.1373256210985713,0.2960253630915059
176 , 1950 , 0.0,1.482119063591377
176 , 2000 , 0.22114571353220386,0.22196677455240674
177 , 1050 , 0.0,0.26814323535263673
177 , 1100 , 0.0,24.65705646492448
177 , 1150 , 0.0,0.32385698718930939
177 , 1200 , 0.0,0.30962476547153667
177 , 1250 , 0.0,19.753839100785743
177 , 1300 , 3.7885647007435294e-32,4.1181104854640109
177 , 1350 , 3.7885647007435294e-32,15.093452482718634
177 , 1400 , 3.7885647007435294e-32,11.073028537590758
177 , 1450 , 0.0,0.22360952832918682
177 , 1500 , 0.0,0.2464601986266102
177 , 1550 , 0.0,0.27422793024138492
177 , 1600 , 0.0,5.2464264149513378
177 , 1650 , 0.0,0.3436438121618865
177 , 1700 , 0.0,6.2102180372807476
177 , 1750 , 0.0,0.74282276150042081
177 , 1800 , 0.0,0.28596705411317003
177 , 1850 , 0.0,7.7249156632993961
177 , 1900 , 0.0,3.9507343036281517
177 , 1950 , 0.0,0.29256186169021292
177 , 2000 , 0.0,7.1238945382849659
178 , 1700 , 0.0,0.0
179 , 1050 , 0.71768865069090348,0.37623240808600039
179 , 1100 , 0.56845244089204272,0.75420934479142177
179 , 1150 , 0.44884140622770713,0.66251657747781245
179 , 1200 , 0.31991049096464996,0.36104646804778306
179 , 1250 , 0.22625371360566676,0.37111416403380648
179 , 1300 , 0.20690468172910456,0.26233202685229229
179 , 1350 , 0.2842399787456471,0.8519503926191645
179 , 1400 , 0.16631165953394059,0.3296547164419199
179 , 1450 , 0.32946996281726249,0.30227170259141878
179 , 1500 , 0.2436137754538516,0.9143620289555906
179 , 1550 , 0.13794128615338569,0.35419547065311596
179 , 1600 , 0.2278693619146536,0.23389046106518338
179 , 1650 , 0.2896764223301318,0.29674938518229987
179 , 1700 , 0.35001130410054637,0.28654333030988499
179 , 1750 , 0.56513146984702312,3.0256988381350847
179 , 1800 , 0.54416997742919648,0.2214635113159801
179 , 1850 , 0.63119522486111512,0.32314961232146816
179 , 1900 , 0.63525921670764951,0.25477859399509367
179 , 1950 , 0.58822332688440149,0.32217484537541313
179 , 2000 , 0.55178484367798286,2.6381054822439349
181 , 1050 , 0.85710314669401033,0.42970277628729919
181 , 1100 , 0.72514381430561581,0.43931675280762794
181 , 1150 , 0.5876188884893343,0.48277530141643715
181 , 1200 , 1.3840276729120085,1.3202167558024407
181 , 1250 , 0.37661015013053939,5.945853145563702
181 , 1300 , 1.0503929786478565,7.446449738693377
181 , 1350 , 0.0,0.44856174138132199
181 , 1400 , 1.3241631023346065,0.39063595495085524
181 , 1450 , 1.7387568733936767,0.40422474215032195
182 , 1200 , 0.0,0.0
183 , 1050 , 0.0,0.0
183 , 1100 , 0.0,0.0
186 , 1050 , 0.13411129049325182,0.16982201836023675
186 , 1100 , 0.23852912773397972,9.8899334334817244
186 , 1150 , 0.0,0.49369418874421761
186 , 1200 , 0.055231549394007193,0.27827523924738318
186 , 1250 , 0.044609893631842777,0.31206331989258357
186 , 1300 , 0.0,0.35501461115304017
186 , 1350 , 0.0,0.26302346252914155
186 , 1400 , 0.0,2.8739985944956534
186 , 1450 , 0.17202742841464272,0.9670616576343164
186 , 1500 , 0.060559126073010651,0.36722891124776513
186 , 1550 , 0.0,0.125
186 , 1600 , 0.23648166524505845,0.7065349684244413
186 , 1650 , 0.0,0.0
186 , 1700 , 0.0,0.7474494206514567
186 , 1750 , 0.10934786030311747,0.55024095909949899
186 , 1800 , 0.0,0.49667054677013911
186 , 1850 , 0.0,0.90784849283443458
186 , 1900 , 0.39082501929841162,0.38992971793639103
186 , 1950 , 4.2540082246009785,0.39657078395141626
186 , 2000 , 0.0,0.43141602691327446
187 , 1050 , 0.0,0.33277240904665156
187 , 1100 , 0.0,0.3429863863392742
187 , 1150 , 0.0,0.19036669124583069
187 , 1200 , 0.0,0.48168279220210458
187 , 1250 , 0.0,0.54487149033373261
187 , 1300 , 0.0,3.8443904199510457
187 , 1350 , 0.0,3.1404431599644416
187 , 1400 , 0.0,3.0080950210319268
187 , 1450 , 0.0,4.6742941773334428
187 , 1500 , 0.0,0.41183521385658201
187 , 1550 , 0.0,0.45145798034652113
187 , 1600 , 0.0,0.24243976584702503
187 , 1650 , 5.4884808364341806,0.40881272961951048
188 , 1050 , 1.1311885333019021,0.72256966887513951
188 , 1100 , 1.1748389091667324,0.68014886418521836
188 , 1150 , 1.2951329087235088,1.1413921442257882
188 , 1200 , 0.39983526368124594,0.28749949281955628
188 , 1250 , 0.38407614785613919,0.93604027135785373
188 , 1300 , 0.23583693138097508,0.29965634311871575
188 , 1350 , 0.36586363456422161,2.0752646215748616
188 , 1400 , 0.58086134044298632,0.40980105767305158
188 , 1450 , 0.24198326925540958,0.83658386125699347
188 , 1500 , 0.36593218900743424,0.85365403269806728
188 , 1550 , 0.22398152686483894,0.38436806669298218
188 , 1600 , 0.0,0.27652052313554448
188 , 1650 , 0.13759528867117821,0.37345221527143652
188 , 1700 , 0.0,0.44221289726796564
188 , 1750 , 0.1235706552496238,0.71977881736097504
188 , 1800 , 0.24800197688441333,0.40453004918765961
188 , 1850 , 0.0,0.35954771628359394
188 , 1900 , 0.25160362101149047,1.9722305585310957
188 , 1950 , 0.27480891437543259,1.2014503409863091
188 , 2000 , 0.23296350199285942,2.1095713495564028
191 , 1050 , 0.48697189111611638,1.5402289509768554
191 , 1100 , 0.48245333228777981,0.51673094040257461
191 , 1150 , 0.47356495654791614,0.48873016792237578
191 , 1200 , 0.43928815513815467,0.35373281360312786
191 , 1250 , 0.50115072180111664,6.6752709979369893
191 , 1300 , 0.58578792363792798,0.3842994907416476
191 , 1350 , 0.40602611514294018,0.3588502031846228
191 , 1400 , 0.66290422052481679,0.78085499145154291
191 , 1450 , 0.65967422109718576,0.3288852566321695
191 , 1500 , 0.67436922001020416,0.33977979111488205
191 , 1550 , 0.72463273162442265,1.2797033771678812
191 , 1600 , 0.61631278572459092,23.514762157679428
191 , 1650 , 0.41748863648684809,0.13291576594183249
191 , 1700 , 0.44831944621593917,0.14173777012358812
191 , 1750 , 0.49170755838965297,0.14240211088697474
191 , 1800 , 0.52997745895455206,0.14955506186452797
191 , 1850 , 0.5716894277819039,57.183942240668451
191 , 1900 , 0.61720739845359784,0.15909880786929625
191 , 1950 , 0.66691783261236459,75.899088759125874
191 , 2000 , 0.72121923733321214,0.089335419149639536
192 , 1050 , 1.1152395215649467,0.31752412384520368
192 , 1100 , 1.1032194788071477,0.33333333333334481
192 , 1150 , 2.8837076064053475,0.25595802480981483
192 , 1200 , 5.8900517525325844,0.20801459767650979
193 , 1050 , 0.15038605041760025,0.35860781449796036
193 , 1100 , 0.045294277897546059,0.1880956621760487
193 , 1150 , 0.0,0.31064561831616067
193 , 1200 , 0.075918969762710287,0.29187488317054455
193 , 1250 , 0.06620677009845824,0.81550781781957082
193 , 1300 , 0.046242388581053881,2.6755027112440319
193 , 1350 , 0.0,0.21858559640078662
193 , 1400 , 0.0,73.819632357762899
193 , 1450 , 0.0,0.13889520968509125
193 , 1500 , 0.0,0.13095354377826707
193 , 1600 , 0.0,0.0
193 , 1650 , 0.0,0.0
193 , 1700 , 0.0,0.0
193 , 1800 , 0.0,0.0
193 , 1850 , 0.0,0.0
193 , 1950 , 0.0,0.11453023265404645
194 , 1050 , 3.0593934961912508,0.20928042205791944
194 , 1100 , 1.6641470265519267,0.29561336224405405
194 , 1150 , 0.0,1.2742239614196091
195 , 1950 , 0.0,0.0
195 , 2000 , 0.068168832063425971,0.12094287773048555
196 , 1050 , 0.24386977970741869,0.85998636052834698
196 , 1100 , 0.15120759676968989,1.2220229589176601
196 , 1150 , 0.50218081217789645,0.58976909229560837
196 , 1200 , 0.45800766313068031,0.53741046076095866
196 , 1250 , 0.50218081217789645,1.3048736636760287
196 , 1300 , 0.51488291279629395,0.54344222348264093
196 , 1350 , 0.47054827433626095,1.0715922673840259
196 , 1400 , 0.45282725271124308,0.56946239797504916
196 , 1450 , 0.47054827433626095,0.64195158596938373
196 , 1500 , 0.55172115603561278,0.69916740625309282
196 , 1550 , 0.51488291279629395,0.81054410534463184
196 , 1600 , 0.51488291279629395,0.97786035682883354
196 , 1650 , 0.55172115603561278,1.5860517550784661
196 , 1700 , 0.55172115603561278,1.6410645970196076
196 , 1750 , 1.6908851587097464,0.63718782948324348
196 , 1800 , 0.62405540220737143,0.34316509707664922
196 , 1850 , 0.65668110987983175,0.63764871433834525
196 , 1900 , 0.65668110987983175,1.5024636849047535
196 , 1950 , 0.64980307928160663,0.69439431698367582
196 , 2000 , 0.70190387716596458,0.81947012538105524
201 , 1050 , 0.5,2.4306381581103649
201 , 1100 , 0.0,3.6344088921707245
201 , 1150 , 0.0,0.2378445882733132
201 , 1200 , 0.0,6.3928463553997918
201 , 1250 , 0.0,10.740053666281351
202 , 1050 , 0.54520271777551399,0.26003586749527563
202 , 1100 , 0.0,0.63092975357144965
202 , 1300 , 0.0,0.0
202 , 1350 , 0.0,0.0
202 , 1550 , 0.0,0.0
202 , 1650 , 0.0,0.0
202 , 1700 , 0.0,0.0
203 , 1050 , 1.2396520912180737,1.0
203 , 1100 , 1.6580856324122946,1.0
203 , 1150 , 2.2618605759732633,1.0
204 , 1050 , 1.4864819729508993,0.37909072192506915
204 , 1100 , 1.5689162943621893,0.52920346651696848
204 , 1150 , 1.4853054462204529,0.56922241445377753
204 , 1200 , 1.2987842426483494,0.25170545304723474
204 , 1250 , 1.3210215983232427,0.56570064859775404
